Hour,VMT (Veh-Miles),VHT (Veh-Hours),# Lane Points,% Observed
3/6/2023 0:00,"4,730,945.90","71,292.80",430583,55.00
3/6/2023 1:00,"3,539,705.60","53,661.00",430728,55.00
3/6/2023 2:00,"3,303,421.80","50,292.40",430476,54.90
3/6/2023 3:00,"4,293,866.20","65,046.60",430728,54.90
3/6/2023 4:00,"7,919,316.80","119,801.60",430728,54.80
3/6/2023 5:00,"14,305,114.10","221,152.50",430728,54.70
3/6/2023 6:00,"19,642,311.80","333,536.50",430728,54.70
3/6/2023 7:00,"23,449,968.60","434,461.00",430728,54.90
3/6/2023 8:00,"22,889,489.10","436,656.70",430728,54.90
3/6/2023 9:00,"20,855,717.40","371,195.20",430728,55.00
3/6/2023 10:00,"20,385,803.10","350,016.50",430728,55.00
3/6/2023 11:00,"20,795,127.80","350,584.50",430728,55.00
3/6/2023 12:00,"21,570,046.20","360,747.60",430728,55.00
3/6/2023 13:00,"22,414,257.40","376,227.90",430728,55.00
3/6/2023 14:00,"24,273,701.10","418,134.80",430728,55.00
3/6/2023 15:00,"25,237,757.40","461,938.20",430728,55.00
3/6/2023 16:00,"25,207,466.90","478,793.20",430728,55.00
3/6/2023 17:00,"24,489,409.70","465,298.70",430723,54.90
3/6/2023 18:00,"20,372,848.10","358,756.80",430728,54.90
3/6/2023 19:00,"16,213,976.40","259,268.90",430728,54.90
3/6/2023 20:00,"13,194,221.00","204,051.40",430728,55.00
3/6/2023 21:00,"11,124,482.50","168,593.00",430728,55.00
3/6/2023 22:00,"8,643,841.90","131,148.00",430728,55.00
3/6/2023 23:00,"6,162,652.90","93,756.00",430476,55.00
3/7/2023 0:00,"4,355,838.90","66,104.20",430608,53.60
3/7/2023 1:00,"3,377,001.90","51,720.60",430476,55.40
3/7/2023 2:00,"3,296,908.10","50,510.40",430728,55.30
3/7/2023 3:00,"4,326,075.50","65,644.70",430728,55.20
3/7/2023 4:00,"7,971,581.80","119,600.80",430702,55.20
3/7/2023 5:00,"14,644,589.60","221,292.20",430728,55.10
3/7/2023 6:00,"20,309,752.60","349,395.80",430728,55.10
3/7/2023 7:00,"23,917,392.70","457,901.50",430728,55.30
3/7/2023 8:00,"23,164,586.50","467,741.50",430728,55.30
3/7/2023 9:00,"21,231,321.10","399,115.80",430728,55.20
3/7/2023 10:00,"20,549,156.40","357,913.40",430728,54.20
3/7/2023 11:00,"20,579,040.90","347,073.80",430728,55.20
3/7/2023 12:00,"21,288,402.00","355,671.60",430728,55.10
3/7/2023 13:00,"22,262,297.80","374,714.50",430728,55.10
3/7/2023 14:00,"24,211,757.10","423,902.00",430728,55.10
3/7/2023 15:00,"25,159,672.80","479,022.10",430728,55.10
3/7/2023 16:00,"25,136,445.00","508,383.50",430728,55.10
3/7/2023 17:00,"24,590,850.60","509,090.20",430476,55.10
3/7/2023 18:00,"21,534,851.30","411,420.10",430728,55.00
3/7/2023 19:00,"17,424,639.20","289,294.90",430728,55.10
3/7/2023 20:00,"14,187,734.60","218,791.10",430728,55.10
3/7/2023 21:00,"11,787,486.80","176,868.90",430728,55.10
3/7/2023 22:00,"9,162,321.00","137,379.50",430655,55.10
3/7/2023 23:00,"6,463,686.90","97,513.10",430686,55.10
3/8/2023 0:00,"4,500,749.60","68,156.50",430644,55.20
3/8/2023 1:00,"3,482,952.10","53,315.20",430550,55.20
3/8/2023 2:00,"3,361,111.20","51,520.40",430497,55.20
3/8/2023 3:00,"4,335,508.30","65,800.90",430219,55.10
3/8/2023 4:00,"7,970,162.70","120,006.50",430471,55.00
3/8/2023 5:00,"14,603,577.90","222,210.80",430439,54.90
3/8/2023 6:00,"20,254,552.90","354,535.10",430429,54.90
3/8/2023 7:00,"23,931,488.20","465,276.70",430414,55.00
3/8/2023 8:00,"23,307,912.80","471,508.30",430450,55.10
3/8/2023 9:00,"21,491,376.30","403,615.20",430455,55.20
3/8/2023 10:00,"20,142,832.80","354,247.80",430440,55.00
3/8/2023 11:00,"20,853,965.10","355,851.70",430471,54.50
3/8/2023 12:00,"21,816,645.50","367,641.40",430223,51.10
3/8/2023 13:00,"22,869,282.10","388,130.20",430662,50.90
3/8/2023 14:00,"24,506,332.20","433,779.80",430644,51.00
3/8/2023 15:00,"25,318,352.40","486,615.70",430644,51.00
3/8/2023 16:00,"25,283,732.90","518,433.50",430392,51.00
3/8/2023 17:00,"24,733,799.00","519,061.50",430392,51.00
3/8/2023 18:00,"21,957,313.90","423,139.10",430371,50.90
3/8/2023 19:00,"18,080,476.70","304,061.30",430650,51.00
3/8/2023 20:00,"15,005,290.90","233,874.80",430392,51.00
3/8/2023 21:00,"12,615,415.80","189,732.10",430392,51.00
3/8/2023 22:00,"9,711,097.30","145,610.30",430644,51.00
3/8/2023 23:00,"6,711,991.90","100,938.40",430392,51.00
3/9/2023 0:00,"4,666,912.60","70,370.60",430309,51.20
3/9/2023 1:00,"3,568,135.30","54,260.80",430632,51.20
3/9/2023 2:00,"3,441,392.00","52,463.60",430632,51.20
3/9/2023 3:00,"4,431,499.40","67,071.50",430632,51.10
3/9/2023 4:00,"8,043,308.80","120,562.30",430638,51.00
3/9/2023 5:00,"14,776,935.50","222,129.60",430386,50.90
3/9/2023 6:00,"20,467,109.00","347,662.70",430380,50.80
3/9/2023 7:00,"24,397,864.90","452,945.50",430398,50.90
3/9/2023 8:00,"23,784,278.40","451,553.20",430638,51.00
3/9/2023 9:00,"21,803,170.50","396,377.50",430386,50.90
3/9/2023 10:00,"21,310,123.30","371,044.50",430638,50.90
3/9/2023 11:00,"21,556,334.10","368,403.30",430627,50.90
3/9/2023 12:00,"22,303,858.00","381,300.30",430638,50.90
3/9/2023 13:00,"23,179,113.20","405,145.70",430632,51.00
3/9/2023 14:00,"24,513,185.90","456,772.70",430632,51.00
3/9/2023 15:00,"24,990,865.50","507,871.30",430632,51.00
3/9/2023 16:00,"24,864,416.10","532,137.40",430632,50.90
3/9/2023 17:00,"24,148,943.80","532,225.50",430632,50.80
3/9/2023 18:00,"21,397,785.90","429,417.90",430632,50.80
3/9/2023 19:00,"18,158,796.20","321,446.70",430638,50.80
3/9/2023 20:00,"15,428,765.10","254,184.90",430644,50.80
3/9/2023 21:00,"13,226,643.60","207,728.60",430632,50.80
3/9/2023 22:00,"10,527,901.80","164,689.50",430632,50.80
3/9/2023 23:00,"7,673,858.80","121,111.10",430632,50.80
3/10/2023 0:00,"4,972,290.30","75,432.60",430537,55.90
3/10/2023 1:00,"3,861,346.40","58,941.60",430626,55.90
3/10/2023 2:00,"3,645,753.40","55,718.40",430878,55.80
3/10/2023 3:00,"4,390,662.10","66,932.10",430878,55.90
3/10/2023 4:00,"7,423,810.70","112,762.60",430872,55.80
3/10/2023 5:00,"13,008,220.60","198,087.30",430878,55.60
3/10/2023 6:00,"17,999,777.90","299,607.10",430872,55.50
3/10/2023 7:00,"22,025,378.70","392,051.80",430878,55.60
3/10/2023 8:00,"21,921,153.00","398,845.80",430872,55.70
3/10/2023 9:00,"20,630,577.90","362,159.20",430867,55.70
3/10/2023 10:00,"20,746,687.90","362,385.90",430872,55.50
3/10/2023 11:00,"21,644,622.90","378,123.00",430872,55.60
3/10/2023 12:00,"22,331,978.10","398,105.20",430872,55.50
3/10/2023 13:00,"23,052,225.30","425,968.00",430615,55.50
3/10/2023 14:00,"23,813,236.20","473,316.70",430872,55.60
3/10/2023 15:00,"23,935,290.50","510,975.00",430872,55.50
3/10/2023 16:00,"23,796,784.60","512,872.60",430873,55.50
3/10/2023 17:00,"23,403,827.90","493,696.30",430872,55.40
3/10/2023 18:00,"21,348,180.40","407,082.60",430872,55.40
3/10/2023 19:00,"18,506,679.80","312,416.30",430620,55.50
3/10/2023 20:00,"15,707,141.30","247,948.60",430872,55.40
3/10/2023 21:00,"13,816,459.90","211,282.50",430872,55.30
3/10/2023 22:00,"11,661,714.30","177,011.20",430872,55.40
3/10/2023 23:00,"8,802,417.60","133,885.10",430878,55.40
3/11/2023 0:00,"6,318,427.50","96,232.00",430916,56.10
3/11/2023 1:00,"4,691,206.10","71,500.70",431028,56.10
3/11/2023 2:00,"4,021,269.00","61,275.30",431028,56.10
3/11/2023 3:00,"3,709,229.70","56,883.30",431028,56.00
3/11/2023 4:00,"4,450,231.40","67,816.20",430968,55.90
3/11/2023 5:00,"6,483,866.60","98,068.80",430962,55.90
3/11/2023 6:00,"9,788,944.30","148,907.20",430968,55.80
3/11/2023 7:00,"13,576,411.90","208,563.80",430956,55.90
3/11/2023 8:00,"16,992,790.50","263,860.30",430968,56.00
3/11/2023 9:00,"20,017,811.10","315,951.60",430956,55.90
3/11/2023 10:00,"22,041,308.40","357,066.40",430962,56.00
3/11/2023 11:00,"23,003,591.50","382,756.60",430962,56.00
3/11/2023 12:00,"23,360,518.90","396,381.60",430956,56.00
3/11/2023 13:00,"23,463,837.40","399,472.30",430956,56.00
3/11/2023 14:00,"23,541,168.70","397,139.60",430956,56.00
3/11/2023 15:00,"23,387,174.10","392,496.60",430956,56.00
3/11/2023 16:00,"22,899,709.70","381,020.00",430956,56.00
3/11/2023 17:00,"21,876,198.50","359,899.10",430956,56.00
3/11/2023 18:00,"20,146,657.50","327,786.90",430956,56.00
3/11/2023 19:00,"17,280,620.90","271,792.90",430956,55.90
3/11/2023 20:00,"15,243,957.00","234,784.50",430956,56.00
3/11/2023 21:00,"14,232,828.60","213,922.00",430956,56.00
3/11/2023 22:00,"12,625,694.10","189,690.00",430962,56.00
3/11/2023 23:00,"9,748,256.30","146,682.80",430704,55.90
3/12/2023 0:00,"6,859,898.50","102,864.50",431103,56.00
3/12/2023 1:00,"4,903,423.40","73,769.10",431208,56.00
3/12/2023 3:00,"3,998,133.10","60,240.70",431214,56.00
3/12/2023 4:00,"3,797,094.00","57,265.90",431214,56.00
3/12/2023 5:00,"4,593,674.90","69,138.00",431214,56.00
3/12/2023 6:00,"6,418,317.20","96,897.60",431214,55.90
3/12/2023 7:00,"8,413,264.20","126,890.20",431208,55.80
3/12/2023 8:00,"11,427,046.20","173,260.40",431220,55.90
3/12/2023 9:00,"15,306,085.70","235,349.70",431214,56.00
3/12/2023 10:00,"18,705,705.20","292,115.20",431232,56.00
3/12/2023 11:00,"20,972,337.70","333,710.80",431220,56.10
3/12/2023 12:00,"22,548,349.50","366,497.00",431208,56.00
3/12/2023 13:00,"23,055,834.00","381,523.90",431238,56.00
3/12/2023 14:00,"23,141,445.60","384,056.70",431220,55.90
3/12/2023 15:00,"22,861,702.10","380,012.00",431208,55.60
3/12/2023 16:00,"22,303,599.90","366,390.30",430962,55.90
3/12/2023 17:00,"21,401,161.60","345,751.10",431208,56.00
3/12/2023 18:00,"19,758,639.30","314,482.60",430962,56.00
3/12/2023 19:00,"17,960,895.60","287,922.60",431214,56.00
3/12/2023 20:00,"16,243,116.80","259,343.90",430935,55.90
3/12/2023 21:00,"14,148,892.80","215,033.00",431193,55.90
3/12/2023 22:00,"10,887,227.10","163,093.80",431214,55.90
3/12/2023 23:00,"7,440,297.10","111,783.10",430956,56.00
3/13/2023 0:00,"4,977,465.70","74,810.70",431093,55.70
3/13/2023 1:00,"3,647,405.10","55,201.50",431214,55.80
3/13/2023 2:00,"3,358,248.90","51,004.90",431208,55.80
3/13/2023 3:00,"4,318,038.20","65,132.70",431208,55.70
3/13/2023 4:00,"7,810,755.70","117,513.60",431208,55.60
3/13/2023 5:00,"13,972,716.90","213,868.40",431214,55.50
3/13/2023 6:00,"18,762,484.60","318,395.90",431214,55.50
3/13/2023 7:00,"22,851,620.00","410,729.70",431208,55.50
3/13/2023 8:00,"22,596,215.70","408,057.50",431214,55.60
3/13/2023 9:00,"20,595,629.90","354,375.00",431214,55.70
3/13/2023 10:00,"20,180,193.40","340,105.70",431208,55.70
3/13/2023 11:00,"20,624,322.20","346,040.50",431214,55.70
3/13/2023 12:00,"21,515,263.90","361,439.30",431203,55.70
3/13/2023 13:00,"22,385,727.90","377,700.40",431208,55.70
3/13/2023 14:00,"24,048,434.60","417,643.60",431208,55.70
3/13/2023 15:00,"24,976,578.80","464,065.30",431208,55.70
3/13/2023 16:00,"24,957,819.10","484,714.40",431214,55.70
3/13/2023 17:00,"24,548,788.90","472,733.20",431208,55.70
3/13/2023 18:00,"20,995,106.50","362,379.40",431208,55.70
3/13/2023 19:00,"17,067,056.50","271,468.60",431208,55.70
3/13/2023 20:00,"14,074,558.40","217,387.90",431208,55.70
3/13/2023 21:00,"11,745,775.30","177,280.90",431208,55.50
3/13/2023 22:00,"9,235,705.80","139,074.40",431208,55.70
3/13/2023 23:00,"6,569,068.20","99,278.70",430956,55.70
3/14/2023 0:00,"4,611,615.70","69,763.20",431089,56.20
3/14/2023 1:00,"3,568,891.90","54,359.70",431208,56.20
3/14/2023 2:00,"3,382,310.20","51,609.10",431208,56.40
3/14/2023 3:00,"4,271,132.50","64,856.20",431208,56.30
3/14/2023 4:00,"7,613,506.80","114,820.00",431208,56.20
3/14/2023 5:00,"13,686,336.80","206,876.80",431208,56.20
3/14/2023 6:00,"18,519,612.80","318,093.50",431214,56.20
3/14/2023 7:00,"22,505,473.10","422,135.00",431214,56.10
3/14/2023 8:00,"22,008,194.70","426,079.70",431208,56.10
3/14/2023 9:00,"19,976,821.30","362,650.70",431208,56.20
3/14/2023 10:00,"19,076,342.00","329,837.40",431214,56.10
3/14/2023 11:00,"19,033,775.90","329,287.00",431214,56.00
3/14/2023 12:00,"19,623,730.80","341,583.60",431208,56.10
3/14/2023 13:00,"20,352,080.10","359,433.90",431220,56.10
3/14/2023 14:00,"21,783,591.30","400,490.40",431208,56.10
3/14/2023 15:00,"22,645,406.10","442,845.70",431232,56.10
3/14/2023 16:00,"22,646,920.80","461,034.40",431250,56.00
3/14/2023 17:00,"22,423,203.80","459,465.20",431238,56.00
3/14/2023 18:00,"19,343,420.10","358,821.60",431256,55.20
3/14/2023 19:00,"15,675,848.50","263,279.40",431268,56.00
3/14/2023 20:00,"13,012,533.40","209,121.10",431274,55.80
3/14/2023 21:00,"11,124,012.70","171,623.10",431262,55.70
3/14/2023 22:00,"8,860,941.40","135,878.00",431262,55.80
3/14/2023 23:00,"6,434,463.90","99,102.10",431028,55.80
3/15/2023 0:00,"4,607,860.60","70,507.00",430995,55.90
3/15/2023 1:00,"3,510,832.80","54,104.80",431268,55.90
3/15/2023 2:00,"3,353,329.00","51,802.60",431280,55.80
3/15/2023 3:00,"4,283,975.50","66,147.20",431262,55.70
3/15/2023 4:00,"7,538,749.70","117,347.20",431286,55.60
3/15/2023 5:00,"13,598,257.10","212,861.30",431262,53.10
3/15/2023 6:00,"18,577,427.20","327,657.90",431254,53.10
3/15/2023 7:00,"22,674,012.80","434,327.40",431164,53.00
3/15/2023 8:00,"22,202,587.80","446,483.70",430997,53.10
3/15/2023 9:00,"20,551,446.00","385,586.00",430875,49.50
3/15/2023 10:00,"20,186,594.30","353,045.50",430785,38.70
3/15/2023 11:00,"20,479,899.50","349,697.00",430767,38.70
3/15/2023 12:00,"21,295,338.20","360,515.30",431011,47.30
3/15/2023 13:00,"22,084,030.30","373,842.00",430970,53.40
3/15/2023 14:00,"23,820,382.80","416,270.80",430724,48.80
3/15/2023 15:00,"24,945,945.10","458,974.30",430766,38.70
3/15/2023 16:00,"25,113,413.60","480,197.00",430735,38.70
3/15/2023 17:00,"24,642,724.70","476,931.80",430797,38.70
3/15/2023 18:00,"21,299,951.50","375,974.20",430725,38.60
3/15/2023 19:00,"17,425,873.40","278,949.60",430746,38.70
3/15/2023 20:00,"14,698,138.60","227,508.30",430751,38.50
3/15/2023 21:00,"12,498,855.10","187,254.60",430715,38.20
3/15/2023 22:00,"9,709,165.90","145,142.80",430756,38.00
3/15/2023 23:00,"6,737,083.60","100,837.60",430734,38.10
3/16/2023 0:00,"4,623,599.10","69,322.10",430816,38.60
3/16/2023 1:00,"3,479,943.80","52,634.80",430807,38.60
3/16/2023 2:00,"3,299,445.30","50,132.30",430786,38.50
3/16/2023 3:00,"4,260,347.00","64,241.50",430797,38.40
3/16/2023 4:00,"7,911,026.70","117,937.20",430786,38.20
3/16/2023 5:00,"14,499,454.30","218,211.40",430791,38.10
3/16/2023 6:00,"20,007,342.80","341,361.80",430881,38.20
3/16/2023 7:00,"23,970,250.30","443,391.10",430793,38.20
3/16/2023 8:00,"23,776,533.00","456,898.40",431021,45.70
3/16/2023 9:00,"21,912,121.90","403,683.00",431011,53.20
3/16/2023 10:00,"21,373,183.30","373,439.60",431002,53.20
3/16/2023 11:00,"21,541,975.50","367,003.50",430813,49.50
3/16/2023 12:00,"22,474,011.30","379,221.60",430801,38.50
3/16/2023 13:00,"23,473,403.90","398,107.80",431016,39.70
3/16/2023 14:00,"24,878,692.00","447,833.40",431041,53.10
3/16/2023 15:00,"25,600,745.20","502,749.50",431015,53.10
3/16/2023 16:00,"25,564,718.10","532,555.20",431084,53.10
3/16/2023 17:00,"25,176,449.40","532,154.80",431026,53.00
3/16/2023 18:00,"22,572,181.40","429,314.30",431046,53.10
3/16/2023 19:00,"19,352,179.50","324,536.50",431052,53.00
3/16/2023 20:00,"16,576,996.50","260,440.70",431035,53.00
3/16/2023 21:00,"14,082,215.60","212,555.20",431000,52.90
3/16/2023 22:00,"11,005,830.30","164,981.20",431016,52.90
3/16/2023 23:00,"7,657,866.80","115,224.80",430748,52.90
3/17/2023 0:00,"5,297,080.70","79,927.20",431147,53.20
3/17/2023 1:00,"4,009,494.10","60,745.50",431103,53.20
3/17/2023 2:00,"3,754,749.80","57,037.10",431146,53.20
3/17/2023 3:00,"4,511,483.40","68,165.10",431146,53.20
3/17/2023 4:00,"7,756,463.20","116,249.30",431144,52.70
3/17/2023 5:00,"13,799,766.90","207,346.90",431160,52.60
3/17/2023 6:00,"17,665,967.10","289,624.90",431212,52.90
3/17/2023 7:00,"19,281,888.50","330,296.50",431113,53.10
3/17/2023 8:00,"22,439,905.20","391,079.10",431140,53.20
3/17/2023 9:00,"21,819,302.20","372,129.90",431160,53.40
3/17/2023 10:00,"22,044,235.30","375,304.40",431140,53.40
3/17/2023 11:00,"23,117,822.10","395,914.70",431134,53.40
3/17/2023 12:00,"24,032,485.00","419,550.40",431170,53.40
3/17/2023 13:00,"24,846,864.20","446,439.20",431133,53.40
3/17/2023 14:00,"25,976,470.40","494,435.20",431139,53.40
3/17/2023 15:00,"26,186,532.90","533,085.80",431144,53.40
3/17/2023 16:00,"25,911,427.30","538,999.80",431118,53.40
3/17/2023 17:00,"25,602,497.10","514,527.10",431129,53.30
3/17/2023 18:00,"23,508,904.90","421,953.10",431154,53.30
3/17/2023 19:00,"20,659,358.80","336,918.30",431123,53.30
3/17/2023 20:00,"18,063,645.40","280,712.00",431145,53.30
3/17/2023 21:00,"15,786,631.70","236,672.50",431118,53.20
3/17/2023 22:00,"13,139,126.40","197,152.70",431103,53.30
3/17/2023 23:00,"9,755,352.60","146,514.80",430883,53.30
3/18/2023 0:00,"6,924,553.60","103,748.00",431124,53.80
3/18/2023 1:00,"5,137,683.30","77,147.40",431093,53.90
3/18/2023 2:00,"4,415,459.40","66,321.00",431155,53.90
3/18/2023 3:00,"3,992,558.40","60,222.60",431149,53.90
3/18/2023 4:00,"4,742,873.40","71,346.30",431135,53.80
3/18/2023 5:00,"7,062,562.70","105,582.90",430846,53.70
3/18/2023 6:00,"10,674,357.30","161,856.60",431167,53.70
3/18/2023 7:00,"14,716,944.40","224,158.50",431165,53.80
3/18/2023 8:00,"18,445,833.10","283,347.80",431134,53.90
3/18/2023 9:00,"21,452,665.70","337,069.70",431129,53.80
3/18/2023 10:00,"23,417,213.20","384,467.20",431175,53.90
3/18/2023 11:00,"24,441,542.90","416,530.90",431161,53.90
3/18/2023 12:00,"24,891,510.50","438,660.60",431149,53.90
3/18/2023 13:00,"24,927,999.90","448,363.30",431123,53.90
3/18/2023 14:00,"24,970,717.30","449,769.40",431149,53.90
3/18/2023 15:00,"24,808,262.10","447,728.30",431113,53.90
3/18/2023 16:00,"24,569,387.50","439,213.60",431170,53.90
3/18/2023 17:00,"23,921,217.00","415,205.60",431114,53.90
3/18/2023 18:00,"22,198,613.80","370,553.70",431118,53.80
3/18/2023 19:00,"19,547,533.80","313,045.10",431113,53.70
3/18/2023 20:00,"17,487,013.80","274,738.60",431140,53.70
3/18/2023 21:00,"16,054,003.20","245,007.80",431143,53.60
3/18/2023 22:00,"14,270,632.50","214,797.00",431169,53.70
3/18/2023 23:00,"10,733,055.80","160,047.40",431154,53.70
3/19/2023 0:00,"7,494,307.60","112,114.20",431211,53.70
3/19/2023 1:00,"5,217,129.40","78,591.20",431196,53.80
3/19/2023 2:00,"4,153,761.40","62,700.90",431169,53.80
3/19/2023 3:00,"3,386,466.20","51,370.00",430923,53.80
3/19/2023 4:00,"3,524,032.70","53,379.40",431204,53.80
3/19/2023 5:00,"4,663,487.40","70,342.60",430901,53.70
3/19/2023 6:00,"6,695,917.70","101,350.50",431190,53.70
3/19/2023 7:00,"8,984,198.40","135,764.50",431169,53.60
3/19/2023 8:00,"12,266,069.50","186,111.00",431175,53.70
3/19/2023 9:00,"16,484,429.50","253,568.60",431180,53.70
3/19/2023 10:00,"19,957,447.00","313,532.20",431148,53.80
3/19/2023 11:00,"22,066,879.60","356,322.20",431148,53.80
3/19/2023 12:00,"23,454,632.80","387,923.80",431175,53.80
3/19/2023 13:00,"23,790,927.00","403,691.30",431154,53.80
3/19/2023 14:00,"23,599,354.30","406,293.20",431154,53.60
3/19/2023 15:00,"23,288,542.80","398,810.50",431148,53.80
3/19/2023 16:00,"22,885,856.90","384,475.50",431149,53.90
3/19/2023 17:00,"21,824,993.70","358,010.40",431154,53.80
3/19/2023 18:00,"20,132,132.10","324,340.00",431169,53.70
3/19/2023 19:00,"17,942,104.40","288,943.10",431169,53.60
3/19/2023 20:00,"16,137,144.90","259,544.50",431217,53.60
3/19/2023 21:00,"13,750,599.90","210,751.30",431154,53.60
3/19/2023 22:00,"10,579,272.00","159,973.10",431166,53.60
3/19/2023 23:00,"7,183,633.10","108,279.40",431165,53.50
3/20/2023 0:00,"4,821,064.00","73,046.50",431175,53.60
3/20/2023 1:00,"3,568,042.90","54,406.00",431196,53.60
3/20/2023 2:00,"3,336,598.40","50,862.90",431165,53.50
3/20/2023 3:00,"4,331,650.20","65,782.40",431165,53.50
3/20/2023 4:00,"7,809,542.90","118,628.30",430917,53.40
3/20/2023 5:00,"13,869,059.10","213,188.90",431175,53.30
3/20/2023 6:00,"18,783,592.80","323,135.90",431190,53.20
3/20/2023 7:00,"22,639,336.70","418,499.60",431175,53.20
3/20/2023 8:00,"22,464,733.70","423,309.10",431196,53.30
3/20/2023 9:00,"20,754,610.50","364,375.10",431169,53.40
3/20/2023 10:00,"20,450,962.20","346,204.00",431169,53.50
3/20/2023 11:00,"20,900,753.20","348,893.90",431148,53.40
3/20/2023 12:00,"21,755,504.40","360,003.20",431149,53.20
3/20/2023 13:00,"22,623,136.90","374,994.20",431148,53.40
3/20/2023 14:00,"24,315,481.20","412,651.20",431175,53.50
3/20/2023 15:00,"25,217,401.40","451,386.40",431169,53.50
3/20/2023 16:00,"25,213,398.20","462,678.50",431164,53.40
3/20/2023 17:00,"24,658,006.50","446,389.20",431154,53.50
3/20/2023 18:00,"20,611,756.00","341,377.50",431148,53.50
3/20/2023 19:00,"16,637,600.20","260,007.20",431154,53.50
3/20/2023 20:00,"13,928,496.80","215,475.60",431160,53.50
3/20/2023 21:00,"11,661,314.30","175,375.30",431154,53.50
3/20/2023 22:00,"9,011,762.70","135,035.30",431148,53.60
3/20/2023 23:00,"6,396,736.70","96,471.70",431174,53.60
3/21/2023 0:00,"4,454,460.70","67,586.60",430896,53.80
3/21/2023 1:00,"3,443,626.80","52,753.00",430809,53.80
3/21/2023 2:00,"3,299,698.10","50,668.50",430863,53.80
3/21/2023 3:00,"4,219,759.60","64,556.20",430872,53.70
3/21/2023 4:00,"7,392,038.80","113,411.00",430824,53.50
3/21/2023 5:00,"13,175,802.70","204,202.60",430815,53.40
3/21/2023 6:00,"17,915,168.40","312,963.90",430851,53.30
3/21/2023 7:00,"21,693,465.90","422,284.10",430821,53.40
3/21/2023 8:00,"21,166,947.10","441,504.90",430830,53.50
3/21/2023 9:00,"19,345,703.60","376,289.20",430836,53.30
3/21/2023 10:00,"18,645,886.30","335,112.70",430814,53.30
3/21/2023 11:00,"18,834,646.80","325,045.30",430820,53.50
3/21/2023 12:00,"19,719,096.60","332,709.50",430846,53.30
3/21/2023 13:00,"20,650,402.50","345,593.70",430820,53.30
3/21/2023 14:00,"22,307,415.90","384,792.50",430830,53.60
3/21/2023 15:00,"23,248,009.20","426,230.30",430809,53.50
3/21/2023 16:00,"22,949,959.10","446,242.10",430804,53.20
3/21/2023 17:00,"22,228,979.20","447,430.10",430815,53.00
3/21/2023 18:00,"18,912,205.00","348,436.90",430788,52.90
3/21/2023 19:00,"15,068,555.70","254,574.80",430788,53.10
3/21/2023 20:00,"12,838,226.10","208,448.90",430794,53.20
3/21/2023 21:00,"10,965,159.20","170,948.60",430794,53.20
3/21/2023 22:00,"8,832,763.90","135,066.30",430830,53.20
3/21/2023 23:00,"6,292,874.90","95,858.40",430856,53.20
3/22/2023 0:00,"4,436,192.80","67,393.30",430798,53.00
3/22/2023 1:00,"3,419,929.30","52,446.80",430835,52.60
3/22/2023 2:00,"3,314,310.50","50,938.20",430788,52.10
3/22/2023 3:00,"4,217,941.80","64,563.90",430819,52.10
3/22/2023 4:00,"7,467,484.10","113,245.40",430830,52.10
3/22/2023 5:00,"13,707,464.40","207,850.20",430794,52.00
3/22/2023 6:00,"18,731,755.20","323,027.20",430836,52.00
3/22/2023 7:00,"22,848,701.10","429,495.40",430893,52.40
3/22/2023 8:00,"22,412,583.30","435,985.00",430809,52.70
3/22/2023 9:00,"20,645,233.00","376,176.10",430798,52.80
3/22/2023 10:00,"20,170,423.30","348,924.80",430814,52.80
3/22/2023 11:00,"20,413,648.60","344,154.00",430835,52.80
3/22/2023 12:00,"21,302,914.70","355,264.60",430800,52.80
3/22/2023 13:00,"22,322,002.40","379,144.70",431112,51.90
3/22/2023 14:00,"23,817,867.10","420,894.80",431112,52.80
3/22/2023 15:00,"24,677,373.90","457,057.60",431112,52.80
3/22/2023 16:00,"24,835,088.30","481,400.10",431112,52.80
3/22/2023 17:00,"24,429,203.20","484,802.30",431112,52.80
3/22/2023 18:00,"21,105,359.70","381,036.30",431112,52.80
3/22/2023 19:00,"17,234,869.70","282,281.00",431058,52.90
3/22/2023 20:00,"14,580,054.80","230,169.60",431040,52.90
3/22/2023 21:00,"12,382,229.60","190,087.20",431040,53.00
3/22/2023 22:00,"9,724,516.20","146,755.50",431040,53.00
3/22/2023 23:00,"6,904,485.90","104,018.60",430794,53.00
3/23/2023 0:00,"4,771,209.00","72,057.50",430982,53.10
3/23/2023 1:00,"3,619,768.10","55,182.30",431052,53.20
3/23/2023 2:00,"3,452,920.90","52,814.80",431046,53.10
3/23/2023 3:00,"4,410,154.20","66,945.10",431046,53.00
3/23/2023 4:00,"7,954,196.40","119,568.20",431040,52.90
3/23/2023 5:00,"14,368,768.10","216,871.20",431046,52.80
3/23/2023 6:00,"19,673,700.60","336,613.20",431058,52.20
3/23/2023 7:00,"23,649,553.10","441,421.60",431112,52.70
3/23/2023 8:00,"23,202,315.70","450,657.90",431112,52.80
3/23/2023 9:00,"21,688,246.10","397,444.60",431112,52.90
3/23/2023 10:00,"21,125,961.20","369,651.50",431112,52.90
3/23/2023 11:00,"21,500,444.40","372,563.10",431112,53.00
3/23/2023 12:00,"22,467,810.30","386,383.00",431112,53.00
3/23/2023 13:00,"23,532,287.90","407,708.80",431112,53.10
3/23/2023 14:00,"25,123,487.60","454,305.30",431112,53.00
3/23/2023 15:00,"25,567,296.70","502,511.00",431112,53.00
3/23/2023 16:00,"25,503,783.70","527,484.00",431112,52.90
3/23/2023 17:00,"25,042,252.70","528,220.60",431112,53.00
3/23/2023 18:00,"22,294,828.90","424,666.20",431112,52.90
3/23/2023 19:00,"18,966,640.90","320,305.90",431064,52.90
3/23/2023 20:00,"16,264,174.10","259,146.10",431046,52.90
3/23/2023 21:00,"13,942,232.80","213,441.20",431040,52.80
3/23/2023 22:00,"10,964,067.60","165,314.40",431040,52.90
3/23/2023 23:00,"7,749,582.60","117,285.30",431040,52.90
3/24/2023 0:00,"5,313,932.70","80,231.20",430998,53.50
3/24/2023 1:00,"3,998,909.20","60,711.10",431046,53.50
3/24/2023 2:00,"3,707,431.80","56,336.00",431046,53.40
3/24/2023 3:00,"4,473,567.20","67,559.30",430788,53.30
3/24/2023 4:00,"7,697,897.50","115,025.20",431040,53.30
3/24/2023 5:00,"13,709,230.40","205,375.00",431040,53.30
3/24/2023 6:00,"19,018,729.60","310,435.90",431070,53.20
3/24/2023 7:00,"23,255,462.10","398,000.10",431112,53.30
3/24/2023 8:00,"23,148,459.80","406,906.80",431112,53.50
3/24/2023 9:00,"22,009,363.90","377,331.60",431112,53.60
3/24/2023 10:00,"22,393,302.50","382,959.60",431112,53.60
3/24/2023 11:00,"23,276,566.90","402,182.60",431112,53.60
3/24/2023 12:00,"24,260,218.90","427,690.10",431112,53.60
3/24/2023 13:00,"25,088,219.00","456,676.20",431112,53.60
3/24/2023 14:00,"25,956,956.10","505,903.60",431112,53.60
3/24/2023 15:00,"26,137,891.10","545,904.60",431112,53.20
3/24/2023 16:00,"25,874,733.50","553,980.30",431112,53.20
3/24/2023 17:00,"25,503,600.30","527,643.80",431112,53.60
3/24/2023 18:00,"23,457,170.70","436,360.20",431112,53.50
3/24/2023 19:00,"20,735,228.70","349,113.20",430830,53.50
3/24/2023 20:00,"18,105,452.10","289,261.20",431040,53.40
3/24/2023 21:00,"15,927,631.50","244,108.60",431046,53.50
3/24/2023 22:00,"13,393,357.50","202,112.50",431040,53.50
3/24/2023 23:00,"9,845,778.90","148,499.10",431040,53.40
3/25/2023 0:00,"6,818,154.20","102,588.20",430976,54.00
3/25/2023 1:00,"5,014,410.00","75,708.30",431052,54.00
3/25/2023 2:00,"4,356,509.00","65,919.90",431052,54.00
3/25/2023 3:00,"4,070,923.30","61,635.00",431046,53.90
3/25/2023 4:00,"4,882,573.90","73,508.70",431030,53.90
3/25/2023 5:00,"7,098,476.50","106,210.80",431040,53.80
3/25/2023 6:00,"10,844,969.60","164,599.50",431076,53.70
3/25/2023 7:00,"14,911,432.40","228,782.10",431112,53.80
3/25/2023 8:00,"18,640,332.30","288,129.50",431112,54.00
3/25/2023 9:00,"21,660,171.00","343,772.80",431112,54.10
3/25/2023 10:00,"23,621,259.70","388,541.10",431112,54.10
3/25/2023 11:00,"24,721,978.70","424,021.70",431112,54.10
3/25/2023 12:00,"25,127,292.20","443,307.90",431112,54.00
3/25/2023 13:00,"25,229,714.90","451,913.00",431112,54.00
3/25/2023 14:00,"24,867,229.30","452,008.00",431112,54.10
3/25/2023 15:00,"25,091,755.30","460,760.10",431112,54.10
3/25/2023 16:00,"24,823,472.10","455,091.20",431112,54.00
3/25/2023 17:00,"24,080,523.50","432,132.80",431112,54.10
3/25/2023 18:00,"22,432,577.70","384,010.60",431112,54.10
3/25/2023 19:00,"19,718,287.00","317,355.70",431082,54.00
3/25/2023 20:00,"17,471,193.30","272,559.40",431040,53.90
3/25/2023 21:00,"16,018,033.20","241,471.30",431046,53.90
3/25/2023 22:00,"14,318,059.10","215,117.80",431040,53.90
3/25/2023 23:00,"10,864,490.20","162,695.10",430788,53.90
3/26/2023 0:00,"7,435,598.70","110,843.40",431003,55.90
3/26/2023 1:00,"5,154,835.00","77,269.30",431082,55.90
3/26/2023 2:00,"4,193,989.60","63,308.00",431040,55.90
3/26/2023 3:00,"3,529,092.20","53,513.30",431040,55.90
3/26/2023 4:00,"3,597,396.00","54,186.80",431040,55.80
3/26/2023 5:00,"4,783,726.20","71,689.80",431024,55.80
3/26/2023 6:00,"7,046,680.50","105,307.70",431070,55.70
3/26/2023 7:00,"9,606,790.10","143,402.90",431112,55.80
3/26/2023 8:00,"13,175,851.10","197,450.00",431096,56.00
3/26/2023 9:00,"17,669,346.30","268,235.60",431096,56.00
3/26/2023 10:00,"21,451,942.80","333,523.80",431112,56.00
3/26/2023 11:00,"23,456,788.10","377,445.40",431112,56.00
3/26/2023 12:00,"24,357,153.50","406,551.90",431112,55.90
3/26/2023 13:00,"24,759,118.50","422,660.40",431112,56.00
3/26/2023 14:00,"24,958,637.20","428,701.70",431112,55.90
3/26/2023 15:00,"24,616,721.40","424,050.00",431112,56.00
3/26/2023 16:00,"24,173,193.10","410,118.70",431096,56.00
3/26/2023 17:00,"23,250,833.30","386,756.50",431096,55.90
3/26/2023 18:00,"21,400,097.60","347,619.30",431096,55.90
3/26/2023 19:00,"19,350,161.50","309,678.90",431018,55.90
3/26/2023 20:00,"17,617,251.40","279,389.10",430880,55.50
3/26/2023 21:00,"14,942,595.50","225,347.50",430896,53.60
3/26/2023 22:00,"11,214,727.70","167,088.70",430912,53.80
3/26/2023 23:00,"7,462,781.50","111,275.50",430666,53.90
3/27/2023 0:00,"4,949,681.50","74,200.60",430902,53.90
3/27/2023 1:00,"3,639,563.40","54,847.90",431020,53.90
3/27/2023 2:00,"3,348,587.70","50,656.40",431052,53.90
3/27/2023 3:00,"4,343,252.10","65,398.50",431052,53.90
3/27/2023 4:00,"7,957,914.50","118,893.40",431051,53.70
3/27/2023 5:00,"14,263,938.00","213,645.90",431096,53.60
3/27/2023 6:00,"19,424,719.90","326,213.20",431130,53.60
3/27/2023 7:00,"23,212,524.60","415,543.40",431112,53.80
3/27/2023 8:00,"22,830,429.10","416,543.00",431112,53.90
3/27/2023 9:00,"21,106,958.80","365,467.50",431096,53.90
3/27/2023 10:00,"20,917,354.60","354,044.10",431096,53.90
3/27/2023 11:00,"21,367,834.20","358,986.70",431064,53.00
3/27/2023 12:00,"22,084,270.30","369,711.80",431096,53.50
3/27/2023 13:00,"22,861,944.60","385,421.90",431112,53.50
3/27/2023 14:00,"24,471,174.60","427,489.20",431059,53.50
3/27/2023 15:00,"25,319,808.80","475,716.40",431080,53.50
3/27/2023 16:00,"25,362,776.80","494,357.10",431112,53.50
3/27/2023 17:00,"24,787,216.10","478,263.30",431112,53.40
3/27/2023 18:00,"21,247,845.60","367,354.90",431080,53.40
3/27/2023 19:00,"17,228,569.80","269,629.60",431082,53.50
3/27/2023 20:00,"14,245,372.30","219,109.30",431024,53.50
3/27/2023 21:00,"11,999,781.90","180,593.00",431025,53.50
3/27/2023 22:00,"9,387,030.80","140,984.30",431024,53.50
3/27/2023 23:00,"6,524,676.70","98,652.40",430746,53.50
3/28/2023 0:00,"4,554,397.70","68,994.10",430960,53.80
3/28/2023 1:00,"3,515,030.10","53,893.50",431040,53.80
3/28/2023 2:00,"3,351,367.90","51,451.40",431040,53.80
3/28/2023 3:00,"4,319,913.50","65,509.20",431040,53.70
3/28/2023 4:00,"7,858,122.50","117,658.70",431112,50.80
3/28/2023 5:00,"14,261,097.30","214,047.10",431166,45.50
3/28/2023 6:00,"19,614,954.00","330,860.70",431184,45.30
3/28/2023 7:00,"23,436,941.10","429,548.10",431184,45.30
3/28/2023 8:00,"22,905,684.60","435,398.80",431184,45.40
3/28/2023 9:00,"20,752,994.40","375,205.80",431184,45.50
3/28/2023 10:00,"20,094,386.10","353,127.20",431184,45.50
3/28/2023 11:00,"20,241,065.60","348,631.30",431184,45.50
3/28/2023 12:00,"20,942,728.60","359,379.70",431184,45.50
3/28/2023 13:00,"21,732,002.80","370,614.50",431184,34.00
3/28/2023 14:00,"23,488,537.30","415,584.60",431184,32.60
3/28/2023 15:00,"24,362,489.00","464,333.70",431184,32.60
3/28/2023 16:00,"24,418,856.70","487,372.30",431184,32.80
3/28/2023 17:00,"24,060,708.80","482,922.50",431184,32.80
3/28/2023 18:00,"20,677,270.40","374,057.10",431179,32.70
3/28/2023 19:00,"16,625,504.40","269,962.70",431184,32.80
3/28/2023 20:00,"13,879,161.50","216,831.60",431184,32.70
3/28/2023 21:00,"11,816,763.90","179,156.20",431016,29.80
3/28/2023 22:00,"9,335,483.20","140,803.00",431016,28.50
3/28/2023 23:00,"6,594,705.90","99,816.50",431016,28.70
3/29/2023 0:00,"4,417,713.90","66,354.90",431016,28.40
3/29/2023 1:00,"3,271,150.00","49,504.20",431016,28.40
3/29/2023 2:00,"3,096,967.80","46,977.80",431016,28.40
3/29/2023 3:00,"4,052,460.60","61,216.40",431016,28.60
3/29/2023 4:00,"7,561,440.40","113,764.10",431016,28.50
3/29/2023 5:00,"14,132,547.20","214,067.80",431016,28.50
3/29/2023 6:00,"19,587,973.60","336,973.60",431016,28.50
3/29/2023 7:00,"23,507,814.10","443,503.30",431016,28.50
3/29/2023 8:00,"22,975,572.90","450,022.20",431016,28.50
3/29/2023 9:00,"21,253,392.30","388,246.50",430797,28.60
3/29/2023 10:00,"20,656,865.40","355,807.50",430755,28.60
3/29/2023 11:00,"20,947,218.00","351,937.90",430729,28.60
3/29/2023 12:00,"21,792,947.90","362,883.60",430735,28.60
3/29/2023 13:00,"22,844,857.00","385,441.00",430776,28.60
3/29/2023 14:00,"24,578,791.00","429,298.60",430797,28.60
3/29/2023 15:00,"25,402,281.70","467,217.80",430754,28.60
3/29/2023 16:00,"25,544,077.80","487,527.20",430735,28.60
3/29/2023 17:00,"25,148,657.30","483,916.40",430777,28.60
3/29/2023 18:00,"21,729,959.10","376,458.60",430817,28.60
3/29/2023 19:00,"17,578,900.60","276,370.40",430704,28.60
3/29/2023 20:00,"14,778,790.60","226,529.50",430704,28.60
3/29/2023 21:00,"12,562,377.40","187,462.40",430657,28.60
3/29/2023 22:00,"9,670,241.00","144,231.30",430673,28.60
3/29/2023 23:00,"6,687,987.20","100,351.90",430669,28.60
3/30/2023 0:00,"4,536,651.50","68,417.40",430684,29.40
3/30/2023 1:00,"3,405,729.00","51,617.10",430727,29.40
3/30/2023 2:00,"3,228,751.10","49,134.90",430669,29.40
3/30/2023 3:00,"4,179,001.50","62,997.90",430657,29.40
3/30/2023 4:00,"7,881,093.90","117,626.90",431016,29.00
3/30/2023 5:00,"14,620,111.60","218,107.80",431011,29.00
3/30/2023 6:00,"20,227,868.40","340,401.80",431016,29.00
3/30/2023 7:00,"24,309,931.90","447,469.70",431016,29.00
3/30/2023 8:00,"24,174,011.10","461,177.10",431016,29.10
3/30/2023 9:00,"22,475,180.50","405,625.80",431016,29.10
3/30/2023 10:00,"22,065,135.60","379,871.30",431016,29.10
3/30/2023 11:00,"22,444,959.60","377,878.00",431016,29.10
3/30/2023 12:00,"23,259,761.80","389,814.20",431016,29.10
3/30/2023 13:00,"24,195,941.60","409,488.40",431016,29.10
3/30/2023 14:00,"25,857,577.50","458,365.20",431006,29.10
3/30/2023 15:00,"26,289,458.40","509,291.60",430768,29.40
3/30/2023 16:00,"26,267,804.70","540,139.60",430700,29.50
3/30/2023 17:00,"25,753,416.00","543,493.20",430659,29.50
3/30/2023 18:00,"23,017,190.10","434,719.90",430670,29.50
3/30/2023 19:00,"19,570,025.10","321,020.50",430655,29.40
3/30/2023 20:00,"16,620,954.60","258,010.90",430587,29.30
3/30/2023 21:00,"14,227,809.50","213,818.90",430638,29.40
3/30/2023 22:00,"11,276,050.20","168,657.90",430624,29.40
3/30/2023 23:00,"7,814,406.80","117,323.80",430633,29.40
3/31/2023 0:00,"5,113,001.30","76,331.30",431255,28.70
3/31/2023 1:00,"3,777,024.50","56,721.90",431271,29.00
3/31/2023 2:00,"3,487,434.80","52,487.40",431323,29.00
3/31/2023 3:00,"4,247,675.20","63,580.20",431496,28.90
3/31/2023 4:00,"7,646,859.40","113,439.70",431409,32.80
3/31/2023 5:00,"13,793,936.50","205,388.00",431409,39.40
3/31/2023 6:00,"19,337,942.60","311,198.10",431428,40.00
3/31/2023 7:00,"23,476,266.70","393,838.80",431480,40.10
3/31/2023 8:00,"23,466,740.90","401,033.30",431512,40.10
3/31/2023 9:00,"22,498,091.20","378,669.60",431490,40.10
3/31/2023 10:00,"22,989,601.50","388,585.10",431532,40.10
3/31/2023 11:00,"23,926,657.80","410,898.10",431506,40.10
3/31/2023 12:00,"24,636,169.30","432,241.90",431291,40.50
3/31/2023 13:00,"25,346,600.10","460,219.10",431266,52.50
3/31/2023 14:00,"26,144,184.70","502,049.00",431245,52.50
3/31/2023 15:00,"26,249,766.10","538,047.60",431276,52.30
3/31/2023 16:00,"25,784,981.30","531,858.40",431276,52.00
3/31/2023 17:00,"25,418,489.10","505,392.60",431296,52.60
3/31/2023 18:00,"23,470,545.70","420,177.70",431255,52.60
3/31/2023 19:00,"20,548,046.70","333,885.50",431297,52.60
3/31/2023 20:00,"17,996,684.30","280,388.20",431173,52.50
3/31/2023 21:00,"15,922,846.60","238,485.70",431193,52.50
3/31/2023 22:00,"13,265,844.00","197,978.60",431214,52.20
3/31/2023 23:00,"9,791,257.00","146,688.00",430958,52.50
4/1/2023 0:00,"6,832,752.30","102,443.40",431185,56.00
4/1/2023 1:00,"4,984,152.40","75,138.20",431225,56.00
4/1/2023 2:00,"4,237,382.40","64,012.60",431226,56.00
4/1/2023 3:00,"3,884,097.20","58,814.80",430978,55.90
4/1/2023 4:00,"4,718,565.80","71,179.00",431277,55.90
4/1/2023 5:00,"7,079,130.10","105,852.20",431224,55.80
4/1/2023 6:00,"10,859,446.50","163,710.90",431261,55.70
4/1/2023 7:00,"14,939,298.70","226,634.00",431245,55.90
4/1/2023 8:00,"18,741,680.70","288,027.20",431405,56.00
4/1/2023 9:00,"21,894,559.90","344,504.40",431307,56.00
4/1/2023 10:00,"23,928,629.90","392,920.60",431281,56.00
4/1/2023 11:00,"24,956,105.10","427,149.30",431326,55.90
4/1/2023 12:00,"25,317,341.00","448,124.30",431368,55.90
4/1/2023 13:00,"25,290,192.80","455,563.40",431306,55.90
4/1/2023 14:00,"25,264,766.70","458,810.60",431336,55.90
4/1/2023 15:00,"25,077,061.90","454,444.40",431331,56.00
4/1/2023 16:00,"24,546,725.70","441,319.30",431347,56.00
4/1/2023 17:00,"23,739,833.70","412,080.40",431351,56.00
4/1/2023 18:00,"22,177,365.80","367,984.50",431315,56.00
4/1/2023 19:00,"19,728,920.70","315,055.80",431318,55.90
4/1/2023 20:00,"17,754,791.20","278,084.10",431223,55.90
4/1/2023 21:00,"16,465,610.80","248,332.70",431259,55.90
4/1/2023 22:00,"14,208,493.20","213,432.10",431229,55.80
4/1/2023 23:00,"10,683,824.20","160,257.90",430991,55.80
4/2/2023 0:00,"7,404,823.70","110,901.00",431244,56.10
4/2/2023 1:00,"5,174,330.60","77,628.30",431212,56.20
4/2/2023 2:00,"4,117,989.60","62,015.90",431168,56.20
4/2/2023 3:00,"3,389,658.60","51,321.80",431227,56.20
4/2/2023 4:00,"3,511,513.80","53,098.90",431226,56.10
4/2/2023 5:00,"4,737,110.80","71,129.40",431200,56.10
4/2/2023 6:00,"7,035,520.70","105,008.60",431261,56.00
4/2/2023 7:00,"9,671,364.60","144,034.80",431260,56.10
4/2/2023 8:00,"13,345,849.00","200,336.60",431266,56.20
4/2/2023 9:00,"17,998,119.60","274,205.80",431256,56.20
4/2/2023 10:00,"21,756,704.10","340,259.80",431286,56.20
4/2/2023 11:00,"23,566,751.60","382,676.70",431312,56.20
4/2/2023 12:00,"24,661,570.20","414,354.60",431281,56.20
4/2/2023 13:00,"24,798,323.60","425,261.00",431009,56.20
4/2/2023 14:00,"24,733,927.70","426,564.70",431287,56.20
4/2/2023 15:00,"24,453,362.80","422,763.90",431338,56.20
4/2/2023 16:00,"24,080,012.00","410,020.30",431260,56.20
4/2/2023 17:00,"23,195,367.30","387,517.80",431276,56.20
4/2/2023 18:00,"21,627,467.40","353,689.50",431287,56.20
4/2/2023 19:00,"19,474,493.90","312,708.70",431257,56.10
4/2/2023 20:00,"17,561,003.80","280,523.10",431215,56.00
4/2/2023 21:00,"14,878,699.70","224,780.50",431184,56.00
4/2/2023 22:00,"11,430,661.70","170,949.50",431214,56.10
4/2/2023 23:00,"7,699,236.90","115,169.90",431189,56.10
4/3/2023 0:00,"5,103,063.40","76,422.50",430901,55.90
4/3/2023 1:00,"3,736,474.80","56,403.10",431205,55.90
4/3/2023 2:00,"3,407,454.10","51,693.10",431298,55.90
4/3/2023 3:00,"4,360,896.70","65,910.70",431252,55.50
4/3/2023 4:00,"7,905,739.10","118,672.90",431277,55.10
4/3/2023 5:00,"14,217,587.60","213,312.60",431245,55.40
4/3/2023 6:00,"19,384,065.20","324,768.90",431322,55.50
4/3/2023 7:00,"23,047,460.20","410,916.50",431358,55.60
4/3/2023 8:00,"22,592,855.40","406,825.00",431337,55.70
4/3/2023 9:00,"21,028,822.50","361,529.00",431302,55.80
4/3/2023 10:00,"21,036,970.80","356,795.70",431384,55.90
4/3/2023 11:00,"21,505,575.60","363,852.10",431313,55.80
4/3/2023 12:00,"22,187,378.70","373,400.30",431375,55.70
4/3/2023 13:00,"23,048,402.00","389,307.10",431368,55.80
4/3/2023 14:00,"24,606,567.90","429,161.90",431358,55.70
4/3/2023 15:00,"25,350,263.60","473,703.70",431385,55.80
4/3/2023 16:00,"25,230,681.90","493,170.90",431363,55.70
4/3/2023 17:00,"24,709,150.80","480,258.10",431348,55.80
4/3/2023 18:00,"20,945,638.70","360,741.80",431358,55.80
4/3/2023 19:00,"16,788,428.70","261,864.90",431330,55.80
4/3/2023 20:00,"13,993,076.20","215,504.30",431343,55.80
4/3/2023 21:00,"12,025,618.90","181,387.90",431260,55.70
4/3/2023 22:00,"9,258,250.50","139,453.50",431246,55.80
4/3/2023 23:00,"6,465,902.20","97,804.20",430968,55.80
4/4/2023 0:00,"4,545,334.30","68,875.80",431273,56.10
4/4/2023 1:00,"3,544,562.30","54,248.90",431345,56.10
4/4/2023 2:00,"3,410,933.10","52,376.30",431390,56.00
4/4/2023 3:00,"4,377,890.80","66,723.40",431430,55.90
4/4/2023 4:00,"7,772,517.30","117,908.70",431400,55.80
4/4/2023 5:00,"13,840,748.50","209,042.90",431430,55.70
4/4/2023 6:00,"18,954,354.50","317,879.30",431422,55.70
4/4/2023 7:00,"22,308,507.50","405,004.50",431522,55.90
4/4/2023 8:00,"21,848,883.60","409,851.50",431482,55.90
4/4/2023 9:00,"20,334,551.00","364,005.60",431447,55.90
4/4/2023 10:00,"20,039,720.70","342,680.30",431457,56.00
4/4/2023 11:00,"20,233,286.90","339,400.10",431462,56.00
4/4/2023 12:00,"20,856,392.00","346,506.70",431507,56.00
4/4/2023 13:00,"21,875,875.40","364,452.60",431435,55.80
4/4/2023 14:00,"24,369,131.40","424,906.00",431442,55.90
4/4/2023 15:00,"25,130,345.80","477,413.90",431406,55.90
4/4/2023 16:00,"25,175,663.70","505,695.90",431401,55.90
4/4/2023 17:00,"24,779,064.20","505,132.80",431406,55.90
4/4/2023 18:00,"21,756,367.70","395,172.90",431385,55.90
4/4/2023 19:00,"17,750,115.60","280,828.10",431355,55.90
4/4/2023 20:00,"14,814,870.70","227,000.40",431350,55.50
4/4/2023 21:00,"12,357,827.10","183,804.20",431303,55.40
4/4/2023 22:00,"9,792,092.50","145,454.60",431294,55.80
4/4/2023 23:00,"6,797,891.30","101,653.90",431304,55.90
4/5/2023 0:00,"4,634,098.80","69,486.50",431345,53.80
4/5/2023 1:00,"3,549,569.30","53,711.10",431088,53.80
4/5/2023 2:00,"3,408,274.80","51,643.90",431360,53.80
4/5/2023 3:00,"4,348,585.50","65,110.40",431331,53.70
4/5/2023 4:00,"7,916,593.20","116,698.80",431375,53.60
4/5/2023 5:00,"14,503,205.80","214,266.10",431048,53.50
4/5/2023 6:00,"19,911,869.80","332,992.10",431078,53.40
4/5/2023 7:00,"23,535,731.70","426,706.10",431401,53.70
4/5/2023 8:00,"23,119,515.90","427,579.20",431386,53.80
4/5/2023 9:00,"21,567,497.30","379,746.50",431427,53.80
4/5/2023 10:00,"21,252,202.40","363,355.90",431381,53.90
4/5/2023 11:00,"21,625,116.60","366,466.70",431416,53.80
4/5/2023 12:00,"22,348,806.60","376,695.00",431386,53.80
4/5/2023 13:00,"23,273,214.40","394,752.90",431712,53.80
4/5/2023 14:00,"24,751,766.60","439,037.10",431712,53.80
4/5/2023 15:00,"25,306,173.40","493,223.30",431712,53.70
4/5/2023 16:00,"25,336,545.30","521,147.10",431712,53.70
4/5/2023 17:00,"25,099,122.50","521,731.50",431712,53.70
4/5/2023 18:00,"22,227,572.80","414,728.70",431712,53.70
4/5/2023 19:00,"18,497,201.10","299,663.00",431712,53.70
4/5/2023 20:00,"15,538,705.90","239,764.30",431712,53.60
4/5/2023 21:00,"13,147,493.10","197,625.90",431712,53.60
4/5/2023 22:00,"10,252,318.60","154,331.00",431712,53.50
4/5/2023 23:00,"7,070,368.60","106,806.40",431712,53.60
4/6/2023 0:00,"4,873,727.20","73,956.80",431659,55.80
4/6/2023 1:00,"3,709,948.50","56,784.70",431712,55.60
4/6/2023 2:00,"3,481,542.40","53,408.60",431682,55.50
4/6/2023 3:00,"4,430,848.40","67,098.10",431640,55.50
4/6/2023 4:00,"7,929,805.20","118,183.40",431646,55.40
4/6/2023 5:00,"14,507,533.20","215,943.00",431640,55.50
4/6/2023 6:00,"19,947,469.70","333,946.50",431640,55.40
4/6/2023 7:00,"23,549,513.10","424,617.10",431640,55.50
4/6/2023 8:00,"23,197,512.50","428,264.10",431640,55.70
4/6/2023 9:00,"21,962,530.90","391,782.90",431646,55.80
4/6/2023 10:00,"21,809,827.10","380,689.90",431640,55.80
4/6/2023 11:00,"22,254,574.60","385,624.80",431646,55.80
4/6/2023 12:00,"23,014,492.60","399,504.40",431608,55.70
4/6/2023 13:00,"23,795,292.50","417,965.70",431640,55.60
4/6/2023 14:00,"25,266,010.80","463,994.50",431640,55.50
4/6/2023 15:00,"25,751,630.50","510,213.00",431646,55.50
4/6/2023 16:00,"25,718,322.80","533,689.20",431640,55.50
4/6/2023 17:00,"25,421,905.30","533,943.70",431640,55.50
4/6/2023 18:00,"22,944,726.80","433,693.30",431640,55.50
4/6/2023 19:00,"19,766,669.70","326,474.20",431640,55.40
4/6/2023 20:00,"16,895,263.40","264,420.50",431652,55.30
4/6/2023 21:00,"14,532,111.20","219,528.80",431640,55.40
4/6/2023 22:00,"11,370,474.30","171,986.70",431640,55.40
4/6/2023 23:00,"8,123,238.70","124,047.00",431640,55.40
4/7/2023 0:00,"5,401,453.30","81,268.10",431566,56.20
4/7/2023 1:00,"4,002,492.10","60,434.30",431646,56.20
4/7/2023 2:00,"3,686,719.10","55,939.50",431640,56.20
4/7/2023 3:00,"4,367,893.10","66,089.90",431640,56.10
4/7/2023 4:00,"7,372,652.40","110,072.50",431640,56.10
4/7/2023 5:00,"13,163,523.20","196,608.60",431608,56.10
4/7/2023 6:00,"18,244,054.10","293,857.80",431640,56.00
4/7/2023 7:00,"21,912,932.10","361,469.00",431640,56.10
4/7/2023 8:00,"22,042,321.20","369,274.80",431640,56.30
4/7/2023 9:00,"22,004,901.60","368,220.30",431646,56.30
4/7/2023 10:00,"22,954,121.80","387,896.60",431646,56.30
4/7/2023 11:00,"24,023,498.80","415,471.00",431624,56.30
4/7/2023 12:00,"24,778,762.20","438,907.70",431646,56.30
4/7/2023 13:00,"25,146,872.40","459,932.80",431646,56.30
4/7/2023 14:00,"25,836,902.80","493,044.40",431635,56.30
4/7/2023 15:00,"25,990,782.80","516,287.10",431652,56.30
4/7/2023 16:00,"25,744,733.80","504,691.10",431646,56.20
4/7/2023 17:00,"25,432,635.00","476,003.20",431640,55.90
4/7/2023 18:00,"23,300,743.90","393,959.50",431624,56.00
4/7/2023 19:00,"20,284,321.70","316,931.70",431640,56.10
4/7/2023 20:00,"17,780,064.70","272,714.40",431646,56.10
4/7/2023 21:00,"15,680,892.50","233,875.40",431652,56.10
4/7/2023 22:00,"13,143,451.50","195,774.60",431652,55.90
4/7/2023 23:00,"9,583,826.20","142,852.30",431646,55.90
4/8/2023 0:00,"6,619,608.80","98,946.10",431566,57.30
4/8/2023 1:00,"4,842,991.40","72,949.10",431658,57.50
4/8/2023 2:00,"4,129,523.60","62,379.20",431640,57.40
4/8/2023 3:00,"3,742,394.90","56,783.10",431652,57.50
4/8/2023 4:00,"4,446,050.10","67,236.60",431565,57.20
4/8/2023 5:00,"6,598,071.00","98,921.40",431624,57.10
4/8/2023 6:00,"10,161,345.00","153,086.00",431640,57.10
4/8/2023 7:00,"14,219,480.50","215,824.80",431640,57.20
4/8/2023 8:00,"18,173,855.20","278,590.00",431646,57.30
4/8/2023 9:00,"21,658,684.90","340,266.80",431646,57.30
4/8/2023 10:00,"23,988,717.20","388,483.40",431640,57.30
4/8/2023 11:00,"25,021,245.30","421,347.90",431640,57.30
4/8/2023 12:00,"25,210,196.30","436,761.90",431646,57.30
4/8/2023 13:00,"25,028,752.20","435,430.80",431624,57.40
4/8/2023 14:00,"25,172,211.10","439,809.70",431646,57.30
4/8/2023 15:00,"24,891,535.80","431,595.60",431646,57.30
4/8/2023 16:00,"24,453,513.70","421,787.30",431646,57.40
4/8/2023 17:00,"23,596,813.10","396,358.10",431640,57.40
4/8/2023 18:00,"22,033,803.70","351,935.60",431640,57.30
4/8/2023 19:00,"19,546,293.60","304,170.50",431640,57.30
4/8/2023 20:00,"17,498,860.10","271,351.20",431640,57.20
4/8/2023 21:00,"15,853,717.30","237,284.60",431646,57.10
4/8/2023 22:00,"14,126,458.80","210,077.80",431646,57.20
4/8/2023 23:00,"10,632,768.60","158,331.70",431646,57.20
4/9/2023 0:00,"7,338,493.30","109,208.50",431550,57.00
4/9/2023 1:00,"5,093,904.20","76,290.60",431640,57.00
4/9/2023 2:00,"4,049,969.80","60,785.50",431640,57.00
4/9/2023 3:00,"3,223,051.70","48,650.70",431646,57.00
4/9/2023 4:00,"3,293,754.20","49,713.60",431624,57.00
4/9/2023 5:00,"4,461,301.90","66,953.40",431549,57.00
4/9/2023 6:00,"6,359,559.20","94,875.40",431630,56.90
4/9/2023 7:00,"8,700,502.70","129,600.70",431641,56.60
4/9/2023 8:00,"12,401,341.00","185,174.70",431646,57.00
4/9/2023 9:00,"17,252,908.30","260,878.20",431640,57.00
4/9/2023 10:00,"21,348,343.60","330,063.80",431640,57.00
4/9/2023 11:00,"23,525,110.50","376,695.20",431640,57.00
4/9/2023 12:00,"24,577,221.40","410,324.30",431640,57.00
4/9/2023 13:00,"24,555,087.50","422,616.60",431646,57.00
4/9/2023 14:00,"24,023,354.40","414,100.20",431652,57.00
4/9/2023 15:00,"23,351,268.60","391,955.60",431646,57.00
4/9/2023 16:00,"22,774,201.90","370,247.60",431640,57.00
4/9/2023 17:00,"22,309,526.70","358,239.10",431640,57.00
4/9/2023 18:00,"21,751,865.90","349,754.50",431641,57.00
4/9/2023 19:00,"20,888,698.80","342,532.00",431640,56.80
4/9/2023 20:00,"19,623,634.00","332,487.30",431646,56.90
4/9/2023 21:00,"16,487,875.20","258,743.40",431640,56.90
4/9/2023 22:00,"12,066,984.00","181,502.30",431640,56.90
4/9/2023 23:00,"7,713,634.90","114,472.30",431388,56.90
4/10/2023 0:00,"4,928,155.00","73,743.30",431566,56.90
4/10/2023 1:00,"3,522,596.40","53,107.60",431646,57.00
4/10/2023 2:00,"3,239,208.20","49,087.90",431394,57.00
4/10/2023 3:00,"4,276,335.30","64,358.60",431640,56.90
4/10/2023 4:00,"7,909,782.80","117,911.10",431572,56.80
4/10/2023 5:00,"14,252,595.20","213,496.20",431624,56.80
4/10/2023 6:00,"19,415,319.00","323,551.80",431648,56.70
4/10/2023 7:00,"22,811,199.10","403,434.90",431646,56.90
4/10/2023 8:00,"22,483,021.40","399,323.00",431640,56.90
4/10/2023 9:00,"21,337,940.90","364,330.80",431640,56.90
4/10/2023 10:00,"21,467,276.40","363,462.10",431640,56.90
4/10/2023 11:00,"22,045,021.30","373,702.40",431640,56.90
4/10/2023 12:00,"22,686,367.30","386,104.20",431640,56.50
4/10/2023 13:00,"23,279,445.80","397,927.80",431641,56.40
4/10/2023 14:00,"24,830,844.10","437,379.00",431640,56.50
4/10/2023 15:00,"25,486,451.60","477,118.20",431646,56.50
4/10/2023 16:00,"25,453,754.40","493,191.50",431640,56.40
4/10/2023 17:00,"24,879,128.10","478,501.60",431640,56.30
4/10/2023 18:00,"21,319,054.70","365,111.20",431640,56.40
4/10/2023 19:00,"17,483,160.90","272,422.70",431640,56.40
4/10/2023 20:00,"14,625,578.10","224,379.00",431640,56.30
4/10/2023 21:00,"12,231,033.30","183,504.00",431640,56.40
4/10/2023 22:00,"9,531,814.00","143,286.90",431640,56.50
4/10/2023 23:00,"6,694,423.20","100,871.20",431388,56.50
4/11/2023 0:00,"4,614,081.40","69,893.70",431535,56.70
4/11/2023 1:00,"3,536,466.80","54,041.90",431646,56.70
4/11/2023 2:00,"3,362,130.10","51,430.90",431640,56.60
4/11/2023 3:00,"4,371,592.20","66,406.50",431640,56.60
4/11/2023 4:00,"7,854,186.90","117,488.50",431640,43.50
4/11/2023 5:00,"14,562,536.00","221,076.00",431640,55.10
4/11/2023 6:00,"20,001,475.30","341,195.30",431646,56.40
4/11/2023 7:00,"23,578,676.60","435,441.50",431640,56.50
4/11/2023 8:00,"23,073,339.70","437,921.20",431646,56.50
4/11/2023 9:00,"21,475,145.50","385,432.90",431652,56.60
4/11/2023 10:00,"20,866,087.70","358,849.70",431646,56.50
4/11/2023 11:00,"21,021,239.70","355,292.70",431652,56.60
4/11/2023 12:00,"21,607,417.30","362,527.00",431665,56.70
4/11/2023 13:00,"22,464,935.50","379,013.00",431676,56.70
4/11/2023 14:00,"24,090,195.00","420,124.90",431694,56.60
4/11/2023 15:00,"24,918,760.80","469,140.60",431706,56.50
4/11/2023 16:00,"24,791,132.70","490,641.50",431706,56.50
4/11/2023 17:00,"24,457,302.30","490,117.80",431700,56.50
4/11/2023 18:00,"21,535,139.00","387,952.70",431688,56.40
4/11/2023 19:00,"17,766,565.90","286,377.90",431688,56.00
4/11/2023 20:00,"15,008,414.40","234,824.30",431718,55.80
4/11/2023 21:00,"12,859,030.70","196,474.40",431670,56.40
4/11/2023 22:00,"10,461,322.70","160,936.10",431682,56.50
4/11/2023 23:00,"7,732,408.00","119,999.00",431436,56.50
4/12/2023 0:00,"4,672,679.60","70,503.60",431676,52.70
4/12/2023 1:00,"3,545,814.70","53,901.40",431667,52.70
4/12/2023 2:00,"3,376,215.20","51,342.20",431613,52.70
4/12/2023 3:00,"4,341,473.80","65,586.90",431572,52.60
4/12/2023 4:00,"7,895,462.50","118,083.70",431566,52.50
4/12/2023 5:00,"14,623,894.20","220,264.80",431536,52.50
4/12/2023 6:00,"20,102,885.30","341,808.00",431515,52.40
4/12/2023 7:00,"23,635,416.40","434,646.70",431520,52.50
4/12/2023 8:00,"23,176,677.70","436,884.00",431527,52.50
4/12/2023 9:00,"21,464,729.60","383,868.60",431505,52.60
4/12/2023 10:00,"21,090,180.70","365,250.40",431485,52.70
4/12/2023 11:00,"21,389,638.80","362,993.30",431449,52.60
4/12/2023 12:00,"22,215,382.50","373,778.90",431430,52.60
4/12/2023 13:00,"23,135,915.40","392,001.50",431712,52.30
4/12/2023 14:00,"24,686,485.40","433,704.00",431712,52.60
4/12/2023 15:00,"25,326,304.40","481,098.00",431712,52.60
4/12/2023 16:00,"25,435,409.90","513,606.90",431712,52.60
4/12/2023 17:00,"24,920,207.10","512,051.80",431712,52.60
4/12/2023 18:00,"22,008,700.80","403,806.60",431712,52.50
4/12/2023 19:00,"18,182,621.60","294,089.70",431712,52.60
4/12/2023 20:00,"15,334,210.40","236,682.50",431712,52.40
4/12/2023 21:00,"12,921,793.70","194,355.70",431712,52.40
4/12/2023 22:00,"10,036,397.50","150,950.20",431712,52.40
4/12/2023 23:00,"7,108,388.70","107,035.00",431460,52.40
4/13/2023 0:00,"4,820,252.80","72,900.40",431648,52.70
4/13/2023 1:00,"3,652,020.10","55,520.20",431712,52.50
4/13/2023 2:00,"3,463,620.70","52,873.90",431460,52.60
4/13/2023 3:00,"4,439,060.90","67,363.20",431712,52.60
4/13/2023 4:00,"7,991,602.20","120,278.70",431712,52.50
4/13/2023 5:00,"14,561,647.40","220,835.20",431712,52.40
4/13/2023 6:00,"19,963,171.10","343,806.90",431712,52.30
4/13/2023 7:00,"23,540,707.40","439,746.80",431712,52.50
4/13/2023 8:00,"23,303,938.40","444,416.20",431712,52.60
4/13/2023 9:00,"21,821,057.60","392,183.80",431712,52.70
4/13/2023 10:00,"21,580,798.40","376,199.90",431712,52.70
4/13/2023 11:00,"22,046,250.80","377,698.90",431712,52.70
4/13/2023 12:00,"22,742,401.80","388,173.50",431712,52.80
4/13/2023 13:00,"23,543,257.50","407,081.30",431712,52.80
4/13/2023 14:00,"24,997,754.70","455,084.00",431712,52.60
4/13/2023 15:00,"25,600,134.10","503,875.00",431712,52.60
4/13/2023 16:00,"25,508,526.00","530,933.20",431712,52.60
4/13/2023 17:00,"25,117,805.50","529,371.40",431712,52.50
4/13/2023 18:00,"22,441,213.20","423,192.00",431712,52.50
4/13/2023 19:00,"19,087,785.30","315,212.30",431712,52.60
4/13/2023 20:00,"16,449,447.40","257,252.50",431712,52.40
4/13/2023 21:00,"14,073,044.50","212,536.90",431712,52.40
4/13/2023 22:00,"11,041,044.10","166,300.00",431712,52.40
4/13/2023 23:00,"7,691,760.00","116,269.40",431712,52.50
4/14/2023 0:00,"5,254,295.20","79,490.80",431653,56.80
4/14/2023 1:00,"3,955,162.90","60,343.60",431712,56.80
4/14/2023 2:00,"3,707,389.30","56,648.40",431712,56.70
4/14/2023 3:00,"4,509,109.80","68,388.90",431712,56.70
4/14/2023 4:00,"7,779,214.10","116,986.80",431712,56.70
4/14/2023 5:00,"13,914,649.90","209,748.20",431712,56.50
4/14/2023 6:00,"19,378,237.70","318,423.50",431712,56.50
4/14/2023 7:00,"23,151,052.80","398,009.10",431712,56.70
4/14/2023 8:00,"23,003,710.10","398,743.30",431712,56.80
4/14/2023 9:00,"22,198,433.40","379,007.70",431707,56.90
4/14/2023 10:00,"22,660,531.20","389,056.60",431712,56.80
4/14/2023 11:00,"23,628,142.30","409,895.60",431712,56.90
4/14/2023 12:00,"24,342,099.70","430,263.70",431712,57.00
4/14/2023 13:00,"24,937,746.60","454,360.10",431712,56.90
4/14/2023 14:00,"25,997,561.10","499,549.80",431712,56.80
4/14/2023 15:00,"26,306,930.70","537,181.30",431712,56.90
4/14/2023 16:00,"26,162,747.30","538,638.20",431712,56.90
4/14/2023 17:00,"25,819,314.10","514,572.50",431696,56.90
4/14/2023 18:00,"23,649,121.80","418,774.20",431460,56.90
4/14/2023 19:00,"20,717,069.60","333,923.90",431664,56.90
4/14/2023 20:00,"17,967,607.90","280,512.40",431712,56.80
4/14/2023 21:00,"15,922,784.60","241,401.80",431702,55.40
4/14/2023 22:00,"13,258,136.40","200,332.90",431696,55.10
4/14/2023 23:00,"9,818,728.50","148,374.50",431444,55.60
4/15/2023 0:00,"6,835,951.80","103,163.20",431396,57.30
4/15/2023 1:00,"4,948,830.30","75,203.50",431712,57.30
4/15/2023 2:00,"4,204,274.30","64,024.30",431712,57.20
4/15/2023 3:00,"3,921,796.80","59,885.80",431460,57.30
4/15/2023 4:00,"4,721,109.90","71,663.80",431653,57.20
4/15/2023 5:00,"7,157,069.90","107,753.60",431616,57.10
4/15/2023 6:00,"11,124,049.50","168,394.40",431696,57.10
4/15/2023 7:00,"15,453,575.70","237,000.70",431696,57.20
4/15/2023 8:00,"19,201,605.30","298,519.90",431696,54.60
4/15/2023 9:00,"22,149,845.40","353,617.60",431712,50.70
4/15/2023 10:00,"23,985,932.90","398,227.30",431712,50.60
4/15/2023 11:00,"24,839,610.30","430,326.90",431680,57.40
4/15/2023 12:00,"25,093,689.70","446,002.80",431696,57.40
4/15/2023 13:00,"25,122,240.60","448,851.50",431680,57.30
4/15/2023 14:00,"25,135,825.20","451,543.40",431696,57.30
4/15/2023 15:00,"24,978,081.40","450,908.30",431664,55.80
4/15/2023 16:00,"24,735,320.40","444,860.20",431455,57.30
4/15/2023 17:00,"23,892,651.70","416,063.80",431428,57.40
4/15/2023 18:00,"22,125,928.50","366,415.90",431664,57.30
4/15/2023 19:00,"19,614,269.50","310,765.60",431696,57.20
4/15/2023 20:00,"17,747,047.80","276,707.10",431697,57.00
4/15/2023 21:00,"16,665,800.00","250,957.20",431680,56.90
4/15/2023 22:00,"14,581,376.40","218,670.80",431670,56.90
4/15/2023 23:00,"10,992,670.20","164,675.30",431388,56.90
4/16/2023 0:00,"7,573,561.90","113,535.70",431590,56.80
4/16/2023 1:00,"5,229,115.30","78,850.20",431640,56.90
4/16/2023 2:00,"4,146,540.10","62,971.90",431640,56.90
4/16/2023 3:00,"3,396,089.40","51,863.00",431640,56.90
4/16/2023 4:00,"3,521,758.50","53,635.40",431384,56.90
4/16/2023 5:00,"4,783,967.30","72,273.20",431565,56.80
4/16/2023 6:00,"7,177,113.70","107,774.30",431535,56.70
4/16/2023 7:00,"9,885,546.00","148,647.10",431545,56.90
4/16/2023 8:00,"13,483,335.30","204,590.90",431630,56.90
4/16/2023 9:00,"17,917,397.10","276,184.30",431640,56.90
4/16/2023 10:00,"21,595,094.60","340,946.20",431640,57.00
4/16/2023 11:00,"23,510,216.10","382,153.60",431640,57.00
4/16/2023 12:00,"24,528,676.50","410,174.60",431635,56.90
4/16/2023 13:00,"24,679,601.00","417,799.30",431636,57.00
4/16/2023 14:00,"24,499,176.90","416,644.10",431630,57.00
4/16/2023 15:00,"24,355,723.50","411,142.70",431642,57.00
4/16/2023 16:00,"23,836,289.00","400,933.80",431633,57.00
4/16/2023 17:00,"23,051,868.10","383,462.10",431620,57.00
4/16/2023 18:00,"21,551,191.30","350,145.00",431600,57.00
4/16/2023 19:00,"19,438,295.60","311,536.40",431520,56.90
4/16/2023 20:00,"17,514,810.30","279,905.30",431588,56.60
4/16/2023 21:00,"14,725,646.10","221,676.00",431515,56.10
4/16/2023 22:00,"11,014,492.40","165,271.70",431510,56.40
4/16/2023 23:00,"7,505,881.40","113,037.20",431243,56.80
4/17/2023 0:00,"5,008,407.50","75,498.10",431530,54.80
4/17/2023 1:00,"3,713,175.90","56,492.70",431313,54.40
4/17/2023 2:00,"3,487,062.60","53,198.10",431531,54.40
4/17/2023 3:00,"4,508,163.70","68,930.00",431625,54.20
4/17/2023 4:00,"8,139,251.80","122,793.20",431485,54.10
4/17/2023 5:00,"14,568,006.80","220,820.00",431626,54.10
4/17/2023 6:00,"19,868,709.90","337,661.90",431634,54.10
4/17/2023 7:00,"23,683,432.10","432,913.80",431646,54.20
4/17/2023 8:00,"23,133,990.70","432,152.90",431637,54.20
4/17/2023 9:00,"21,173,247.00","374,040.80",431819,54.30
4/17/2023 10:00,"20,806,816.90","355,613.80",431799,54.20
4/17/2023 11:00,"21,090,156.00","357,170.70",431819,54.30
4/17/2023 12:00,"21,816,682.60","367,417.50",431804,54.40
4/17/2023 13:00,"22,816,613.20","384,709.40",431834,55.60
4/17/2023 14:00,"24,485,879.20","423,384.00",431825,57.10
4/17/2023 15:00,"25,559,823.90","473,455.60",431824,56.90
4/17/2023 16:00,"25,454,410.70","491,725.30",431846,56.90
4/17/2023 17:00,"24,918,506.00","476,478.30",431844,56.80
4/17/2023 18:00,"21,173,745.90","362,603.80",431824,57.00
4/17/2023 19:00,"16,866,992.70","262,188.10",431819,57.00
4/17/2023 20:00,"13,915,992.00","214,211.50",431856,56.90
4/17/2023 21:00,"11,697,172.90","176,082.30",431829,56.90
4/17/2023 22:00,"9,413,444.50","141,983.90",431841,56.90
4/17/2023 23:00,"6,648,462.80","100,679.80",431582,56.90
4/18/2023 0:00,"4,645,461.80","70,798.70",431742,54.50
4/18/2023 1:00,"3,552,693.40","54,606.80",431808,54.50
4/18/2023 2:00,"3,403,420.60","52,524.60",431808,54.50
4/18/2023 3:00,"4,409,052.10","67,330.60",431814,54.40
4/18/2023 4:00,"7,999,231.50","121,189.60",431698,54.30
4/18/2023 5:00,"14,705,622.00","224,115.70",431808,53.60
4/18/2023 6:00,"20,293,897.00","347,836.00",431814,53.00
4/18/2023 7:00,"23,983,166.00","447,414.20",431814,53.30
4/18/2023 8:00,"23,415,143.80","456,163.10",431804,54.20
4/18/2023 9:00,"21,304,188.60","391,559.30",431808,54.60
4/18/2023 10:00,"20,508,298.40","356,755.30",431798,54.60
4/18/2023 11:00,"20,650,449.60","349,761.40",431814,54.60
4/18/2023 12:00,"21,405,425.00","360,187.70",431816,54.60
4/18/2023 13:00,"22,456,467.90","379,658.80",431844,54.60
4/18/2023 14:00,"24,449,065.50","430,577.70",431844,54.60
4/18/2023 15:00,"25,334,076.60","486,562.50",431850,54.60
4/18/2023 16:00,"25,191,792.80","513,366.80",431840,54.60
4/18/2023 17:00,"24,870,554.70","511,203.00",431874,54.60
4/18/2023 18:00,"21,765,212.70","395,549.70",431850,54.60
4/18/2023 19:00,"17,658,249.10","280,999.20",431868,54.50
4/18/2023 20:00,"14,634,916.70","225,639.60",431880,54.40
4/18/2023 21:00,"12,390,577.20","186,095.50",431847,54.50
4/18/2023 22:00,"9,663,877.20","145,508.90",431868,54.50
4/18/2023 23:00,"6,793,477.00","102,836.90",431583,54.40
4/19/2023 0:00,"4,692,077.80","71,183.90",431862,56.90
4/19/2023 1:00,"3,581,966.80","54,710.00",431844,56.80
4/19/2023 2:00,"3,438,504.30","52,605.40",431795,56.90
4/19/2023 3:00,"4,447,652.60","67,435.00",431828,56.90
4/19/2023 4:00,"8,075,084.60","120,774.40",431782,56.90
4/19/2023 5:00,"14,889,940.80","222,421.40",431733,56.80
4/19/2023 6:00,"20,424,590.00","348,482.70",431688,56.80
4/19/2023 7:00,"24,236,121.50","455,173.90",431663,57.10
4/19/2023 8:00,"23,640,049.80","465,371.80",431653,57.20
4/19/2023 9:00,"21,769,576.50","402,210.90",431688,57.00
4/19/2023 10:00,"21,092,160.90","367,601.70",431668,57.00
4/19/2023 11:00,"21,140,615.40","359,865.60",431673,57.00
4/19/2023 12:00,"21,804,100.60","367,511.80",431668,57.10
4/19/2023 13:00,"22,868,978.30","388,661.40",431663,57.10
4/19/2023 14:00,"24,596,600.80","438,177.50",431668,57.00
4/19/2023 15:00,"25,382,304.60","493,833.30",431658,57.00
4/19/2023 16:00,"25,334,363.40","525,869.70",431673,57.00
4/19/2023 17:00,"24,873,586.20","520,704.60",431444,50.60
4/19/2023 18:00,"22,058,266.70","406,711.20",431470,41.80
4/19/2023 19:00,"18,300,691.60","295,535.90",431464,41.80
4/19/2023 20:00,"15,556,204.30","240,104.40",431484,41.60
4/19/2023 21:00,"13,097,591.10","195,611.10",431504,41.60
4/19/2023 22:00,"10,030,171.50","149,826.30",431484,41.70
4/19/2023 23:00,"7,003,358.50","105,024.80",431232,41.70
4/20/2023 0:00,"4,763,919.60","71,562.60",431238,41.80
4/20/2023 1:00,"3,567,107.80","54,176.80",431500,41.80
4/20/2023 2:00,"3,375,285.00","51,424.80",431494,41.80
4/20/2023 3:00,"4,352,540.10","65,674.80",431494,41.80
4/20/2023 4:00,"8,012,382.90","119,551.20",431489,41.60
4/20/2023 5:00,"14,758,718.20","220,460.70",431531,41.60
4/20/2023 6:00,"20,117,832.30","337,078.20",431566,41.60
4/20/2023 7:00,"23,607,177.20","430,519.50",431556,41.80
4/20/2023 8:00,"23,163,116.30","438,582.80",431556,41.90
4/20/2023 9:00,"21,615,011.10","386,412.80",431596,41.90
4/20/2023 10:00,"21,219,261.70","364,603.90",431556,41.80
4/20/2023 11:00,"21,520,373.30","363,716.90",431566,41.90
4/20/2023 12:00,"22,194,646.90","374,655.60",431556,41.90
4/20/2023 13:00,"23,027,621.10","394,295.90",431556,41.90
4/20/2023 14:00,"24,645,445.60","443,990.20",431566,41.80
4/20/2023 15:00,"25,599,007.10","508,868.90",431518,41.80
4/20/2023 16:00,"25,673,751.50","542,562.90",431524,41.80
4/20/2023 17:00,"25,284,702.20","541,760.50",431484,41.80
4/20/2023 18:00,"22,646,399.90","432,796.80",431500,41.70
4/20/2023 19:00,"19,351,881.40","320,808.90",431504,41.70
4/20/2023 20:00,"16,680,995.70","261,741.90",431484,41.60
4/20/2023 21:00,"14,321,189.00","216,528.10",431484,41.60
4/20/2023 22:00,"11,174,961.90","168,526.80",431494,41.60
4/20/2023 23:00,"7,800,539.00","117,797.50",431232,41.70
4/21/2023 0:00,"5,274,352.90","79,183.40",431484,38.30
4/21/2023 1:00,"3,913,285.70","59,372.50",431494,38.30
4/21/2023 2:00,"3,608,245.50","55,038.70",431509,38.30
4/21/2023 3:00,"4,396,068.40","66,671.40",431500,38.20
4/21/2023 4:00,"7,765,718.90","116,113.20",431489,38.10
4/21/2023 5:00,"14,062,045.70","211,190.90",431484,38.10
4/21/2023 6:00,"19,727,419.70","323,403.10",431703,39.30
4/21/2023 7:00,"23,490,621.10","413,732.00",431500,53.40
4/21/2023 8:00,"23,214,918.40","419,873.00",431514,53.40
4/21/2023 9:00,"22,108,081.60","388,148.40",431560,53.50
4/21/2023 10:00,"22,514,564.60","391,630.80",431556,53.50
4/21/2023 11:00,"23,347,661.10","411,566.50",431576,53.50
4/21/2023 12:00,"24,226,794.00","435,493.80",431556,53.50
4/21/2023 13:00,"25,046,392.20","463,396.00",431601,53.20
4/21/2023 14:00,"26,006,275.90","509,724.70",431626,53.10
4/21/2023 15:00,"26,054,214.90","548,924.40",431636,53.10
4/21/2023 16:00,"25,877,820.80","552,198.00",431616,53.40
4/21/2023 17:00,"25,534,417.40","520,520.50",431626,51.00
4/21/2023 18:00,"23,453,646.90","419,155.90",431636,44.50
4/21/2023 19:00,"20,737,060.60","334,352.30",431626,44.30
4/21/2023 20:00,"18,287,678.10","285,740.00",431636,44.10
4/21/2023 21:00,"16,220,858.60","245,120.20",431626,44.20
4/21/2023 22:00,"13,558,039.10","203,857.90",431656,44.20
4/21/2023 23:00,"10,005,682.60","150,383.40",431404,44.20
4/22/2023 0:00,"6,868,412.10","103,047.50",431591,44.10
4/22/2023 1:00,"4,911,568.70","73,858.30",431626,44.10
4/22/2023 2:00,"4,126,814.40","62,285.40",431646,44.10
4/22/2023 3:00,"3,801,582.10","57,606.50",431626,44.20
4/22/2023 4:00,"4,654,840.50","70,343.40",431571,44.10
4/22/2023 5:00,"7,089,226.30","106,368.60",431556,44.10
4/22/2023 6:00,"11,087,996.10","167,614.70",431626,44.10
4/22/2023 7:00,"15,405,334.10","235,729.50",431636,44.20
4/22/2023 8:00,"19,200,383.10","299,111.30",431646,44.30
4/22/2023 9:00,"22,126,806.20","353,651.30",431636,44.20
4/22/2023 10:00,"23,803,792.00","394,625.10",431646,44.20
4/22/2023 11:00,"24,640,245.00","421,988.00",431374,44.30
4/22/2023 12:00,"25,047,500.40","438,366.60",431656,44.30
4/22/2023 13:00,"24,950,511.40","439,650.70",431392,44.30
4/22/2023 14:00,"24,937,031.60","440,874.20",431636,44.30
4/22/2023 15:00,"24,848,488.80","439,241.20",431642,44.30
4/22/2023 16:00,"24,489,094.00","429,357.30",431621,44.30
4/22/2023 17:00,"23,737,262.50","405,115.40",431596,44.30
4/22/2023 18:00,"22,053,946.60","357,207.30",431596,44.20
4/22/2023 19:00,"19,227,036.50","297,205.20",431354,44.20
4/22/2023 20:00,"17,043,873.50","263,070.70",431616,44.00
4/22/2023 21:00,"16,410,787.30","245,820.90",431596,44.00
4/22/2023 22:00,"14,833,165.50","222,128.90",431666,44.00
4/22/2023 23:00,"11,256,549.60","168,294.80",431354,43.90
4/23/2023 0:00,"7,667,020.50","114,301.70",431566,44.10
4/23/2023 1:00,"5,215,512.60","78,176.60",431591,44.10
4/23/2023 2:00,"4,056,643.10","60,932.30",431616,44.20
4/23/2023 3:00,"3,257,816.00","49,104.60",431626,44.30
4/23/2023 4:00,"3,374,936.50","51,012.40",431571,44.30
4/23/2023 5:00,"4,610,072.50","69,214.40",431576,44.20
4/23/2023 6:00,"6,965,847.70","104,012.40",431656,44.20
4/23/2023 7:00,"9,771,644.90","146,032.90",431676,44.40
4/23/2023 8:00,"13,429,905.20","202,069.60",431646,44.40
4/23/2023 9:00,"17,942,943.90","274,963.50",431666,44.60
4/23/2023 10:00,"21,573,503.70","339,607.90",431676,44.60
4/23/2023 11:00,"23,492,222.30","380,263.40",431676,44.60
4/23/2023 12:00,"24,431,998.50","405,387.50",431676,44.60
4/23/2023 13:00,"24,502,024.70","412,430.10",431676,44.60
4/23/2023 14:00,"24,310,939.10","409,504.30",431676,44.60
4/23/2023 15:00,"23,984,792.40","400,581.80",431676,44.60
4/23/2023 16:00,"23,589,114.40","391,073.70",431676,44.60
4/23/2023 17:00,"22,617,482.80","368,834.00",431676,44.60
4/23/2023 18:00,"21,188,490.90","339,161.40",431666,44.60
4/23/2023 19:00,"19,397,854.60","306,611.20",431606,44.50
4/23/2023 20:00,"17,673,017.70","280,715.30",431586,44.40
4/23/2023 21:00,"14,945,661.60","223,998.60",431566,44.30
4/23/2023 22:00,"11,304,373.60","168,484.10",431324,44.30
4/23/2023 23:00,"7,715,918.80","115,365.80",431324,44.40
4/24/2023 0:00,"5,122,330.30","76,681.10",431571,44.40
4/24/2023 1:00,"3,684,856.30","55,733.20",431606,44.40
4/24/2023 2:00,"3,406,436.50","51,661.00",431611,44.40
4/24/2023 3:00,"4,411,000.30","66,660.00",431666,44.40
4/24/2023 4:00,"8,120,375.50","121,439.30",431581,44.30
4/24/2023 5:00,"14,620,120.40","219,775.80",431616,44.20
4/24/2023 6:00,"19,829,693.60","334,013.30",431680,44.20
4/24/2023 7:00,"23,482,036.60","425,878.90",431666,44.40
4/24/2023 8:00,"22,970,806.20","423,219.00",431636,44.40
4/24/2023 9:00,"21,189,363.60","371,458.10",431666,44.50
4/24/2023 10:00,"20,927,128.40","357,471.90",431656,44.40
4/24/2023 11:00,"21,340,638.30","360,056.90",431646,44.40
4/24/2023 12:00,"22,059,702.00","371,123.90",431676,42.00
4/24/2023 13:00,"22,832,543.70","386,815.80",431880,43.10
4/24/2023 14:00,"24,642,664.60","430,347.90",431864,44.50
4/24/2023 15:00,"25,488,461.00","477,769.20",431798,44.30
4/24/2023 16:00,"25,317,492.80","492,400.80",431834,44.30
4/24/2023 17:00,"24,820,757.30","476,736.00",431880,44.30
4/24/2023 18:00,"21,288,431.70","363,488.40",431880,44.30
4/24/2023 19:00,"17,169,482.50","266,508.80",431880,44.20
4/24/2023 20:00,"14,373,978.20","220,885.60",431828,44.10
4/24/2023 21:00,"12,064,502.60","181,530.40",431848,44.10
4/24/2023 22:00,"9,420,033.50","141,693.70",431848,44.00
4/24/2023 23:00,"6,569,263.80","98,944.60",431596,44.00
4/25/2023 0:00,"4,576,936.50","69,574.30",431779,53.10
4/25/2023 1:00,"3,517,534.70","54,220.40",431864,53.10
4/25/2023 2:00,"3,365,286.40","51,781.80",431864,53.10
4/25/2023 3:00,"4,401,202.00","67,106.00",431880,53.10
4/25/2023 4:00,"8,082,228.10","121,643.20",431763,53.00
4/25/2023 5:00,"14,894,328.40","224,441.30",431752,52.90
4/25/2023 6:00,"20,458,570.90","350,315.40",431864,53.00
4/25/2023 7:00,"24,132,884.90","454,932.10",431880,53.10
4/25/2023 8:00,"23,410,215.50","461,629.00",431860,53.10
4/25/2023 9:00,"21,483,312.00","395,705.70",431830,53.20
4/25/2023 10:00,"20,590,098.10","356,006.40",431850,53.20
4/25/2023 11:00,"20,548,121.20","348,141.90",431860,53.20
4/25/2023 12:00,"21,370,307.00","359,285.60",431870,53.20
4/25/2023 13:00,"22,362,629.00","378,027.30",431810,53.20
4/25/2023 14:00,"24,292,241.60","428,474.50",431770,53.20
4/25/2023 15:00,"25,061,008.70","482,456.20",431782,53.10
4/25/2023 16:00,"25,035,493.00","508,583.10",431784,52.90
4/25/2023 17:00,"24,623,733.90","503,736.40",431784,52.90
4/25/2023 18:00,"21,548,789.50","393,640.90",431848,52.90
4/25/2023 19:00,"17,810,764.80","283,308.40",431784,52.90
4/25/2023 20:00,"14,875,798.40","228,860.30",431838,52.80
4/25/2023 21:00,"12,513,225.30","188,012.70",431864,52.80
4/25/2023 22:00,"9,755,909.80","146,553.40",431864,52.80
4/25/2023 23:00,"6,867,121.40","103,490.30",431554,52.80
4/26/2023 0:00,"4,756,614.50","71,759.60",431790,53.50
4/26/2023 1:00,"3,594,843.20","54,805.70",431880,53.60
4/26/2023 2:00,"3,413,836.70","52,094.80",431880,53.60
4/26/2023 3:00,"4,416,591.50","66,713.90",431864,53.50
4/26/2023 4:00,"8,153,191.80","121,947.00",431725,53.40
4/26/2023 5:00,"14,945,352.90","224,293.20",431736,53.40
4/26/2023 6:00,"20,378,216.10","348,003.90",431848,53.30
4/26/2023 7:00,"24,107,153.70","455,901.40",431816,53.40
4/26/2023 8:00,"23,490,733.60","464,804.30",431791,53.50
4/26/2023 9:00,"21,700,999.40","401,680.00",431752,53.60
4/26/2023 10:00,"21,009,614.60","366,718.20",431726,53.60
4/26/2023 11:00,"21,221,727.50","361,109.50",431758,53.60
4/26/2023 12:00,"21,897,264.90","369,741.10",431758,53.60
4/26/2023 13:00,"22,943,064.40","390,089.80",431720,53.50
4/26/2023 14:00,"24,671,228.50","438,909.30",431726,51.00
4/26/2023 15:00,"25,277,295.00","491,504.10",431720,53.50
4/26/2023 16:00,"25,152,650.00","519,989.40",431736,53.50
4/26/2023 17:00,"24,827,208.80","515,520.80",431704,53.50
4/26/2023 18:00,"21,860,152.70","401,254.00",431704,53.50
4/26/2023 19:00,"18,125,436.80","291,796.90",431762,53.50
4/26/2023 20:00,"15,381,338.70","237,720.10",431524,53.40
4/26/2023 21:00,"13,082,666.70","196,742.80",431688,53.40
4/26/2023 22:00,"10,331,715.70","155,822.00",431752,53.40
4/26/2023 23:00,"7,134,174.40","107,982.20",431490,53.40
4/27/2023 0:00,"4,966,775.30","75,603.90",431747,56.30
4/27/2023 1:00,"3,748,466.10","57,515.30",431848,56.30
4/27/2023 2:00,"3,544,134.80","54,211.40",431864,56.20
4/27/2023 3:00,"4,527,759.40","68,458.40",431864,56.10
4/27/2023 4:00,"8,194,289.50","122,861.90",431709,56.10
4/27/2023 5:00,"14,936,523.90","224,753.20",431436,56.00
4/27/2023 6:00,"20,467,453.80","349,143.00",431720,56.10
4/27/2023 7:00,"24,232,644.90","453,883.30",431704,56.20
4/27/2023 8:00,"23,796,351.40","462,607.70",431694,56.20
4/27/2023 9:00,"22,042,837.30","403,785.30",431728,56.20
4/27/2023 10:00,"21,585,065.50","375,775.40",431764,56.30
4/27/2023 11:00,"21,891,761.90","374,638.10",431720,56.30
4/27/2023 12:00,"22,499,863.00","383,852.20",431832,56.20
4/27/2023 13:00,"23,563,562.00","408,646.50",431784,56.20
4/27/2023 14:00,"25,063,494.80","459,736.60",431800,56.20
4/27/2023 15:00,"25,648,341.80","514,173.70",431800,56.20
4/27/2023 16:00,"25,449,076.50","538,356.80",431848,56.20
4/27/2023 17:00,"24,932,716.00","535,495.80",431864,56.20
4/27/2023 18:00,"22,328,032.00","424,929.30",431623,56.20
4/27/2023 19:00,"19,258,294.30","315,835.90",431875,56.10
4/27/2023 20:00,"16,711,208.10","262,083.80",431880,56.00
4/27/2023 21:00,"14,223,987.20","216,458.10",431880,56.00
4/27/2023 22:00,"10,966,007.10","166,468.50",431880,56.00
4/27/2023 23:00,"7,738,885.60","117,875.40",431628,56.10
4/28/2023 0:00,"5,369,589.80","81,614.80",431880,56.20
4/28/2023 1:00,"4,066,549.60","62,359.50",431880,56.20
4/28/2023 2:00,"3,799,212.10","58,053.10",431880,56.10
4/28/2023 3:00,"4,596,045.50","69,552.00",431628,56.10
4/28/2023 4:00,"7,792,602.70","116,579.80",431564,40.90
4/28/2023 5:00,"14,161,017.30","213,119.70",431612,40.80
4/28/2023 6:00,"19,676,523.90","322,215.30",431548,40.90
4/28/2023 7:00,"23,601,448.90","414,111.90",431736,56.10
4/28/2023 8:00,"23,353,185.30","417,376.60",431736,56.10
4/28/2023 9:00,"22,315,221.40","388,391.90",431710,56.00
4/28/2023 10:00,"22,587,842.00","392,288.80",431688,56.00
4/28/2023 11:00,"23,455,966.20","411,640.00",431726,56.10
4/28/2023 12:00,"24,239,292.60","432,443.50",431726,56.10
4/28/2023 13:00,"24,909,086.20","460,146.30",431694,56.10
4/28/2023 14:00,"25,928,305.70","508,723.30",431704,56.10
4/28/2023 15:00,"26,071,290.80","547,978.00",431694,56.00
4/28/2023 16:00,"25,818,541.50","549,905.30",431688,55.90
4/28/2023 17:00,"25,386,734.90","517,966.90",431704,56.00
4/28/2023 18:00,"23,227,907.70","419,251.10",431704,56.10
4/28/2023 19:00,"20,401,224.30","332,070.20",431710,56.00
4/28/2023 20:00,"18,103,851.80","286,876.60",431704,55.90
4/28/2023 21:00,"16,100,806.10","246,333.30",431704,55.90
4/28/2023 22:00,"13,599,702.30","205,359.60",431720,55.90
4/28/2023 23:00,"10,102,930.80","152,556.50",431484,55.80
4/29/2023 0:00,"6,860,655.50","103,317.40",431688,55.40
4/29/2023 1:00,"4,992,132.90","75,407.90",431704,55.30
4/29/2023 2:00,"4,236,457.10","64,074.10",431709,55.30
4/29/2023 3:00,"3,895,583.30","59,139.10",431688,55.30
4/29/2023 4:00,"4,764,554.30","71,979.00",431699,55.40
4/29/2023 5:00,"7,210,251.40","108,337.70",431704,55.40
4/29/2023 6:00,"11,128,636.30","168,576.90",431721,55.30
4/29/2023 7:00,"15,349,151.90","235,642.00",431694,55.40
4/29/2023 8:00,"19,086,884.70","296,925.70",431704,55.50
4/29/2023 9:00,"22,065,541.20","351,188.60",431688,55.50
4/29/2023 10:00,"23,825,863.20","395,770.20",431710,55.60
4/29/2023 11:00,"24,842,737.50","425,953.30",431704,55.60
4/29/2023 12:00,"25,120,219.30","441,944.70",431689,55.60
4/29/2023 13:00,"25,054,950.20","446,986.10",431688,55.60
4/29/2023 14:00,"25,059,177.20","448,865.10",431688,55.60
4/29/2023 15:00,"24,791,653.20","442,578.40",431684,55.50
4/29/2023 16:00,"24,435,979.40","430,989.90",431699,55.50
4/29/2023 17:00,"23,686,697.80","408,020.30",431710,55.60
4/29/2023 18:00,"22,008,229.50","361,296.90",431436,55.60
4/29/2023 19:00,"19,501,261.20","306,220.10",431726,55.50
4/29/2023 20:00,"17,716,294.00","276,417.40",431688,55.40
4/29/2023 21:00,"16,593,317.60","250,008.40",431710,55.30
4/29/2023 22:00,"14,647,161.20","219,568.90",431436,55.20
4/29/2023 23:00,"11,213,564.30","168,164.50",431688,55.20
4/30/2023 0:00,"7,613,573.40","113,892.20",431452,55.60
4/30/2023 1:00,"5,208,873.00","78,107.80",431694,55.60
4/30/2023 2:00,"4,097,379.00","61,654.20",431700,55.60
4/30/2023 3:00,"3,334,690.20","50,439.30",431726,55.60
4/30/2023 4:00,"3,409,476.70","51,525.20",431704,55.60
4/30/2023 5:00,"4,574,580.30","68,854.30",431699,55.50
4/30/2023 6:00,"6,887,214.60","103,224.80",431688,55.50
4/30/2023 7:00,"9,524,194.20","143,216.70",431704,55.60
4/30/2023 8:00,"12,987,336.90","196,825.20",431458,55.60
4/30/2023 9:00,"17,299,924.20","266,696.70",431490,55.70
4/30/2023 10:00,"20,723,692.40","327,284.50",431688,55.70
4/30/2023 11:00,"22,560,556.40","369,027.40",431684,55.80
4/30/2023 12:00,"23,441,982.30","393,161.70",431688,55.70
4/30/2023 13:00,"23,441,227.90","397,993.60",431683,55.70
4/30/2023 14:00,"23,161,604.30","392,169.80",431720,55.40
4/30/2023 15:00,"23,119,108.70","387,856.80",431737,55.50
4/30/2023 16:00,"22,864,737.50","380,414.70",431720,55.80
4/30/2023 17:00,"22,018,773.80","362,473.90",431720,55.90
4/30/2023 18:00,"20,589,108.00","332,414.00",431678,55.80
4/30/2023 19:00,"18,573,985.30","295,135.70",431452,55.70
4/30/2023 20:00,"16,755,115.30","267,474.60",431704,55.60
4/30/2023 21:00,"14,219,895.60","214,337.70",431710,55.50
4/30/2023 22:00,"10,688,080.60","160,303.80",431694,55.50
4/30/2023 23:00,"7,267,413.00","109,020.30",431452,55.60
5/1/2023 0:00,"5,026,912.30","75,439.40",431709,52.50
5/1/2023 1:00,"3,701,062.90","55,985.20",431704,52.50
5/1/2023 2:00,"3,414,046.60","51,859.20",431698,52.50
5/1/2023 3:00,"4,413,611.80","66,772.50",431704,52.40
5/1/2023 4:00,"8,122,783.40","122,095.10",431719,52.40
5/1/2023 5:00,"14,601,287.50","221,141.70",431442,52.30
5/1/2023 6:00,"19,676,842.30","337,253.90",431704,52.30
5/1/2023 7:00,"23,521,131.10","436,072.70",431720,52.40
5/1/2023 8:00,"22,968,211.40","433,187.80",431720,52.50
5/1/2023 9:00,"21,086,998.70","373,071.60",431736,52.60
5/1/2023 10:00,"20,844,758.60","356,595.20",431779,52.60
5/1/2023 11:00,"21,175,932.00","357,212.80",431880,52.60
5/1/2023 12:00,"21,918,056.70","368,665.30",431880,52.60
5/1/2023 13:00,"22,857,535.30","384,367.10",431880,52.60
5/1/2023 14:00,"24,593,131.50","424,571.40",431880,52.50
5/1/2023 15:00,"25,370,532.50","469,837.40",431880,52.60
5/1/2023 16:00,"25,329,534.80","487,971.90",431628,52.60
5/1/2023 17:00,"24,789,463.50","472,147.50",431880,52.60
5/1/2023 18:00,"21,014,428.40","355,701.90",431875,52.60
5/1/2023 19:00,"16,777,243.50","259,790.00",431874,52.60
5/1/2023 20:00,"13,890,742.40","213,874.00",431880,52.30
5/1/2023 21:00,"11,646,557.70","175,523.90",431880,52.40
5/1/2023 22:00,"9,154,569.40","138,127.50",431880,52.40
5/1/2023 23:00,"6,447,910.70","97,609.70",431628,52.40
5/2/2023 0:00,"4,538,232.90","68,695.80",431878,55.70
5/2/2023 1:00,"3,479,734.60","53,024.10",431904,55.70
5/2/2023 2:00,"3,342,427.00","51,050.40",431976,55.70
5/2/2023 3:00,"4,362,006.90","66,238.70",431724,55.60
5/2/2023 4:00,"7,981,425.00","120,383.90",431970,55.60
5/2/2023 5:00,"14,570,323.90","220,753.10",431976,55.50
5/2/2023 6:00,"20,040,479.20","347,543.70",431976,55.50
5/2/2023 7:00,"23,826,441.80","454,107.90",431976,55.70
5/2/2023 8:00,"23,180,528.60","460,158.50",431976,55.90
5/2/2023 9:00,"21,133,308.90","391,354.50",431970,56.00
5/2/2023 10:00,"20,392,372.10","355,611.10",431976,55.90
5/2/2023 11:00,"20,358,614.70","346,370.30",431976,55.90
5/2/2023 12:00,"21,084,061.20","355,241.30",431940,55.90
5/2/2023 13:00,"22,135,578.40","373,137.50",431904,55.90
5/2/2023 14:00,"24,140,573.90","422,823.70",431904,55.90
5/2/2023 15:00,"25,098,034.40","476,380.90",431904,55.90
5/2/2023 16:00,"25,089,701.30","501,776.30",431904,55.70
5/2/2023 17:00,"24,610,251.60","498,516.60",431904,55.50
5/2/2023 18:00,"21,289,081.30","384,153.40",431898,55.80
5/2/2023 19:00,"17,024,734.50","269,953.10",431898,55.80
5/2/2023 20:00,"14,122,531.00","217,738.20",431904,55.70
5/2/2023 21:00,"12,013,067.10","180,772.90",431904,55.80
5/2/2023 22:00,"9,729,859.50","146,345.90",431904,55.80
5/2/2023 23:00,"6,626,335.40","100,438.40",431652,55.80
5/3/2023 0:00,"4,550,048.90","68,839.60",431886,55.70
5/3/2023 1:00,"3,515,233.20","53,530.10",431904,55.70
5/3/2023 2:00,"3,366,594.10","51,308.60",431904,55.70
5/3/2023 3:00,"4,335,170.20","65,592.60",431904,55.70
5/3/2023 4:00,"7,991,806.10","119,928.40",431898,55.50
5/3/2023 5:00,"14,903,103.70","224,040.00",431856,55.50
5/3/2023 6:00,"20,267,295.30","347,209.90",431892,55.50
5/3/2023 7:00,"23,953,488.40","454,688.20",431850,55.70
5/3/2023 8:00,"23,247,180.00","460,850.30",431838,55.30
5/3/2023 9:00,"21,534,593.70","399,042.70",431856,55.80
5/3/2023 10:00,"20,800,864.30","360,117.30",431844,55.80
5/3/2023 11:00,"20,957,383.60","355,704.50",431862,55.80
5/3/2023 12:00,"21,810,478.80","365,635.10",431832,55.90
5/3/2023 13:00,"22,764,705.00","384,659.60",431850,55.90
5/3/2023 14:00,"24,447,199.70","431,839.60",431844,55.90
5/3/2023 15:00,"25,157,360.60","481,747.80",431838,55.90
5/3/2023 16:00,"25,334,347.90","513,041.50",431838,55.80
5/3/2023 17:00,"25,050,341.70","509,724.00",431839,55.80
5/3/2023 18:00,"21,895,264.50","394,601.20",431838,55.80
5/3/2023 19:00,"17,751,817.40","281,094.10",431832,55.80
5/3/2023 20:00,"14,978,612.20","230,088.30",431862,55.60
5/3/2023 21:00,"12,625,137.20","189,134.80",431850,55.70
5/3/2023 22:00,"9,648,359.80","144,376.10",431862,55.70
5/3/2023 23:00,"6,763,224.30","101,793.20",431598,55.80
5/4/2023 0:00,"4,671,407.80","70,634.80",431856,56.00
5/4/2023 1:00,"3,565,580.50","54,354.70",431886,56.00
5/4/2023 2:00,"3,435,989.60","52,523.80",431904,56.00
5/4/2023 3:00,"4,430,725.40","67,369.90",431892,55.90
5/4/2023 4:00,"7,941,989.20","120,837.90",431850,55.80
5/4/2023 5:00,"14,289,646.50","220,633.50",431862,55.70
5/4/2023 6:00,"19,518,282.80","343,887.50",431862,55.70
5/4/2023 7:00,"23,467,731.00","453,032.60",431880,55.80
5/4/2023 8:00,"23,105,799.10","460,360.00",431886,55.90
5/4/2023 9:00,"21,227,801.20","392,716.50",431862,56.10
5/4/2023 10:00,"20,843,390.60","364,354.50",431880,56.10
5/4/2023 11:00,"21,170,289.90","359,505.40",431874,56.00
5/4/2023 12:00,"22,180,991.30","373,858.00",431856,56.00
5/4/2023 13:00,"23,226,226.20","393,592.70",431850,55.80
5/4/2023 14:00,"25,100,587.40","442,156.70",431856,56.00
5/4/2023 15:00,"25,734,814.40","489,476.30",431856,56.00
5/4/2023 16:00,"25,584,139.00","509,458.60",431832,56.00
5/4/2023 17:00,"25,106,043.50","507,207.90",431850,55.90
5/4/2023 18:00,"21,990,835.00","396,970.20",431856,55.60
5/4/2023 19:00,"18,210,888.00","290,378.40",431844,56.00
5/4/2023 20:00,"15,494,167.10","239,676.30",431904,55.60
5/4/2023 21:00,"13,605,749.60","203,959.50",431862,55.50
5/4/2023 22:00,"10,611,087.60","158,704.00",431838,55.60
5/4/2023 23:00,"7,424,389.60","111,670.70",431604,55.40
5/5/2023 0:00,"5,153,860.60","77,816.40",431844,55.90
5/5/2023 1:00,"3,930,610.60","59,611.60",431862,55.70
5/5/2023 2:00,"3,705,949.10","56,446.10",431898,56.00
5/5/2023 3:00,"4,506,384.00","68,103.20",431892,55.50
5/5/2023 4:00,"7,856,879.60","117,487.90",431880,55.40
5/5/2023 5:00,"14,121,281.80","212,021.80",431880,55.40
5/5/2023 6:00,"19,433,902.30","322,152.90",431886,55.30
5/5/2023 7:00,"23,376,773.80","411,698.70",431880,55.80
5/5/2023 8:00,"23,225,058.30","411,711.90",431874,56.20
5/5/2023 9:00,"21,997,343.60","379,329.00",431892,56.30
5/5/2023 10:00,"22,408,934.50","383,323.70",431856,56.30
5/5/2023 11:00,"23,336,401.70","402,230.80",431856,56.30
5/5/2023 12:00,"24,259,072.00","423,396.00",431874,56.30
5/5/2023 13:00,"25,076,849.00","449,877.60",431898,56.30
5/5/2023 14:00,"26,205,865.10","498,877.10",431940,56.30
5/5/2023 15:00,"26,436,679.60","536,120.60",431910,56.20
5/5/2023 16:00,"26,159,138.40","540,808.20",431874,56.20
5/5/2023 17:00,"25,584,581.80","514,157.10",431838,56.20
5/5/2023 18:00,"23,425,630.60","421,004.70",431844,56.10
5/5/2023 19:00,"20,321,409.90","326,931.40",431832,55.80
5/5/2023 20:00,"17,576,641.40","274,359.10",431862,56.10
5/5/2023 21:00,"15,702,219.20","236,838.80",431844,55.90
5/5/2023 22:00,"13,312,963.60","200,912.30",431886,55.80
5/5/2023 23:00,"9,824,780.80","148,460.20",431652,55.80
5/6/2023 0:00,"6,855,005.30","102,891.90",431880,56.00
5/6/2023 1:00,"5,052,441.90","76,061.30",431904,56.00
5/6/2023 2:00,"4,300,509.20","64,756.60",431904,56.00
5/6/2023 3:00,"3,887,051.40","58,737.80",431904,55.90
5/6/2023 4:00,"4,665,665.70","70,330.70",431904,55.90
5/6/2023 5:00,"7,048,306.90","105,391.50",431904,55.70
5/6/2023 6:00,"10,844,418.70","163,826.50",431904,55.50
5/6/2023 7:00,"14,868,333.40","227,417.80",431904,50.70
5/6/2023 8:00,"18,390,747.70","284,538.10",431652,49.10
5/6/2023 9:00,"21,399,137.70","337,651.00",431904,49.10
5/6/2023 10:00,"23,282,185.50","379,103.80",431904,51.40
5/6/2023 11:00,"24,393,314.40","408,841.80",431894,56.10
5/6/2023 12:00,"24,883,458.10","425,258.50",431904,56.10
5/6/2023 13:00,"24,898,694.60","429,927.10",431904,56.10
5/6/2023 14:00,"24,939,059.80","435,557.70",431904,56.10
5/6/2023 15:00,"24,764,203.20","434,405.00",431904,56.10
5/6/2023 16:00,"24,370,458.30","424,319.20",431904,56.10
5/6/2023 17:00,"23,384,093.40","397,450.20",431904,56.00
5/6/2023 18:00,"21,229,435.10","340,760.70",431898,56.00
5/6/2023 19:00,"18,573,240.30","284,810.50",431898,56.00
5/6/2023 20:00,"16,802,954.30","258,466.50",431904,55.90
5/6/2023 21:00,"16,157,132.10","241,783.30",431652,55.80
5/6/2023 22:00,"14,642,339.00","218,993.10",431652,55.80
5/6/2023 23:00,"11,198,656.60","166,855.90",431652,55.80
5/7/2023 0:00,"7,530,032.10","112,345.00",431628,55.80
5/7/2023 1:00,"5,112,892.70","76,539.10",431904,55.90
5/7/2023 2:00,"3,977,700.80","59,615.30",431904,55.90
5/7/2023 3:00,"3,283,458.00","49,524.80",431652,55.80
5/7/2023 4:00,"3,485,917.10","52,460.10",431904,55.80
5/7/2023 5:00,"4,794,993.80","71,783.90",431898,55.70
5/7/2023 6:00,"7,232,174.60","107,639.90",431904,55.80
5/7/2023 7:00,"9,931,418.20","148,643.50",431652,55.90
5/7/2023 8:00,"13,545,233.70","203,786.60",431898,55.90
5/7/2023 9:00,"18,059,209.40","276,124.80",431904,55.90
5/7/2023 10:00,"21,752,787.80","340,776.40",431904,55.90
5/7/2023 11:00,"23,567,431.10","380,816.50",431904,55.90
5/7/2023 12:00,"24,482,727.40","407,768.90",431904,55.90
5/7/2023 13:00,"24,868,900.80","421,841.70",431899,55.90
5/7/2023 14:00,"24,732,391.80","419,595.50",431904,55.90
5/7/2023 15:00,"24,379,643.10","409,441.90",431904,55.90
5/7/2023 16:00,"23,882,213.30","397,014.10",431904,55.90
5/7/2023 17:00,"22,961,558.80","375,135.70",431904,55.90
5/7/2023 18:00,"21,316,674.60","339,444.80",431904,55.90
5/7/2023 19:00,"19,343,849.10","303,602.00",431904,55.90
5/7/2023 20:00,"17,705,473.30","280,344.80",431892,55.80
5/7/2023 21:00,"15,036,624.40","226,044.70",431880,55.80
5/7/2023 22:00,"11,330,291.70","168,560.70",431892,55.80
5/7/2023 23:00,"7,568,159.30","113,282.00",431604,55.80
5/8/2023 0:00,"4,975,245.90","74,801.30",431862,55.70
5/8/2023 1:00,"3,614,915.90","54,850.10",431856,55.80
5/8/2023 2:00,"3,328,978.50","50,632.60",431844,55.70
5/8/2023 3:00,"4,359,827.90","65,836.40",431832,55.70
5/8/2023 4:00,"8,139,024.30","121,685.10",431844,55.60
5/8/2023 5:00,"14,776,932.20","220,640.80",431832,55.50
5/8/2023 6:00,"20,086,963.20","337,870.80",431886,55.50
5/8/2023 7:00,"23,764,974.10","432,402.20",431838,55.60
5/8/2023 8:00,"22,898,758.00","428,669.00",431844,55.80
5/8/2023 9:00,"20,944,327.30","371,554.30",431838,55.80
5/8/2023 10:00,"20,688,361.00","354,751.80",431838,55.80
5/8/2023 11:00,"21,081,803.10","356,346.80",431850,55.70
5/8/2023 12:00,"21,789,520.20","364,891.40",431832,55.80
5/8/2023 13:00,"22,616,390.30","380,884.10",431862,55.50
5/8/2023 14:00,"24,485,362.80","424,211.50",431904,55.40
5/8/2023 15:00,"25,316,061.50","472,373.40",431904,55.50
5/8/2023 16:00,"25,259,938.00","489,027.60",431904,55.50
5/8/2023 17:00,"24,699,443.70","468,030.20",431904,55.50
5/8/2023 18:00,"20,832,194.20","350,971.30",431904,55.50
5/8/2023 19:00,"16,568,564.80","255,758.10",431904,55.60
5/8/2023 20:00,"13,853,135.60","212,402.20",431904,55.40
5/8/2023 21:00,"11,708,020.40","176,351.60",431904,55.40
5/8/2023 22:00,"9,336,984.30","140,555.30",431904,55.40
5/8/2023 23:00,"6,496,099.80","98,035.30",431652,55.50
5/9/2023 0:00,"4,502,719.50","68,159.80",431578,55.60
5/9/2023 1:00,"3,527,333.50","53,678.20",431904,55.70
5/9/2023 2:00,"3,406,651.90","51,980.20",431904,55.70
5/9/2023 3:00,"4,393,388.80","66,524.90",431904,55.60
5/9/2023 4:00,"8,092,393.50","121,175.50",431888,55.50
5/9/2023 5:00,"15,050,509.70","225,221.70",431904,55.40
5/9/2023 6:00,"20,551,930.50","350,501.80",431904,55.40
5/9/2023 7:00,"24,347,600.00","453,604.30",431904,55.60
5/9/2023 8:00,"23,515,451.40","455,667.50",431904,55.40
5/9/2023 9:00,"21,491,028.20","389,279.10",431904,55.70
5/9/2023 10:00,"20,667,722.10","354,747.20",431904,55.60
5/9/2023 11:00,"20,748,452.30","349,603.50",431904,55.60
5/9/2023 12:00,"21,470,264.70","358,428.90",431904,55.60
5/9/2023 13:00,"22,534,395.00","377,389.10",431904,55.60
5/9/2023 14:00,"24,570,784.20","427,771.40",431904,55.60
5/9/2023 15:00,"25,363,344.80","483,005.60",431904,55.60
5/9/2023 16:00,"25,319,393.10","511,669.20",431904,55.60
5/9/2023 17:00,"24,844,887.80","504,915.00",431899,55.70
5/9/2023 18:00,"21,694,564.90","391,683.40",431899,55.60
5/9/2023 19:00,"17,709,884.20","280,928.10",431904,55.60
5/9/2023 20:00,"14,732,191.00","226,722.30",431899,55.50
5/9/2023 21:00,"12,501,492.00","188,031.70",431904,55.40
5/9/2023 22:00,"9,659,364.10","145,178.10",431904,55.40
5/9/2023 23:00,"6,757,787.60","101,983.70",431652,55.40
5/10/2023 0:00,"4,717,392.80","71,117.10",431830,55.50
5/10/2023 1:00,"3,571,791.40","54,291.10",431880,55.60
5/10/2023 2:00,"3,407,356.30","52,029.80",431880,55.50
5/10/2023 3:00,"4,445,931.60","67,473.40",431880,55.40
5/10/2023 4:00,"8,194,119.30","123,093.90",431880,55.40
5/10/2023 5:00,"15,117,919.70","226,623.70",431833,55.20
5/10/2023 6:00,"20,544,204.10","351,352.00",431880,55.20
5/10/2023 7:00,"24,332,449.10","456,725.70",431755,55.40
5/10/2023 8:00,"23,710,177.00","460,295.40",431866,55.50
5/10/2023 9:00,"22,007,441.30","397,202.90",431880,37.90
5/10/2023 10:00,"21,411,292.70","365,383.30",431628,29.00
5/10/2023 11:00,"21,321,738.00","362,748.20",431880,53.40
5/10/2023 12:00,"22,099,441.90","373,920.70",431880,52.80
5/10/2023 13:00,"23,190,699.00","394,705.40",431859,53.30
5/10/2023 14:00,"24,948,728.00","445,642.80",431832,55.60
5/10/2023 15:00,"25,588,888.10","498,946.30",431816,55.60
5/10/2023 16:00,"25,596,779.20","529,970.70",431864,55.60
5/10/2023 17:00,"25,195,791.00","528,672.40",431800,55.60
5/10/2023 18:00,"22,214,760.10","414,721.10",431784,55.60
5/10/2023 19:00,"18,322,310.20","297,600.90",431848,55.50
5/10/2023 20:00,"15,421,710.50","238,119.40",431800,55.20
5/10/2023 21:00,"13,235,853.00","199,764.50",431752,55.40
5/10/2023 22:00,"10,459,628.50","157,299.50",431847,55.40
5/10/2023 23:00,"7,226,620.50","108,964.10",431803,55.40
5/11/2023 0:00,"4,967,073.10","74,845.00",431836,55.50
5/11/2023 1:00,"3,749,348.80","56,984.00",431869,55.50
5/11/2023 2:00,"3,549,720.70","54,129.30",431910,55.50
5/11/2023 3:00,"4,545,022.10","68,702.20",431880,55.40
5/11/2023 4:00,"8,275,546.60","123,255.30",431768,55.40
5/11/2023 5:00,"15,153,606.50","226,091.80",431735,55.30
5/11/2023 6:00,"20,666,304.90","350,797.90",431766,55.30
5/11/2023 7:00,"24,490,353.40","452,616.70",431816,55.50
5/11/2023 8:00,"23,891,352.60","454,371.70",431751,55.50
5/11/2023 9:00,"22,141,744.20","396,919.00",431709,55.60
5/11/2023 10:00,"21,628,241.50","372,257.70",431724,55.60
5/11/2023 11:00,"21,991,977.10","373,491.70",431625,55.60
5/11/2023 12:00,"22,753,639.30","385,394.80",431703,55.60
5/11/2023 13:00,"23,625,501.80","404,747.60",431721,55.50
5/11/2023 14:00,"25,142,909.10","456,443.60",431740,55.40
5/11/2023 15:00,"25,869,670.40","516,387.60",431835,54.90
5/11/2023 16:00,"25,705,114.90","543,568.90",431781,55.40
5/11/2023 17:00,"25,283,371.10","542,100.90",431781,55.40
5/11/2023 18:00,"22,667,267.90","427,406.30",431781,55.40
5/11/2023 19:00,"19,360,955.00","317,438.60",431770,55.40
5/11/2023 20:00,"16,734,741.40","261,341.50",431788,55.20
5/11/2023 21:00,"14,330,863.00","216,696.70",431792,55.30
5/11/2023 22:00,"11,077,362.60","167,115.10",431805,55.30
5/11/2023 23:00,"7,823,785.90","117,709.50",431532,55.30
5/12/2023 0:00,"5,368,031.50","80,900.80",431409,55.60
5/12/2023 1:00,"4,029,219.60","61,120.10",431792,55.60
5/12/2023 2:00,"3,748,007.70","56,943.70",431582,55.60
5/12/2023 3:00,"4,566,426.90","69,081.40",431832,55.60
5/12/2023 4:00,"7,968,461.30","118,882.90",431554,55.50
5/12/2023 5:00,"14,369,177.00","214,993.50",431756,55.40
5/12/2023 6:00,"19,778,566.30","324,708.40",431762,55.50
5/12/2023 7:00,"23,696,590.90","408,842.10",431684,55.60
5/12/2023 8:00,"23,449,898.70","409,716.30",431736,55.70
5/12/2023 9:00,"22,351,095.90","380,585.40",431632,55.70
5/12/2023 10:00,"22,738,844.80","388,741.50",431716,55.70
5/12/2023 11:00,"23,574,547.00","409,689.90",431516,55.60
5/12/2023 12:00,"24,504,177.80","435,525.10",431506,55.70
5/12/2023 13:00,"25,246,761.90","462,059.50",431519,55.70
5/12/2023 14:00,"26,293,536.10","514,323.10",431581,55.70
5/12/2023 15:00,"26,326,768.30","553,401.60",431545,55.70
5/12/2023 16:00,"25,932,902.50","553,796.50",431493,55.70
5/12/2023 17:00,"25,948,843.70","536,963.20",431530,55.70
5/12/2023 18:00,"23,866,004.70","437,175.10",431452,55.70
5/12/2023 19:00,"20,908,179.80","340,766.00",431453,55.60
5/12/2023 20:00,"18,274,976.90","285,913.30",431494,55.50
5/12/2023 21:00,"16,175,933.30","243,665.20",431498,55.30
5/12/2023 22:00,"14,150,471.60","212,315.50",431654,55.20
5/12/2023 23:00,"10,546,838.60","158,261.50",431711,55.40
5/13/2023 0:00,"7,214,825.50","108,380.60",431360,55.60
5/13/2023 1:00,"5,108,707.80","76,992.90",431580,55.60
5/13/2023 2:00,"4,324,450.00","65,215.40",431814,55.60
5/13/2023 3:00,"3,952,840.70","59,808.50",431808,55.60
5/13/2023 4:00,"4,767,465.40","71,677.50",431574,55.70
5/13/2023 5:00,"7,247,952.70","108,103.50",431562,55.60
5/13/2023 6:00,"11,169,894.50","168,396.20",431556,55.60
5/13/2023 7:00,"15,399,925.60","234,844.80",431808,55.70
5/13/2023 8:00,"19,326,807.40","298,391.20",431820,55.70
5/13/2023 9:00,"22,625,256.20","360,540.40",431814,55.80
5/13/2023 10:00,"24,648,979.80","412,729.40",431808,55.80
5/13/2023 11:00,"25,484,129.40","450,103.30",431568,55.80
5/13/2023 12:00,"25,572,570.80","467,283.50",431814,55.80
5/13/2023 13:00,"25,535,309.30","472,748.60",431809,55.80
5/13/2023 14:00,"25,508,824.50","474,038.80",431803,55.80
5/13/2023 15:00,"25,314,495.80","471,084.90",431814,55.80
5/13/2023 16:00,"24,862,670.20","457,811.70",431814,55.80
5/13/2023 17:00,"24,040,254.50","430,438.90",431809,55.80
5/13/2023 18:00,"22,523,387.70","384,628.90",431778,55.80
5/13/2023 19:00,"20,154,687.80","326,015.00",431808,55.70
5/13/2023 20:00,"18,356,126.00","290,088.90",431815,55.60
5/13/2023 21:00,"17,369,138.70","263,263.00",431814,55.60
5/13/2023 22:00,"15,414,768.40","231,813.40",431814,55.60
5/13/2023 23:00,"11,734,826.50","175,425.70",431568,55.60
5/14/2023 0:00,"7,987,246.10","119,296.40",431684,55.50
5/14/2023 1:00,"5,494,716.40","82,331.80",431820,55.60
5/14/2023 2:00,"4,221,733.40","63,393.60",431814,55.50
5/14/2023 3:00,"3,385,016.40","51,135.00",431808,55.50
5/14/2023 4:00,"3,469,769.90","52,365.40",431814,55.50
5/14/2023 5:00,"4,681,026.60","70,307.30",431756,55.50
5/14/2023 6:00,"6,889,025.20","102,975.30",431826,55.60
5/14/2023 7:00,"9,533,198.40","142,563.20",431820,55.60
5/14/2023 8:00,"13,479,167.70","202,395.20",431820,55.60
5/14/2023 9:00,"18,596,699.60","283,461.80",431814,55.70
5/14/2023 10:00,"22,586,937.40","356,885.90",431814,55.70
5/14/2023 11:00,"24,435,941.00","406,829.10",431814,55.70
5/14/2023 12:00,"25,205,868.50","435,480.00",431808,55.60
5/14/2023 13:00,"25,136,553.20","444,912.40",431814,55.70
5/14/2023 14:00,"24,870,872.30","438,009.00",431808,55.70
5/14/2023 15:00,"24,554,304.00","427,380.70",431804,55.70
5/14/2023 16:00,"24,220,039.10","418,005.10",431814,55.60
5/14/2023 17:00,"23,395,992.70","397,561.30",431826,55.70
5/14/2023 18:00,"22,175,095.90","364,526.20",431809,55.70
5/14/2023 19:00,"20,733,676.60","334,834.10",431826,55.50
5/14/2023 20:00,"19,283,007.00","314,130.50",431820,55.40
5/14/2023 21:00,"16,805,173.10","259,071.90",431803,55.40
5/14/2023 22:00,"12,292,839.40","184,305.50",431826,55.50
5/14/2023 23:00,"7,946,817.20","118,688.30",431562,55.40
5/15/2023 0:00,"5,157,494.90","77,115.70",431706,55.30
5/15/2023 1:00,"3,764,932.30","56,637.90",431820,55.40
5/15/2023 2:00,"3,433,684.50","52,008.20",431814,55.40
5/15/2023 3:00,"4,479,673.60","67,565.50",431814,55.30
5/15/2023 4:00,"8,299,289.40","123,967.30",431826,55.20
5/15/2023 5:00,"14,917,174.20","223,686.70",431808,55.20
5/15/2023 6:00,"20,073,485.40","338,651.50",431814,55.30
5/15/2023 7:00,"23,671,222.90","430,198.60",431803,55.40
5/15/2023 8:00,"23,275,885.80","429,355.40",431814,55.40
5/15/2023 9:00,"21,343,252.10","370,817.00",431808,55.40
5/15/2023 10:00,"21,109,975.80","357,682.40",431803,55.50
5/15/2023 11:00,"21,494,116.80","362,159.60",431826,55.50
5/15/2023 12:00,"22,202,793.00","373,287.10",431814,55.50
5/15/2023 13:00,"23,029,094.00","389,897.40",431808,55.50
5/15/2023 14:00,"24,755,585.90","434,482.80",431814,55.50
5/15/2023 15:00,"25,506,135.90","481,905.70",431826,55.50
5/15/2023 16:00,"25,351,805.70","495,401.90",431814,55.40
5/15/2023 17:00,"24,812,191.80","479,117.60",431808,55.40
5/15/2023 18:00,"21,076,548.20","359,540.40",431808,55.40
5/15/2023 19:00,"17,099,071.80","265,095.30",431808,55.40
5/15/2023 20:00,"14,406,683.90","221,400.00",431814,55.30
5/15/2023 21:00,"12,244,125.90","183,903.10",431808,55.30
5/15/2023 22:00,"9,536,034.50","143,273.90",431808,55.30
5/15/2023 23:00,"6,763,435.20","101,900.30",431820,55.30
5/16/2023 0:00,"4,753,144.30","71,907.80",431705,55.40
5/16/2023 1:00,"3,651,192.80","55,655.10",431808,55.40
5/16/2023 2:00,"3,465,163.20","52,945.70",431808,55.40
5/16/2023 3:00,"4,495,036.00","68,198.50",431814,55.30
5/16/2023 4:00,"8,251,297.40","123,701.80",431788,55.20
5/16/2023 5:00,"15,070,651.10","226,383.50",431562,55.10
5/16/2023 6:00,"20,481,257.40","351,640.10",431808,55.20
5/16/2023 7:00,"24,181,545.50","459,315.70",431808,55.30
5/16/2023 8:00,"23,454,039.10","466,487.40",431808,55.30
5/16/2023 9:00,"21,501,244.90","398,914.60",431808,55.40
5/16/2023 10:00,"20,928,521.30","363,830.70",431814,55.30
5/16/2023 11:00,"20,995,229.80","356,222.30",431809,55.40
5/16/2023 12:00,"21,647,675.50","364,944.60",431808,55.40
5/16/2023 13:00,"22,649,473.60","382,632.70",431856,51.30
5/16/2023 14:00,"24,455,640.50","430,716.60",431880,48.40
5/16/2023 15:00,"25,154,493.60","485,822.70",431880,48.40
5/16/2023 16:00,"25,060,038.50","510,448.00",431880,48.30
5/16/2023 17:00,"24,560,986.60","506,521.10",431880,48.40
5/16/2023 18:00,"21,440,650.10","394,124.80",431628,48.20
5/16/2023 19:00,"17,605,254.00","281,503.50",431880,48.30
5/16/2023 20:00,"14,901,599.70","229,072.00",431880,48.20
5/16/2023 21:00,"12,712,236.40","190,394.80",431880,48.10
5/16/2023 22:00,"9,948,692.80","148,749.30",431880,48.30
5/16/2023 23:00,"6,971,103.30","104,450.20",431880,48.30
5/17/2023 0:00,"4,729,972.10","71,045.10",431880,48.40
5/17/2023 1:00,"3,530,099.10","53,454.30",431880,48.40
5/17/2023 2:00,"3,320,336.10","50,391.70",431880,48.40
5/17/2023 3:00,"4,329,280.00","65,215.00",431628,48.30
5/17/2023 4:00,"8,208,467.10","122,273.60",431880,48.20
5/17/2023 5:00,"15,340,420.10","228,963.80",431880,48.20
5/17/2023 6:00,"20,676,143.00","352,710.90",431880,48.30
5/17/2023 7:00,"24,237,039.70","456,813.00",431880,48.40
5/17/2023 8:00,"23,645,901.40","463,606.20",431880,48.40
5/17/2023 9:00,"21,833,146.40","402,258.80",431880,48.40
5/17/2023 10:00,"21,213,340.90","369,511.20",431880,48.40
5/17/2023 11:00,"21,444,671.70","365,038.80",431880,48.20
5/17/2023 12:00,"22,164,912.70","374,403.20",431880,48.20
5/17/2023 13:00,"23,111,706.60","392,644.70",431875,48.20
5/17/2023 14:00,"24,846,940.60","441,362.50",431856,48.30
5/17/2023 15:00,"25,394,740.90","490,096.40",431808,48.30
5/17/2023 16:00,"25,340,825.00","518,081.00",431814,48.30
5/17/2023 17:00,"24,915,334.30","520,381.80",431798,48.30
5/17/2023 18:00,"22,017,348.30","408,138.50",431551,48.30
5/17/2023 19:00,"18,365,927.30","295,654.40",431803,48.20
5/17/2023 20:00,"15,709,771.70","241,964.70",431808,48.10
5/17/2023 21:00,"13,330,252.40","199,948.70",431563,48.10
5/17/2023 22:00,"10,279,175.40","153,652.30",431808,48.10
5/17/2023 23:00,"7,190,655.90","107,454.40",431580,48.10
5/18/2023 0:00,"4,891,182.10","73,214.60",431749,48.50
5/18/2023 1:00,"3,642,064.90","54,867.30",431808,48.50
5/18/2023 2:00,"3,452,324.60","52,198.40",431808,48.50
5/18/2023 3:00,"4,457,090.50","67,017.40",431814,48.50
5/18/2023 4:00,"8,278,027.20","123,030.20",431814,48.40
5/18/2023 5:00,"15,262,633.80","227,670.50",431808,48.30
5/18/2023 6:00,"20,611,120.70","349,732.50",431820,48.40
5/18/2023 7:00,"24,183,546.10","449,748.70",431820,48.50
5/18/2023 8:00,"23,729,313.90","456,869.50",431826,48.50
5/18/2023 9:00,"22,049,830.20","400,241.30",431808,48.30
5/18/2023 10:00,"21,646,177.50","375,735.20",431814,47.90
5/18/2023 11:00,"21,961,277.50","374,582.30",431815,48.60
5/18/2023 12:00,"22,725,720.00","385,520.50",431820,48.60
5/18/2023 13:00,"23,825,776.80","408,455.00",431814,48.60
5/18/2023 14:00,"25,339,132.80","458,143.50",431815,48.60
5/18/2023 15:00,"25,769,011.40","511,595.00",431808,48.60
5/18/2023 16:00,"25,518,686.50","535,300.20",431820,48.60
5/18/2023 17:00,"25,114,411.20","535,670.80",431610,39.80
5/18/2023 18:00,"22,451,722.80","422,935.70",431610,33.50
5/18/2023 19:00,"19,152,016.00","310,289.30",431604,33.50
5/18/2023 20:00,"16,638,370.80","257,004.20",431610,33.30
5/18/2023 21:00,"14,379,052.40","215,085.40",431610,33.30
5/18/2023 22:00,"11,212,255.30","167,501.70",431358,33.30
5/18/2023 23:00,"7,856,620.60","116,964.20",431352,33.30
5/19/2023 0:00,"5,326,082.40","79,832.60",431485,40.60
5/19/2023 1:00,"3,948,655.40","59,540.10",431604,40.60
5/19/2023 2:00,"3,642,099.20","55,202.30",431628,40.60
5/19/2023 3:00,"4,479,662.10","67,558.10",431622,40.50
5/19/2023 4:00,"8,068,765.10","120,069.40",431640,40.50
5/19/2023 5:00,"14,542,894.00","217,201.40",431610,40.40
5/19/2023 6:00,"19,869,997.30","326,091.90",431616,40.60
5/19/2023 7:00,"23,788,240.10","412,593.80",431658,40.60
5/19/2023 8:00,"23,554,420.50","412,297.00",431634,40.70
5/19/2023 9:00,"22,480,316.80","383,441.80",431616,40.80
5/19/2023 10:00,"22,846,513.90","387,315.20",431604,40.80
5/19/2023 11:00,"23,812,437.60","407,242.50",431364,40.80
5/19/2023 12:00,"24,754,404.70","433,431.60",431604,40.80
5/19/2023 13:00,"25,497,177.40","462,132.70",431610,40.80
5/19/2023 14:00,"26,477,367.70","510,188.00",431604,40.80
5/19/2023 15:00,"26,467,089.00","549,931.30",431616,40.80
5/19/2023 16:00,"26,187,464.70","552,812.70",431610,40.80
5/19/2023 17:00,"25,767,069.60","525,830.30",431599,40.80
5/19/2023 18:00,"23,609,943.80","426,582.00",431605,40.80
5/19/2023 19:00,"20,679,630.30","332,889.00",431604,40.70
5/19/2023 20:00,"18,257,991.90","284,606.50",431622,40.60
5/19/2023 21:00,"16,434,240.20","247,135.50",431604,40.50
5/19/2023 22:00,"13,787,275.50","206,755.90",431604,40.50
5/19/2023 23:00,"10,106,881.10","151,423.70",431352,40.60
5/20/2023 0:00,"6,913,646.60","103,383.30",431245,40.60
5/20/2023 1:00,"4,882,281.80","73,357.80",431610,40.60
5/20/2023 2:00,"4,064,965.90","61,124.00",431604,40.60
5/20/2023 3:00,"3,743,954.10","56,353.30",431358,40.60
5/20/2023 4:00,"4,694,896.90","70,355.10",431622,40.60
5/20/2023 5:00,"7,213,904.30","107,427.60",431604,40.50
5/20/2023 6:00,"10,989,745.20","165,482.00",431604,40.60
5/20/2023 7:00,"14,914,105.50","227,114.90",431616,40.70
5/20/2023 8:00,"18,460,549.90","284,431.60",431610,40.80
5/20/2023 9:00,"21,347,611.40","335,572.40",431352,40.80
5/20/2023 10:00,"23,162,641.60","377,923.20",431604,40.90
5/20/2023 11:00,"24,133,234.40","407,498.40",431610,40.90
5/20/2023 12:00,"24,398,911.20","424,033.20",431610,40.90
5/20/2023 13:00,"24,380,269.80","428,231.30",431352,40.90
5/20/2023 14:00,"24,335,748.00","428,510.10",431604,40.90
5/20/2023 15:00,"24,098,026.00","427,000.70",431352,40.90
5/20/2023 16:00,"23,810,045.20","418,379.80",431599,40.80
5/20/2023 17:00,"23,072,974.70","394,905.20",431604,40.90
5/20/2023 18:00,"21,222,565.70","344,922.70",431352,40.90
5/20/2023 19:00,"18,583,723.20","286,724.50",431610,40.80
5/20/2023 20:00,"16,896,031.70","259,611.90",431604,40.60
5/20/2023 21:00,"16,046,873.30","240,362.90",431604,40.60
5/20/2023 22:00,"14,504,785.00","217,048.60",431599,40.60
5/20/2023 23:00,"11,214,323.40","168,134.20",431352,40.60
5/21/2023 0:00,"7,849,298.70","116,725.30",431277,38.10
5/21/2023 1:00,"5,217,809.90","77,617.30",431604,38.20
5/21/2023 2:00,"3,969,080.10","59,149.30",431604,38.10
5/21/2023 3:00,"3,146,816.70","47,108.10",431604,38.10
5/21/2023 4:00,"3,327,311.30","49,798.00",431610,38.10
5/21/2023 5:00,"4,671,897.80","69,516.80",431277,38.00
5/21/2023 6:00,"7,225,119.30","107,323.20",431604,38.10
5/21/2023 7:00,"9,924,991.00","148,166.20",431616,38.20
5/21/2023 8:00,"13,514,626.20","203,055.90",431622,38.20
5/21/2023 9:00,"18,177,351.00","277,496.20",431611,38.30
5/21/2023 10:00,"21,939,151.10","342,919.80",431605,38.40
5/21/2023 11:00,"23,824,812.60","383,430.80",431347,38.40
5/21/2023 12:00,"24,796,367.80","412,710.70",431622,38.40
5/21/2023 13:00,"24,936,524.30","422,462.70",431599,38.40
5/21/2023 14:00,"24,810,631.50","421,385.90",431599,38.40
5/21/2023 15:00,"24,487,646.20","412,902.30",431358,38.40
5/21/2023 16:00,"24,073,980.80","403,000.40",431364,38.40
5/21/2023 17:00,"23,203,409.30","379,254.20",431604,38.40
5/21/2023 18:00,"21,500,675.60","341,420.10",431347,38.40
5/21/2023 19:00,"19,315,839.50","300,984.20",431604,38.30
5/21/2023 20:00,"17,528,800.70","275,438.80",431610,38.10
5/21/2023 21:00,"15,170,068.80","226,794.60",431622,38.00
5/21/2023 22:00,"11,633,096.40","172,818.90",431610,38.10
5/21/2023 23:00,"7,743,548.40","115,110.30",431352,38.10
5/22/2023 0:00,"5,028,393.50","74,905.70",431541,38.10
5/22/2023 1:00,"3,524,463.90","52,881.90",431358,38.10
5/22/2023 2:00,"3,192,601.40","48,086.60",431616,38.10
5/22/2023 3:00,"4,223,852.20","63,294.30",431604,38.00
5/22/2023 4:00,"8,168,153.00","121,477.50",431535,37.80
5/22/2023 5:00,"14,914,829.30","222,672.70",431604,37.80
5/22/2023 6:00,"20,005,970.50","333,795.90",431628,37.90
5/22/2023 7:00,"23,627,862.70","425,677.70",431610,38.10
5/22/2023 8:00,"23,097,363.60","424,754.40",431814,44.40
5/22/2023 9:00,"21,194,770.20","369,461.00",431808,53.20
5/22/2023 10:00,"20,909,118.70","353,180.20",431875,53.20
5/22/2023 11:00,"21,434,066.20","360,535.90",431880,53.30
5/22/2023 12:00,"22,164,724.40","369,778.60",431676,42.00
5/22/2023 13:00,"23,000,248.90","385,529.50",431676,38.20
5/22/2023 14:00,"24,759,138.30","426,582.90",431676,38.20
5/22/2023 15:00,"25,404,364.80","469,046.70",431671,38.20
5/22/2023 16:00,"25,321,504.30","484,806.30",431676,38.20
5/22/2023 17:00,"24,752,996.60","468,923.40",431676,38.10
5/22/2023 18:00,"21,041,543.30","356,433.90",431676,38.20
5/22/2023 19:00,"17,060,814.50","263,369.30",431424,38.10
5/22/2023 20:00,"14,381,288.70","220,532.80",431652,38.00
5/22/2023 21:00,"12,344,108.20","185,364.70",431358,37.90
5/22/2023 22:00,"9,528,781.90","142,262.10",431604,38.00
5/22/2023 23:00,"6,621,505.60","99,330.80",431358,37.90
5/23/2023 0:00,"4,550,832.70","68,370.50",431543,38.00
5/23/2023 1:00,"3,449,649.90","52,277.40",431652,38.00
5/23/2023 2:00,"3,257,698.30","49,549.10",431664,38.00
5/23/2023 3:00,"4,256,295.10","64,302.20",431658,37.90
5/23/2023 4:00,"8,133,350.00","121,716.40",431658,37.80
5/23/2023 5:00,"15,201,303.70","228,627.70",431863,47.00
5/23/2023 6:00,"20,443,246.70","352,160.40",431856,53.00
5/23/2023 7:00,"23,990,219.30","454,736.60",431856,53.10
5/23/2023 8:00,"23,384,175.50","460,890.70",431862,53.10
5/23/2023 9:00,"21,507,351.10","395,379.80",431863,53.20
5/23/2023 10:00,"20,873,380.80","364,045.00",431856,53.30
5/23/2023 11:00,"20,926,339.10","354,236.80",431868,53.30
5/23/2023 12:00,"21,733,996.10","364,444.90",431616,53.30
5/23/2023 13:00,"22,818,492.40","384,264.50",431862,53.40
5/23/2023 14:00,"24,654,142.50","433,634.70",431856,53.30
5/23/2023 15:00,"25,261,738.30","482,638.90",431856,53.40
5/23/2023 16:00,"25,306,418.40","510,760.10",431856,53.30
5/23/2023 17:00,"24,849,228.20","505,904.70",431856,53.30
5/23/2023 18:00,"21,601,226.20","394,521.70",431856,53.30
5/23/2023 19:00,"17,804,233.80","286,380.30",431856,53.20
5/23/2023 20:00,"15,003,818.00","231,805.20",431848,53.10
5/23/2023 21:00,"12,754,724.10","191,692.10",431862,53.00
5/23/2023 22:00,"9,887,009.50","148,277.90",431862,53.00
5/23/2023 23:00,"6,973,684.20","105,079.20",431599,53.00
5/24/2023 0:00,"4,862,135.60","73,551.50",431761,53.10
5/24/2023 1:00,"3,674,372.50","56,059.20",431862,53.10
5/24/2023 2:00,"3,483,162.80","53,190.90",431856,53.10
5/24/2023 3:00,"4,513,381.00","68,366.00",431862,53.10
5/24/2023 4:00,"8,357,410.60","125,183.90",431886,53.00
5/24/2023 5:00,"15,246,295.50","229,454.90",431808,52.90
5/24/2023 6:00,"20,425,682.60","353,170.80",431868,53.00
5/24/2023 7:00,"24,039,264.80","460,543.10",431862,53.00
5/24/2023 8:00,"23,498,245.00","466,438.10",431856,53.10
5/24/2023 9:00,"21,704,907.00","401,276.00",431851,53.20
5/24/2023 10:00,"21,218,456.50","371,108.60",431856,53.40
5/24/2023 11:00,"21,418,335.60","366,603.90",431862,53.30
5/24/2023 12:00,"22,242,929.20","377,078.40",431862,53.30
5/24/2023 13:00,"23,309,368.20","397,816.80",431856,53.40
5/24/2023 14:00,"24,971,347.60","443,937.40",431806,53.40
5/24/2023 15:00,"25,442,838.10","495,437.20",431837,53.40
5/24/2023 16:00,"25,351,801.00","519,981.70",431832,53.40
5/24/2023 17:00,"24,961,233.80","519,768.50",431862,53.40
5/24/2023 18:00,"22,233,534.10","411,867.20",431781,53.20
5/24/2023 19:00,"18,574,582.70","299,192.90",431706,53.10
5/24/2023 20:00,"15,842,563.00","244,073.70",431581,53.00
5/24/2023 21:00,"13,554,392.00","203,667.40",431556,52.90
5/24/2023 22:00,"10,384,428.50","155,437.00",431651,52.90
5/24/2023 23:00,"7,259,208.90","109,124.60",431394,52.90
5/25/2023 0:00,"5,016,487.40","75,887.80",431359,53.20
5/25/2023 1:00,"3,779,454.00","57,676.50",431811,53.20
5/25/2023 2:00,"3,565,862.00","54,585.90",431862,53.10
5/25/2023 3:00,"4,563,051.40","69,000.10",431616,53.10
5/25/2023 4:00,"8,375,618.10","125,106.70",431820,49.20
5/25/2023 5:00,"15,265,851.90","228,599.30",431856,52.80
5/25/2023 6:00,"20,542,252.00","348,924.40",431862,52.80
5/25/2023 7:00,"24,307,726.80","450,158.30",431880,53.10
5/25/2023 8:00,"23,920,847.30","451,228.60",431856,53.10
5/25/2023 9:00,"22,029,825.90","395,156.20",431856,53.10
5/25/2023 10:00,"21,659,847.90","375,781.70",431610,53.20
5/25/2023 11:00,"22,286,724.60","383,531.00",431868,53.20
5/25/2023 12:00,"23,139,626.10","398,332.30",431862,53.20
5/25/2023 13:00,"24,096,564.40","420,970.00",431862,53.40
5/25/2023 14:00,"25,484,861.40","472,387.00",431832,53.40
5/25/2023 15:00,"25,936,780.40","521,796.40",431832,53.50
5/25/2023 16:00,"25,909,493.10","545,037.60",431856,53.60
5/25/2023 17:00,"25,608,499.50","544,905.50",431832,53.60
5/25/2023 18:00,"22,902,628.80","430,059.30",431696,53.40
5/25/2023 19:00,"19,742,213.30","321,807.10",431721,53.50
5/25/2023 20:00,"17,075,434.10","265,596.70",431606,53.40
5/25/2023 21:00,"14,823,184.10","223,998.60",431566,53.40
5/25/2023 22:00,"11,594,902.20","174,314.50",431529,53.40
5/25/2023 23:00,"8,254,058.10","123,961.40",431325,53.40
5/26/2023 0:00,"5,584,985.40","84,054.40",431696,53.20
5/26/2023 1:00,"4,174,367.10","63,328.90",431726,53.20
5/26/2023 2:00,"3,837,665.10","58,204.00",431832,53.10
5/26/2023 3:00,"4,636,864.50","69,973.10",431574,53.00
5/26/2023 4:00,"7,998,009.40","119,321.10",431778,53.00
5/26/2023 5:00,"14,275,164.90","211,942.20",431856,52.90
5/26/2023 6:00,"19,430,551.50","314,674.20",431610,53.00
5/26/2023 7:00,"23,349,870.80","396,704.70",431851,53.20
5/26/2023 8:00,"23,382,490.60","400,725.70",431856,53.20
5/26/2023 9:00,"22,765,332.10","382,946.10",431856,53.30
5/26/2023 10:00,"23,398,772.10","396,753.30",431856,53.30
5/26/2023 11:00,"24,317,738.70","421,869.30",431802,53.20
5/26/2023 12:00,"25,185,680.30","451,612.10",431604,53.30
5/26/2023 13:00,"25,700,034.80","479,852.90",431831,53.30
5/26/2023 14:00,"26,289,073.40","521,198.60",431801,53.30
5/26/2023 15:00,"26,189,584.20","549,367.80",431856,53.30
5/26/2023 16:00,"26,068,123.30","540,607.30",431831,53.30
5/26/2023 17:00,"25,825,788.10","508,534.50",431812,53.30
5/26/2023 18:00,"23,874,811.80","422,853.90",431701,53.30
5/26/2023 19:00,"21,138,761.70","340,919.20",431758,53.30
5/26/2023 20:00,"18,848,382.60","295,449.00",431812,53.10
5/26/2023 21:00,"17,078,437.40","258,026.20",431838,53.10
5/26/2023 22:00,"14,240,301.90","212,546.00",431831,53.10
5/26/2023 23:00,"10,738,068.20","160,032.90",431579,53.10
5/27/2023 0:00,"7,458,558.20","111,053.80",431777,53.70
5/27/2023 1:00,"5,282,888.30","79,282.80",431862,53.60
5/27/2023 2:00,"4,357,098.30","65,563.50",431868,53.60
5/27/2023 3:00,"3,982,765.40","60,079.70",431610,53.50
5/27/2023 4:00,"4,879,807.60","73,249.80",431892,53.50
5/27/2023 5:00,"7,387,786.30","109,696.90",431892,53.50
5/27/2023 6:00,"11,431,288.90","171,675.90",431916,53.50
5/27/2023 7:00,"15,520,792.20","235,930.30",431922,53.70
5/27/2023 8:00,"19,289,038.70","297,670.50",431922,53.70
5/27/2023 9:00,"22,586,355.30","357,529.20",431922,53.70
5/27/2023 10:00,"24,471,807.70","404,568.90",431922,53.70
5/27/2023 11:00,"25,280,470.90","433,834.40",431910,53.70
5/27/2023 12:00,"25,335,991.80","447,035.20",431670,53.70
5/27/2023 13:00,"25,127,305.50","450,966.70",431664,53.70
5/27/2023 14:00,"25,096,294.00","453,688.60",431916,53.70
5/27/2023 15:00,"24,432,692.60","437,573.90",431866,53.70
5/27/2023 16:00,"24,301,133.50","426,986.00",431764,53.70
5/27/2023 17:00,"23,550,084.80","401,044.20",431641,53.70
5/27/2023 18:00,"21,898,985.00","355,388.90",431691,53.70
5/27/2023 19:00,"19,369,343.00","299,514.50",431536,53.60
5/27/2023 20:00,"17,665,683.60","273,449.40",431566,53.40
5/27/2023 21:00,"16,907,042.20","254,624.40",431551,53.40
5/27/2023 22:00,"14,939,300.50","222,613.90",431586,53.40
5/27/2023 23:00,"11,492,955.50","171,169.90",431299,53.30
5/28/2023 0:00,"7,895,078.70","117,531.90",431561,53.50
5/28/2023 1:00,"5,433,522.90","81,163.50",431561,53.50
5/28/2023 2:00,"4,173,736.30","62,475.60",431537,53.50
5/28/2023 3:00,"3,316,190.00","49,836.70",431556,53.40
5/28/2023 4:00,"3,451,179.40","51,833.40",431643,53.40
5/28/2023 5:00,"4,686,956.60","70,066.80",431576,53.40
5/28/2023 6:00,"7,086,511.80","105,563.70",431561,53.40
5/28/2023 7:00,"9,653,763.50","144,355.20",431566,53.60
5/28/2023 8:00,"13,148,048.70","197,842.90",431551,53.50
5/28/2023 9:00,"17,718,576.70","270,840.80",431304,53.50
5/28/2023 10:00,"21,436,410.50","335,020.10",431561,53.60
5/28/2023 11:00,"23,329,340.80","376,039.20",431566,53.60
5/28/2023 12:00,"24,356,563.40","401,206.60",431551,53.60
5/28/2023 13:00,"24,612,957.30","409,718.60",431556,53.60
5/28/2023 14:00,"24,451,190.60","409,865.00",431541,53.60
5/28/2023 15:00,"24,051,507.50","398,108.80",431546,53.60
5/28/2023 16:00,"23,382,583.80","381,898.60",431556,53.40
5/28/2023 17:00,"22,396,292.60","358,635.20",431556,53.20
5/28/2023 18:00,"20,847,991.00","328,227.20",431581,53.10
5/28/2023 19:00,"18,956,305.50","293,988.10",431576,53.20
5/28/2023 20:00,"17,234,382.30","269,370.40",431576,53.30
5/28/2023 21:00,"15,655,545.40","233,411.20",431536,53.30
5/28/2023 22:00,"12,970,607.80","191,852.80",431541,53.30
5/28/2023 23:00,"9,219,423.60","136,079.10",431284,53.30
5/29/2023 0:00,"6,122,345.50","90,305.80",431571,53.40
5/29/2023 1:00,"4,110,917.00","60,797.80",431546,53.40
5/29/2023 2:00,"3,343,600.60","49,760.90",431601,53.30
5/29/2023 3:00,"3,401,859.30","50,823.80",431606,53.20
5/29/2023 4:00,"4,932,354.30","73,049.80",431607,53.20
5/29/2023 5:00,"8,368,317.80","122,625.20",431612,53.10
5/29/2023 6:00,"11,460,399.20","178,606.90",431620,53.20
5/29/2023 7:00,"13,776,059.90","225,133.50",431623,53.30
5/29/2023 8:00,"15,647,362.60","257,254.10",431581,53.40
5/29/2023 9:00,"18,099,111.50","289,423.50",431586,53.40
5/29/2023 10:00,"20,766,609.90","330,693.10",431536,53.50
5/29/2023 11:00,"22,780,584.80","367,906.20",431586,53.50
5/29/2023 12:00,"23,711,619.90","388,234.80",431586,53.40
5/29/2023 13:00,"24,013,130.40","396,698.30",431586,53.40
5/29/2023 14:00,"24,101,483.50","404,859.40",431602,53.40
5/29/2023 15:00,"23,665,099.90","403,934.80",431596,53.40
5/29/2023 16:00,"22,906,241.10","393,664.30",431622,53.50
5/29/2023 17:00,"22,058,153.60","375,374.20",431648,53.40
5/29/2023 18:00,"20,346,889.40","327,906.90",431672,53.50
5/29/2023 19:00,"18,028,576.00","276,182.00",431745,53.40
5/29/2023 20:00,"16,317,536.00","247,941.20",431885,53.30
5/29/2023 21:00,"14,044,199.40","206,005.80",431855,53.30
5/29/2023 22:00,"10,690,829.50","155,518.50",431897,53.30
5/29/2023 23:00,"7,244,166.80","105,863.00",431676,53.30
5/30/2023 0:00,"4,853,370.30","71,706.70",431928,53.40
5/30/2023 1:00,"3,540,189.90","52,738.30",431916,53.10
5/30/2023 2:00,"3,287,564.50","49,270.90",431928,53.20
5/30/2023 3:00,"4,454,008.00","66,289.80",431664,53.20
5/30/2023 4:00,"8,441,944.50","125,117.90",431922,53.10
5/30/2023 5:00,"15,266,654.20","227,000.10",431676,53.10
5/30/2023 6:00,"20,369,703.20","346,764.50",431928,53.10
5/30/2023 7:00,"23,888,896.50","446,821.30",431928,53.30
5/30/2023 8:00,"23,269,730.00","447,046.70",431928,53.40
5/30/2023 9:00,"21,633,889.70","392,869.80",431928,53.40
5/30/2023 10:00,"21,283,132.30","367,616.70",431928,53.50
5/30/2023 11:00,"21,489,217.10","364,546.50",431928,53.50
5/30/2023 12:00,"22,256,599.50","374,323.10",431928,53.50
5/30/2023 13:00,"23,065,093.60","389,564.10",431928,53.40
5/30/2023 14:00,"24,699,550.70","432,433.90",431928,53.50
5/30/2023 15:00,"25,349,536.60","481,083.70",431923,53.50
5/30/2023 16:00,"25,369,964.60","501,962.20",431928,53.50
5/30/2023 17:00,"24,966,896.90","493,864.20",431928,53.40
5/30/2023 18:00,"21,620,916.90","383,107.00",431928,53.40
5/30/2023 19:00,"17,684,910.50","280,763.00",431928,53.40
5/30/2023 20:00,"14,800,539.20","229,136.20",431928,53.30
5/30/2023 21:00,"12,669,469.20","191,971.50",431928,53.20
5/30/2023 22:00,"10,114,623.70","153,431.10",431928,52.60
5/30/2023 23:00,"7,189,305.10","110,143.30",431676,52.80
5/31/2023 0:00,"4,742,216.00","71,121.30",431928,48.90
5/31/2023 1:00,"3,547,959.40","53,773.20",431928,48.90
5/31/2023 2:00,"3,377,903.40","51,248.50",431928,48.80
5/31/2023 3:00,"4,419,068.60","66,679.00",431928,48.70
5/31/2023 4:00,"8,307,026.30","124,107.10",431928,48.30
5/31/2023 5:00,"15,338,596.60","229,078.00",431928,48.10
5/31/2023 6:00,"20,637,469.00","349,149.30",431928,48.20
5/31/2023 7:00,"24,107,420.70","445,546.80",431928,48.30
5/31/2023 8:00,"23,494,937.30","445,819.20",431928,48.70
5/31/2023 9:00,"21,736,823.40","389,190.10",431928,48.90
5/31/2023 10:00,"21,238,991.80","367,105.40",431928,48.90
5/31/2023 11:00,"21,499,668.00","365,069.50",431982,48.90
5/31/2023 12:00,"22,281,773.80","376,655.70",431982,48.90
5/31/2023 13:00,"23,273,109.30","396,247.00",431940,48.80
5/31/2023 14:00,"24,774,112.30","439,161.00",431928,48.80
5/31/2023 15:00,"25,222,279.20","487,630.10",431928,48.90
5/31/2023 16:00,"25,123,561.50","514,081.40",431928,48.90
5/31/2023 17:00,"24,815,414.50","512,229.50",431676,48.90
5/31/2023 18:00,"22,073,315.90","403,972.50",431922,48.90
5/31/2023 19:00,"18,284,368.20","293,355.10",431718,48.80
5/31/2023 20:00,"15,473,197.30","238,845.50",431647,48.70
5/31/2023 21:00,"13,272,015.70","199,268.50",431741,48.70
5/31/2023 22:00,"10,321,713.00","154,610.60",431748,48.50
5/31/2023 23:00,"7,170,918.30","108,133.20",431500,48.60
6/1/2023 0:00,"4,929,247.40","74,112.90",431769,48.60
6/1/2023 1:00,"3,731,251.70","56,623.20",431819,48.50
6/1/2023 2:00,"3,524,947.80","53,817.60",431830,48.40
6/1/2023 3:00,"4,511,420.10","68,211.60",431608,48.50
6/1/2023 4:00,"8,315,828.10","124,563.20",431405,48.40
6/1/2023 5:00,"15,320,417.50","229,256.60",431627,48.30
6/1/2023 6:00,"20,583,634.00","346,687.80",431794,48.40
6/1/2023 7:00,"24,037,071.80","439,753.60",431782,48.50
6/1/2023 8:00,"23,420,653.30","443,068.20",431812,48.60
6/1/2023 9:00,"21,905,969.60","397,709.40",431794,48.70
6/1/2023 10:00,"21,646,723.20","375,683.90",431702,48.70
6/1/2023 11:00,"22,076,752.70","377,165.80",431791,48.70
6/1/2023 12:00,"22,886,434.40","389,210.40",431718,48.70
6/1/2023 13:00,"23,915,542.20","412,881.60",431830,48.70
6/1/2023 14:00,"25,361,513.60","458,697.20",431801,48.70
6/1/2023 15:00,"25,724,519.60","504,485.80",431593,48.60
6/1/2023 16:00,"25,558,066.60","524,857.60",431630,48.60
6/1/2023 17:00,"25,210,731.80","524,843.00",431746,48.50
6/1/2023 18:00,"22,375,507.60","414,600.00",431497,48.50
6/1/2023 19:00,"18,948,113.70","304,293.40",431593,48.50
6/1/2023 20:00,"16,399,584.00","252,623.80",431618,48.40
6/1/2023 21:00,"14,185,086.10","212,580.70",431665,48.40
6/1/2023 22:00,"11,192,100.90","167,564.60",431754,48.40
6/1/2023 23:00,"7,854,908.70","117,764.80",431415,48.40
6/2/2023 0:00,"5,432,353.00","82,524.50",431730,55.50
6/2/2023 1:00,"4,098,625.50","62,363.40",431727,55.40
6/2/2023 2:00,"3,782,700.10","57,713.40",431785,55.30
6/2/2023 3:00,"4,651,537.60","70,699.60",431886,55.30
6/2/2023 4:00,"8,199,114.40","123,101.60",431611,55.20
6/2/2023 5:00,"14,573,240.80","218,479.60",431696,55.10
6/2/2023 6:00,"19,582,893.50","321,955.20",431862,55.30
6/2/2023 7:00,"23,277,238.20","402,413.50",431856,55.40
6/2/2023 8:00,"23,050,596.20","403,958.40",431821,55.50
6/2/2023 9:00,"22,047,007.90","379,974.20",431853,55.50
6/2/2023 10:00,"22,692,869.30","386,835.90",431795,55.60
6/2/2023 11:00,"23,670,629.20","407,203.40",431856,55.70
6/2/2023 12:00,"24,598,113.80","430,257.90",431826,55.60
6/2/2023 13:00,"25,391,757.40","460,904.10",431686,55.60
6/2/2023 14:00,"26,171,370.40","509,022.40",431738,55.70
6/2/2023 15:00,"26,075,633.70","543,807.50",431675,55.70
6/2/2023 16:00,"25,877,961.90","541,215.00",431701,55.60
6/2/2023 17:00,"25,632,442.90","515,530.70",431701,55.70
6/2/2023 18:00,"23,533,278.80","421,680.50",431665,55.60
6/2/2023 19:00,"20,564,935.30","327,624.70",431699,55.60
6/2/2023 20:00,"18,123,921.30","280,170.60",431712,55.50
6/2/2023 21:00,"16,287,706.60","245,795.70",431800,55.50
6/2/2023 22:00,"13,863,208.40","209,475.20",431795,55.40
6/2/2023 23:00,"10,362,465.10","156,831.70",431831,55.50
6/3/2023 0:00,"7,141,900.40","107,895.30",431711,55.50
6/3/2023 1:00,"5,211,139.60","79,387.40",431862,55.50
6/3/2023 2:00,"4,352,687.90","66,399.50",431892,55.50
6/3/2023 3:00,"4,055,053.40","61,996.60",431916,55.50
6/3/2023 4:00,"5,064,037.00","76,847.70",431958,55.40
6/3/2023 5:00,"7,544,506.20","113,407.60",431934,54.90
6/3/2023 6:00,"11,421,210.70","173,791.10",431928,54.80
6/3/2023 7:00,"15,345,693.60","236,599.40",431946,55.10
6/3/2023 8:00,"18,788,103.80","293,159.30",431922,55.70
6/3/2023 9:00,"21,740,175.80","345,435.90",431868,55.60
6/3/2023 10:00,"23,817,731.80","390,541.50",431874,55.60
6/3/2023 11:00,"24,871,206.50","419,553.60",431922,55.70
6/3/2023 12:00,"25,292,829.50","437,353.50",431928,55.70
6/3/2023 13:00,"25,255,936.10","443,142.80",431934,55.70
6/3/2023 14:00,"25,067,652.30","445,667.50",431695,55.80
6/3/2023 15:00,"25,074,189.80","448,567.10",431929,55.70
6/3/2023 16:00,"24,521,022.10","433,417.00",431922,55.70
6/3/2023 17:00,"23,683,616.00","404,445.50",431898,55.70
6/3/2023 18:00,"21,910,083.90","356,023.50",431646,55.70
6/3/2023 19:00,"19,507,603.10","302,472.50",431910,55.60
6/3/2023 20:00,"17,850,490.30","275,848.80",431940,55.40
6/3/2023 21:00,"17,012,033.70","257,188.70",431929,55.30
6/3/2023 22:00,"15,150,921.00","226,763.70",431940,55.30
6/3/2023 23:00,"11,548,448.80","172,805.80",431651,55.30
6/4/2023 0:00,"7,980,741.30","119,336.60",431854,55.40
6/4/2023 1:00,"5,431,181.50","81,395.00",431928,55.40
6/4/2023 2:00,"4,213,731.20","63,351.30",431868,55.40
6/4/2023 3:00,"3,421,579.40","51,688.90",431862,55.40
6/4/2023 4:00,"3,690,618.80","55,599.00",431868,55.50
6/4/2023 5:00,"5,039,663.70","75,650.60",431837,55.40
6/4/2023 6:00,"7,450,115.50","111,584.10",431862,55.50
6/4/2023 7:00,"10,074,945.20","151,442.90",431862,55.60
6/4/2023 8:00,"13,632,680.30","206,324.90",431868,55.60
6/4/2023 9:00,"18,109,442.30","278,815.50",431856,55.60
6/4/2023 10:00,"21,663,815.00","341,762.30",431856,55.70
6/4/2023 11:00,"23,568,472.60","380,670.60",431868,55.70
6/4/2023 12:00,"24,636,270.40","408,090.40",431843,55.70
6/4/2023 13:00,"24,850,564.00","419,867.90",431868,55.70
6/4/2023 14:00,"24,797,436.30","422,190.00",431868,55.70
6/4/2023 15:00,"24,242,313.80","409,147.90",431862,55.70
6/4/2023 16:00,"23,594,490.80","391,732.60",431856,55.70
6/4/2023 17:00,"22,563,656.90","367,260.00",431862,55.70
6/4/2023 18:00,"20,988,439.40","333,565.90",431856,55.70
6/4/2023 19:00,"19,188,811.20","300,772.20",431862,55.60
6/4/2023 20:00,"17,690,829.10","279,548.40",431880,55.40
6/4/2023 21:00,"15,339,013.80","232,186.90",431874,55.30
6/4/2023 22:00,"11,687,278.90","175,726.00",431868,55.40
6/4/2023 23:00,"7,858,926.10","118,699.80",431874,55.40
6/5/2023 0:00,"5,147,362.00","77,845.10",431691,55.30
6/5/2023 1:00,"3,757,263.70","57,506.20",431868,55.20
6/5/2023 2:00,"3,446,844.70","53,020.60",431862,55.30
6/5/2023 3:00,"4,534,756.30","69,484.60",431610,55.10
6/5/2023 4:00,"8,397,220.30","129,311.00",431616,55.10
6/5/2023 5:00,"15,014,976.60","240,483.80",431868,55.00
6/5/2023 6:00,"19,967,273.60","343,937.90",431886,55.10
6/5/2023 7:00,"23,203,953.10","427,518.40",431868,55.10
6/5/2023 8:00,"22,757,175.40","426,533.10",431868,55.20
6/5/2023 9:00,"21,205,960.20","380,401.30",431874,55.30
6/5/2023 10:00,"21,124,233.40","372,071.40",431862,55.40
6/5/2023 11:00,"21,555,756.30","378,404.20",431868,55.30
6/5/2023 12:00,"22,357,378.40","390,679.60",431851,55.30
6/5/2023 13:00,"23,183,732.40","406,494.10",431862,55.30
6/5/2023 14:00,"24,761,789.00","444,257.30",431868,55.30
6/5/2023 15:00,"25,345,888.40","484,399.40",431886,55.30
6/5/2023 16:00,"25,190,242.60","497,071.10",431899,55.30
6/5/2023 17:00,"24,761,613.80","483,778.20",431916,55.30
6/5/2023 18:00,"21,321,134.20","373,351.20",431922,55.30
6/5/2023 19:00,"17,177,998.60","276,562.00",431958,55.30
6/5/2023 20:00,"14,526,149.00","231,335.20",431964,55.20
6/5/2023 21:00,"12,461,567.60","193,973.80",431688,55.10
6/5/2023 22:00,"9,822,244.20","152,827.70",431910,55.10
6/5/2023 23:00,"7,094,420.30","111,355.20",431676,55.10
6/6/2023 0:00,"4,654,946.40","71,809.20",431922,54.10
6/6/2023 1:00,"3,582,995.40","55,554.60",431862,54.00
6/6/2023 2:00,"3,422,009.80","53,011.20",431802,54.00
6/6/2023 3:00,"4,491,102.70","68,690.60",431818,53.90
6/6/2023 4:00,"8,348,370.90","126,200.10",431496,53.70
6/6/2023 5:00,"15,290,434.60","230,369.70",431744,53.50
6/6/2023 6:00,"20,566,033.70","350,514.70",431709,53.70
6/6/2023 7:00,"23,817,643.30","441,996.30",431521,53.30
6/6/2023 8:00,"23,122,913.00","443,246.80",431536,53.90
6/6/2023 9:00,"21,163,562.50","387,420.10",431577,54.00
6/6/2023 10:00,"20,929,611.80","368,769.00",431486,54.00
6/6/2023 11:00,"21,150,272.40","360,632.60",431439,54.00
6/6/2023 12:00,"21,896,181.80","369,268.40",431552,54.10
6/6/2023 13:00,"22,902,975.50","387,684.50",431500,54.00
6/6/2023 14:00,"24,614,788.30","432,660.20",431500,53.70
6/6/2023 15:00,"25,203,658.80","478,849.00",431514,53.70
6/6/2023 16:00,"25,237,976.70","503,375.20",431494,53.70
6/6/2023 17:00,"24,936,228.40","505,980.90",431505,53.70
6/6/2023 18:00,"21,792,839.60","394,107.90",431269,53.70
6/6/2023 19:00,"17,782,876.80","282,302.40",431511,53.70
6/6/2023 20:00,"14,846,103.10","228,504.90",431561,53.60
6/6/2023 21:00,"12,570,220.30","189,310.40",431542,53.50
6/6/2023 22:00,"10,027,344.60","151,465.90",431460,53.60
6/6/2023 23:00,"7,021,512.40","105,682.70",431253,53.60
6/7/2023 0:00,"4,848,809.30","73,222.90",431527,53.80
6/7/2023 1:00,"3,678,371.10","55,823.40",431505,53.70
6/7/2023 2:00,"3,460,139.90","52,693.50",431479,53.60
6/7/2023 3:00,"4,501,551.00","67,934.30",431484,53.50
6/7/2023 4:00,"8,330,171.20","123,902.90",431277,53.40
6/7/2023 5:00,"15,333,827.10","227,844.80",431500,53.20
6/7/2023 6:00,"20,472,666.60","345,319.30",431500,53.50
6/7/2023 7:00,"23,951,892.20","438,142.40",431505,53.50
6/7/2023 8:00,"23,234,216.90","434,737.90",431563,53.70
6/7/2023 9:00,"21,557,574.40","383,646.90",431495,53.80
6/7/2023 10:00,"21,101,675.30","363,965.60",431494,53.70
6/7/2023 11:00,"21,587,648.80","366,628.50",431227,53.70
6/7/2023 12:00,"22,429,756.80","378,735.10",431515,52.70
6/7/2023 13:00,"23,410,782.70","398,628.30",431705,52.20
6/7/2023 14:00,"24,936,931.90","443,651.80",431868,53.70
6/7/2023 15:00,"25,454,106.40","486,906.40",431856,53.70
6/7/2023 16:00,"25,489,055.40","510,387.80",431856,53.60
6/7/2023 17:00,"25,091,377.80","513,466.40",431856,53.60
6/7/2023 18:00,"22,029,674.30","401,012.90",431851,53.50
6/7/2023 19:00,"18,265,426.80","292,291.30",431862,53.50
6/7/2023 20:00,"15,797,037.80","242,663.30",431868,53.50
6/7/2023 21:00,"13,633,940.10","204,543.50",431862,53.50
6/7/2023 22:00,"10,651,409.00","159,121.40",431868,53.50
6/7/2023 23:00,"7,376,390.50","110,547.60",431616,53.50
6/8/2023 0:00,"5,023,402.70","75,801.60",431780,54.00
6/8/2023 1:00,"3,770,121.20","57,351.70",431868,53.90
6/8/2023 2:00,"3,575,079.10","54,409.20",431868,53.90
6/8/2023 3:00,"4,623,456.20","69,849.20",431856,53.80
6/8/2023 4:00,"8,411,594.40","125,132.60",431628,53.70
6/8/2023 5:00,"15,368,155.70","228,573.50",431904,53.70
6/8/2023 6:00,"20,386,131.00","341,296.30",431910,53.70
6/8/2023 7:00,"23,837,454.80","433,300.40",431910,53.90
6/8/2023 8:00,"23,305,030.30","435,253.50",431880,53.90
6/8/2023 9:00,"21,980,566.60","392,206.90",431868,53.80
6/8/2023 10:00,"21,817,583.20","378,827.00",431880,53.80
6/8/2023 11:00,"22,307,891.20","381,881.70",431922,53.80
6/8/2023 12:00,"23,131,759.00","395,659.30",431904,53.80
6/8/2023 13:00,"23,989,836.70","414,690.20",431934,48.70
6/8/2023 14:00,"25,289,497.60","463,436.30",431946,48.80
6/8/2023 15:00,"25,636,431.60","506,945.40",431946,52.10
6/8/2023 16:00,"25,600,464.90","527,387.40",431892,53.80
6/8/2023 17:00,"25,184,583.80","527,467.10",431868,52.50
6/8/2023 18:00,"22,575,797.80","419,211.30",431874,50.70
6/8/2023 19:00,"19,303,616.90","313,409.20",431880,50.60
6/8/2023 20:00,"16,686,656.80","259,288.20",431892,50.50
6/8/2023 21:00,"14,671,752.70","221,670.50",431862,50.40
6/8/2023 22:00,"11,623,757.20","175,021.90",431880,50.50
6/8/2023 23:00,"8,124,819.80","122,342.00",431628,50.40
6/9/2023 0:00,"5,575,984.70","84,180.80",431790,52.10
6/9/2023 1:00,"4,146,305.00","63,015.00",431886,52.10
6/9/2023 2:00,"3,844,703.40","58,531.40",431892,52.00
6/9/2023 3:00,"4,700,195.00","71,258.00",431880,52.00
6/9/2023 4:00,"8,142,251.70","121,973.40",431883,52.00
6/9/2023 5:00,"14,534,642.70","217,665.50",431898,51.90
6/9/2023 6:00,"19,637,528.80","320,014.80",431904,52.00
6/9/2023 7:00,"22,995,479.80","391,756.00",431886,52.10
6/9/2023 8:00,"22,873,728.00","391,963.30",431616,52.20
6/9/2023 9:00,"22,240,066.70","375,667.80",431880,52.30
6/9/2023 10:00,"22,973,487.10","389,385.60",431838,52.30
6/9/2023 11:00,"24,024,900.30","414,097.30",431868,52.30
6/9/2023 12:00,"24,883,465.50","439,132.60",431886,52.30
6/9/2023 13:00,"25,475,746.50","467,441.10",431886,52.30
6/9/2023 14:00,"26,431,870.70","514,463.70",431886,52.30
6/9/2023 15:00,"26,221,956.30","542,062.20",431622,52.30
6/9/2023 16:00,"26,167,559.40","539,724.00",431875,52.30
6/9/2023 17:00,"25,912,541.30","517,825.20",431874,52.20
6/9/2023 18:00,"23,638,209.20","419,481.20",431874,52.20
6/9/2023 19:00,"20,690,034.10","330,900.10",431862,52.20
6/9/2023 20:00,"18,199,612.60","283,690.80",431880,52.10
6/9/2023 21:00,"16,369,440.50","248,956.20",431886,52.10
6/9/2023 22:00,"13,912,316.90","209,492.30",431856,52.00
6/9/2023 23:00,"10,402,399.70","156,923.90",431604,52.00
6/10/2023 0:00,"7,064,257.00","106,174.20",431761,52.00
6/10/2023 1:00,"5,074,262.60","76,571.60",431868,52.00
6/10/2023 2:00,"4,316,937.30","65,195.00",431874,52.00
6/10/2023 3:00,"4,037,319.30","61,258.30",431880,51.90
6/10/2023 4:00,"4,977,992.80","75,192.40",431591,51.80
6/10/2023 5:00,"7,455,807.20","111,882.40",431880,51.70
6/10/2023 6:00,"11,225,656.10","170,753.90",431868,51.80
6/10/2023 7:00,"14,990,487.40","231,268.60",431862,51.90
6/10/2023 8:00,"18,621,046.80","290,739.60",431851,52.00
6/10/2023 9:00,"21,658,426.90","343,905.50",431856,52.10
6/10/2023 10:00,"23,662,408.10","387,345.40",431856,52.20
6/10/2023 11:00,"24,871,377.90","419,531.70",431875,52.00
6/10/2023 12:00,"25,154,204.20","432,846.30",431856,52.10
6/10/2023 13:00,"25,275,755.00","439,909.40",431862,52.20
6/10/2023 14:00,"25,370,095.80","447,163.40",431856,52.20
6/10/2023 15:00,"25,176,873.80","447,882.00",431856,52.20
6/10/2023 16:00,"24,509,549.80","434,497.90",431922,46.40
6/10/2023 17:00,"23,705,308.30","409,858.30",431928,45.50
6/10/2023 18:00,"22,016,609.70","362,415.70",431928,52.10
6/10/2023 19:00,"19,445,768.30","304,013.70",431676,52.10
6/10/2023 20:00,"17,459,520.70","270,442.50",431928,51.90
6/10/2023 21:00,"16,520,929.10","251,124.00",431928,51.80
6/10/2023 22:00,"15,128,681.10","228,628.30",431928,51.80
6/10/2023 23:00,"11,652,615.10","176,578.80",431676,51.70
6/11/2023 0:00,"8,093,265.30","121,229.10",431904,52.00
6/11/2023 1:00,"5,418,010.10","81,250.80",431928,52.00
6/11/2023 2:00,"4,253,268.30","63,927.10",431928,51.90
6/11/2023 3:00,"3,488,305.10","52,672.30",431928,52.00
6/11/2023 4:00,"3,632,042.10","54,690.30",431928,52.00
6/11/2023 5:00,"4,947,017.40","74,193.90",431928,51.90
6/11/2023 6:00,"7,389,822.20","110,651.10",431928,52.00
6/11/2023 7:00,"9,974,561.60","149,866.00",431928,52.10
6/11/2023 8:00,"13,437,706.80","203,258.00",431928,52.20
6/11/2023 9:00,"17,896,413.70","275,365.20",431928,52.30
6/11/2023 10:00,"21,654,194.40","341,708.60",431928,52.30
6/11/2023 11:00,"23,718,595.10","387,370.20",431928,52.30
6/11/2023 12:00,"24,665,316.80","413,368.20",431928,52.30
6/11/2023 13:00,"25,006,173.10","425,772.80",431923,52.30
6/11/2023 14:00,"24,906,970.60","427,172.80",431928,52.30
6/11/2023 15:00,"24,561,470.20","419,582.50",431928,52.30
6/11/2023 16:00,"24,006,973.10","405,240.90",431928,52.20
6/11/2023 17:00,"23,078,928.40","382,777.60",431868,52.30
6/11/2023 18:00,"21,437,617.60","345,232.60",431868,52.30
6/11/2023 19:00,"19,313,485.70","305,678.70",431862,52.20
6/11/2023 20:00,"17,309,875.10","273,802.70",431910,52.10
6/11/2023 21:00,"15,007,847.30","227,334.70",431846,52.10
6/11/2023 22:00,"11,563,997.20","173,938.40",431856,52.10
6/11/2023 23:00,"7,887,977.20","119,391.40",431856,52.10
6/12/2023 0:00,"5,239,449.00","79,345.80",431856,52.00
6/12/2023 1:00,"3,756,406.60","57,303.20",431856,51.90
6/12/2023 2:00,"3,431,319.80","52,601.50",431856,51.90
6/12/2023 3:00,"4,499,164.70","68,757.50",431856,51.80
6/12/2023 4:00,"8,392,784.40","129,328.80",431862,51.80
6/12/2023 5:00,"15,014,242.00","238,143.00",431856,51.50
6/12/2023 6:00,"19,861,434.10","337,841.10",431862,51.70
6/12/2023 7:00,"22,919,212.90","411,866.60",431856,51.80
6/12/2023 8:00,"22,512,934.60","407,608.70",431880,51.90
6/12/2023 9:00,"21,181,238.80","372,655.10",431880,51.50
6/12/2023 10:00,"21,218,413.60","369,482.80",431856,52.10
6/12/2023 11:00,"21,844,837.30","380,737.50",431856,52.20
6/12/2023 12:00,"22,566,367.70","392,831.40",431874,51.00
6/12/2023 13:00,"23,325,302.30","406,208.20",431928,45.50
6/12/2023 14:00,"24,705,733.90","439,349.70",431928,45.50
6/12/2023 15:00,"25,212,823.20","476,418.00",431916,47.10
6/12/2023 16:00,"25,353,096.00","494,552.70",431856,52.10
6/12/2023 17:00,"25,028,859.20","482,480.40",431862,52.10
6/12/2023 18:00,"21,258,379.50","368,321.80",431856,52.00
6/12/2023 19:00,"17,026,018.20","270,721.10",431856,52.00
6/12/2023 20:00,"14,365,429.00","226,128.80",431886,51.90
6/12/2023 21:00,"12,331,518.00","190,300.00",431856,51.90
6/12/2023 22:00,"9,640,546.20","148,003.70",431862,51.90
6/12/2023 23:00,"6,830,711.50","105,545.90",431604,51.90
6/13/2023 0:00,"4,783,127.70","73,547.10",431852,52.10
6/13/2023 1:00,"3,665,228.80","56,606.80",431856,51.70
6/13/2023 2:00,"3,480,695.90","53,733.00",431856,51.40
6/13/2023 3:00,"4,519,002.10","68,879.30",431862,51.30
6/13/2023 4:00,"8,391,125.90","125,992.00",431862,51.30
6/13/2023 5:00,"15,243,853.50","228,752.70",431856,51.20
6/13/2023 6:00,"20,461,364.70","346,703.00",431856,51.30
6/13/2023 7:00,"23,532,706.40","432,041.70",431604,51.40
6/13/2023 8:00,"22,961,462.70","434,022.80",431856,51.50
6/13/2023 9:00,"21,624,148.80","389,384.20",431604,51.50
6/13/2023 10:00,"21,231,909.80","365,527.10",431856,52.00
6/13/2023 11:00,"21,433,778.00","362,729.70",431856,52.30
6/13/2023 12:00,"22,219,277.40","374,193.20",431856,52.20
6/13/2023 13:00,"23,209,886.60","394,595.90",431856,52.30
6/13/2023 14:00,"24,816,979.20","436,390.70",431856,52.20
6/13/2023 15:00,"25,292,188.60","477,476.00",431604,52.20
6/13/2023 16:00,"25,340,328.50","503,429.60",431604,52.20
6/13/2023 17:00,"24,833,650.10","503,545.40",431856,52.20
6/13/2023 18:00,"21,783,919.10","393,965.80",431856,52.10
6/13/2023 19:00,"17,911,696.90","284,581.50",431856,52.20
6/13/2023 20:00,"15,181,220.00","233,732.00",431868,52.10
6/13/2023 21:00,"13,169,758.80","198,331.30",431856,52.10
6/13/2023 22:00,"10,330,242.40","155,258.70",431856,52.10
6/13/2023 23:00,"7,171,681.50","108,201.00",431604,52.00
6/14/2023 0:00,"4,952,971.20","75,159.80",431859,52.10
6/14/2023 1:00,"3,764,044.90","57,458.40",431862,52.10
6/14/2023 2:00,"3,565,831.30","54,488.20",431868,52.10
6/14/2023 3:00,"4,572,240.50","69,214.20",431856,52.00
6/14/2023 4:00,"8,425,739.20","125,612.70",431868,51.90
6/14/2023 5:00,"15,352,770.80","229,612.60",431856,51.90
6/14/2023 6:00,"20,486,342.50","345,673.00",431862,51.90
6/14/2023 7:00,"23,733,118.40","433,674.60",431604,51.90
6/14/2023 8:00,"23,247,760.70","434,514.00",431856,52.10
6/14/2023 9:00,"21,872,606.00","391,683.80",431856,52.10
6/14/2023 10:00,"21,612,451.10","371,623.70",431856,52.10
6/14/2023 11:00,"21,959,221.50","374,106.40",431856,52.20
6/14/2023 12:00,"22,816,363.50","386,745.30",431862,52.20
6/14/2023 13:00,"23,741,743.20","407,474.80",431856,52.10
6/14/2023 14:00,"25,173,109.50","449,104.70",431862,52.20
6/14/2023 15:00,"25,527,322.80","492,643.80",431856,52.20
6/14/2023 16:00,"25,508,327.00","517,517.90",431856,52.20
6/14/2023 17:00,"25,140,486.00","520,459.20",431862,52.20
6/14/2023 18:00,"22,198,269.30","415,807.10",431862,52.10
6/14/2023 19:00,"18,567,923.00","305,585.40",431856,52.20
6/14/2023 20:00,"16,007,468.30","251,430.00",431928,52.00
6/14/2023 21:00,"13,930,402.00","212,899.40",431868,52.00
6/14/2023 22:00,"10,884,896.60","164,295.30",431856,52.00
6/14/2023 23:00,"7,479,834.30","112,927.50",431604,51.90
6/15/2023 0:00,"5,126,546.60","77,680.70",431856,52.10
6/15/2023 1:00,"3,889,771.50","59,224.10",431856,52.10
6/15/2023 2:00,"3,659,806.20","55,686.60",431676,52.00
6/15/2023 3:00,"4,665,507.90","70,370.90",431928,51.90
6/15/2023 4:00,"8,479,314.60","126,588.40",431934,51.90
6/15/2023 5:00,"15,369,418.30","230,971.60",431934,51.70
6/15/2023 6:00,"20,441,320.10","346,098.80",431934,51.80
6/15/2023 7:00,"23,597,715.30","432,290.70",431935,52.00
6/15/2023 8:00,"23,392,821.70","437,746.50",431928,52.10
6/15/2023 9:00,"22,326,207.60","399,610.00",431922,52.20
6/15/2023 10:00,"22,267,473.50","386,093.20",431856,52.20
6/15/2023 11:00,"22,845,240.90","393,822.10",431856,52.20
6/15/2023 12:00,"23,750,033.60","410,608.30",431862,52.30
6/15/2023 13:00,"24,530,225.80","431,481.80",431846,52.20
6/15/2023 14:00,"25,725,822.10","476,148.70",431862,52.20
6/15/2023 15:00,"25,863,433.70","517,698.80",431604,52.10
6/15/2023 16:00,"25,862,247.60","544,545.40",431851,52.10
6/15/2023 17:00,"25,569,008.00","547,814.60",431851,52.10
6/15/2023 18:00,"23,180,799.90","441,053.40",431856,52.10
6/15/2023 19:00,"19,864,135.90","324,684.40",431856,52.10
6/15/2023 20:00,"17,229,103.20","267,489.00",431928,49.70
6/15/2023 21:00,"15,053,133.00","228,265.80",431928,51.90
6/15/2023 22:00,"11,799,122.00","178,715.50",431928,51.90
6/15/2023 23:00,"8,375,113.50","126,942.30",431676,52.00
6/16/2023 0:00,"5,727,931.60","86,524.10",431917,52.10
6/16/2023 1:00,"4,306,997.60","65,446.50",431856,52.10
6/16/2023 2:00,"3,964,752.90","60,385.20",431856,52.00
6/16/2023 3:00,"4,733,998.10","71,565.90",431856,52.00
6/16/2023 4:00,"8,230,311.20","122,696.20",431851,52.00
6/16/2023 5:00,"14,707,001.20","218,500.10",431898,49.70
6/16/2023 6:00,"19,699,591.20","320,269.20",431886,51.40
6/16/2023 7:00,"22,929,825.20","388,294.50",431874,52.10
6/16/2023 8:00,"22,968,521.10","392,018.30",431868,51.90
6/16/2023 9:00,"22,823,304.00","387,180.10",431851,52.10
6/16/2023 10:00,"23,551,694.10","404,231.20",431868,52.10
6/16/2023 11:00,"24,531,734.70","434,476.40",431856,52.10
6/16/2023 12:00,"25,332,520.80","462,080.70",431862,52.30
6/16/2023 13:00,"25,742,767.90","492,569.90",431868,52.30
6/16/2023 14:00,"26,446,646.00","537,314.10",431862,52.30
6/16/2023 15:00,"26,294,835.80","564,126.80",431857,52.30
6/16/2023 16:00,"26,123,653.80","559,083.60",431856,52.30
6/16/2023 17:00,"26,072,549.40","540,697.20",431862,52.30
6/16/2023 18:00,"24,195,601.80","448,764.50",431862,52.30
6/16/2023 19:00,"21,598,565.50","355,215.50",431862,52.30
6/16/2023 20:00,"19,192,925.80","302,690.00",431874,52.10
6/16/2023 21:00,"17,332,020.90","264,601.70",431857,52.10
6/16/2023 22:00,"14,596,845.80","220,250.60",431862,52.10
6/16/2023 23:00,"10,836,367.50","163,084.70",431604,52.10
6/17/2023 0:00,"7,545,369.50","113,113.50",431854,52.20
6/17/2023 1:00,"5,420,512.70","81,997.10",431862,52.20
6/17/2023 2:00,"4,503,260.40","68,182.30",431856,52.20
6/17/2023 3:00,"4,104,075.00","62,143.40",431856,52.20
6/17/2023 4:00,"4,977,868.10","75,149.30",431862,52.10
6/17/2023 5:00,"7,508,942.90","112,372.70",431862,52.10
6/17/2023 6:00,"11,388,877.10","172,846.00",431610,52.10
6/17/2023 7:00,"15,449,766.40","236,951.00",431856,52.30
6/17/2023 8:00,"19,257,872.60","299,689.40",431856,52.30
6/17/2023 9:00,"22,505,176.20","361,255.20",431604,52.40
6/17/2023 10:00,"24,544,888.90","415,019.00",431856,52.30
6/17/2023 11:00,"25,527,189.60","457,881.00",431856,52.30
6/17/2023 12:00,"25,653,878.40","475,849.00",431862,52.40
6/17/2023 13:00,"25,623,358.40","479,639.70",431874,52.40
6/17/2023 14:00,"25,627,972.80","476,998.10",431880,52.30
6/17/2023 15:00,"25,416,538.70","471,600.00",431904,52.30
6/17/2023 16:00,"24,935,551.60","456,639.10",431916,52.40
6/17/2023 17:00,"24,176,496.30","428,960.60",431928,52.40
6/17/2023 18:00,"22,598,896.70","380,443.10",431922,52.40
6/17/2023 19:00,"20,193,236.10","322,343.40",431922,52.30
6/17/2023 20:00,"18,579,926.00","291,949.50",431928,52.20
6/17/2023 21:00,"17,710,698.60","271,174.70",431928,52.10
6/17/2023 22:00,"15,812,954.70","239,773.60",431910,52.10
6/17/2023 23:00,"12,029,775.70","180,734.80",431652,52.10
6/18/2023 0:00,"8,264,704.40","123,652.40",431880,52.20
6/18/2023 1:00,"5,569,530.80","83,319.50",431880,52.20
6/18/2023 2:00,"4,328,381.10","64,914.00",431823,52.20
6/18/2023 3:00,"3,462,774.80","52,254.10",431849,52.20
6/18/2023 4:00,"3,590,902.20","54,120.00",431827,52.20
6/18/2023 5:00,"4,879,353.20","73,028.40",431817,52.10
6/18/2023 6:00,"7,309,992.50","109,107.60",431816,52.20
6/18/2023 7:00,"9,979,934.10","149,266.00",431822,52.30
6/18/2023 8:00,"13,707,709.90","206,188.50",431836,52.30
6/18/2023 9:00,"18,477,478.30","282,862.10",431836,52.40
6/18/2023 10:00,"22,417,422.00","353,789.10",431821,52.30
6/18/2023 11:00,"24,478,650.50","403,941.60",431826,52.40
6/18/2023 12:00,"25,258,170.50","435,354.20",431836,52.40
6/18/2023 13:00,"25,283,179.00","443,820.50",431826,52.30
6/18/2023 14:00,"25,022,577.80","438,299.80",431836,52.40
6/18/2023 15:00,"24,537,368.70","425,030.80",431826,52.40
6/18/2023 16:00,"23,916,871.90","406,070.00",431846,52.40
6/18/2023 17:00,"22,904,496.60","379,284.00",431836,52.40
6/18/2023 18:00,"21,453,190.20","346,259.30",431831,52.20
6/18/2023 19:00,"20,290,347.80","324,112.00",431821,52.30
6/18/2023 20:00,"19,103,559.70","306,594.60",431836,52.10
6/18/2023 21:00,"17,047,283.90","262,020.90",431821,52.10
6/18/2023 22:00,"13,044,759.70","196,538.20",431796,52.10
6/18/2023 23:00,"8,675,733.70","130,600.00",431806,52.10
6/19/2023 0:00,"5,545,988.00","83,578.30",431826,52.10
6/19/2023 1:00,"3,900,352.50","59,436.80",431826,52.00
6/19/2023 2:00,"3,471,140.20","52,999.30",431811,52.00
6/19/2023 3:00,"4,318,711.10","65,753.00",431607,50.90
6/19/2023 4:00,"7,803,607.50","118,694.20",431622,36.70
6/19/2023 5:00,"14,112,726.50","219,089.30",431612,36.70
6/19/2023 6:00,"18,748,658.40","305,542.50",431646,36.70
6/19/2023 7:00,"21,396,187.60","361,377.50",431637,36.80
6/19/2023 8:00,"21,506,025.00","367,688.00",431632,36.90
6/19/2023 9:00,"21,336,581.60","363,223.10",431641,37.00
6/19/2023 10:00,"22,111,833.90","378,492.90",431633,37.10
6/19/2023 11:00,"22,866,193.80","398,383.40",431632,37.10
6/19/2023 12:00,"23,604,078.70","414,075.70",431627,37.00
6/19/2023 13:00,"24,269,670.90","429,291.40",431607,36.90
6/19/2023 14:00,"25,481,585.90","462,119.80",431612,36.90
6/19/2023 15:00,"25,729,395.60","489,405.80",431627,37.00
6/19/2023 16:00,"25,496,739.20","491,566.40",431617,37.00
6/19/2023 17:00,"24,981,685.30","468,620.60",431632,37.00
6/19/2023 18:00,"21,717,868.50","368,773.00",431633,37.00
6/19/2023 19:00,"17,967,491.10","282,948.90",431671,36.90
6/19/2023 20:00,"15,289,008.80","238,151.30",431633,36.80
6/19/2023 21:00,"13,131,395.00","200,708.30",431638,36.70
6/19/2023 22:00,"10,185,515.40","155,313.40",431612,36.70
6/19/2023 23:00,"7,098,135.20","108,557.10",431612,36.70
6/20/2023 0:00,"4,846,439.20","73,655.50",431612,36.90
6/20/2023 1:00,"3,561,337.60","54,505.80",431617,36.90
6/20/2023 2:00,"3,322,200.20","50,871.70",431619,36.90
6/20/2023 3:00,"4,353,975.20","66,191.70",431644,36.80
6/20/2023 4:00,"8,256,563.60","123,992.90",431607,36.70
6/20/2023 5:00,"15,296,107.60","229,732.60",431628,36.70
6/20/2023 6:00,"20,626,352.40","349,658.20",431645,36.80
6/20/2023 7:00,"23,719,535.20","433,773.70",431628,37.00
6/20/2023 8:00,"22,993,748.60","434,416.20",431622,37.10
6/20/2023 9:00,"21,669,611.50","392,675.00",431612,37.10
6/20/2023 10:00,"21,372,065.00","370,760.60",431628,37.20
6/20/2023 11:00,"21,626,278.40","368,033.20",431627,37.20
6/20/2023 12:00,"22,347,387.00","379,139.20",431637,37.20
6/20/2023 13:00,"23,242,602.70","398,767.30",431639,37.10
6/20/2023 14:00,"24,822,525.80","439,988.90",431622,37.10
6/20/2023 15:00,"25,337,376.50","482,965.80",431635,37.20
6/20/2023 16:00,"25,341,717.20","505,254.10",431630,37.20
6/20/2023 17:00,"24,958,577.30","505,143.40",431639,37.20
6/20/2023 18:00,"21,829,506.40","396,271.20",431644,37.20
6/20/2023 19:00,"18,142,797.10","289,187.50",431629,37.10
6/20/2023 20:00,"15,346,235.50","235,542.80",431607,37.00
6/20/2023 21:00,"13,159,653.20","197,593.70",431622,36.90
6/20/2023 22:00,"10,392,427.40","155,421.60",431613,36.70
6/20/2023 23:00,"7,239,342.30","108,213.80",431612,36.90
6/21/2023 0:00,"4,892,767.60","73,296.90",431622,36.90
6/21/2023 1:00,"3,596,018.90","54,301.10",431607,36.90
6/21/2023 2:00,"3,337,435.80","50,507.90",431597,36.90
6/21/2023 3:00,"4,340,954.90","65,257.90",431612,36.80
6/21/2023 4:00,"8,291,630.00","123,172.10",431602,36.80
6/21/2023 5:00,"15,450,615.70","229,922.40",431612,36.70
6/21/2023 6:00,"20,655,164.30","347,551.40",431632,36.80
6/21/2023 7:00,"23,832,764.40","435,806.60",431622,36.90
6/21/2023 8:00,"23,286,267.80","435,712.40",431604,36.90
6/21/2023 9:00,"21,932,780.40","390,384.80",431602,37.00
6/21/2023 10:00,"21,684,488.00","373,502.90",431622,37.10
6/21/2023 11:00,"21,983,491.00","375,752.80",431637,37.10
6/21/2023 12:00,"22,773,401.00","388,777.00",431622,37.10
6/21/2023 13:00,"23,672,733.40","406,415.80",431682,35.50
6/21/2023 14:00,"25,191,938.80","451,085.30",431658,37.10
6/21/2023 15:00,"25,551,659.30","493,352.90",431647,37.10
6/21/2023 16:00,"25,594,379.60","519,601.80",431653,37.10
6/21/2023 17:00,"25,244,698.60","520,097.60",431652,37.10
6/21/2023 18:00,"22,315,666.90","411,376.60",431652,37.00
6/21/2023 19:00,"18,639,728.30","299,672.90",431652,37.00
6/21/2023 20:00,"16,045,657.90","247,305.60",431652,36.90
6/21/2023 21:00,"13,927,414.30","209,466.40",431642,36.80
6/21/2023 22:00,"10,827,183.90","162,072.30",431652,36.80
6/21/2023 23:00,"7,395,271.70","110,555.90",431400,36.70
6/22/2023 0:00,"4,969,789.40","74,354.80",431652,36.90
6/22/2023 1:00,"3,677,617.00","55,400.80",431652,36.90
6/22/2023 2:00,"3,408,784.00","51,571.80",431652,36.90
6/22/2023 3:00,"4,400,056.80","66,142.30",431652,36.80
6/22/2023 4:00,"8,340,749.80","123,887.00",431652,36.80
6/22/2023 5:00,"15,403,793.70","229,960.70",431658,36.70
6/22/2023 6:00,"20,603,426.80","344,714.00",431658,36.80
6/22/2023 7:00,"23,875,887.90","428,896.20",431658,36.90
6/22/2023 8:00,"23,496,064.20","429,319.00",431652,37.00
6/22/2023 9:00,"22,255,800.00","392,157.50",431652,37.10
6/22/2023 10:00,"22,144,281.40","379,941.50",431659,37.10
6/22/2023 11:00,"22,574,869.40","385,702.60",431724,37.10
6/22/2023 12:00,"23,379,754.10","401,277.30",431724,37.10
6/22/2023 13:00,"24,349,373.40","424,231.10",431923,38.40
6/22/2023 14:00,"25,426,074.10","467,262.80",431928,52.20
6/22/2023 15:00,"25,735,879.20","511,313.10",431928,52.20
6/22/2023 16:00,"25,743,554.90","533,302.00",431928,52.20
6/22/2023 17:00,"25,435,107.70","537,141.20",431928,52.20
6/22/2023 18:00,"22,854,502.40","432,051.10",431928,52.20
6/22/2023 19:00,"19,556,048.00","319,636.50",431928,52.10
6/22/2023 20:00,"16,846,161.70","262,981.10",431928,52.00
6/22/2023 21:00,"14,640,287.90","222,270.70",431928,51.90
6/22/2023 22:00,"11,606,240.00","175,785.50",431928,51.90
6/22/2023 23:00,"8,319,167.00","126,635.40",431676,51.90
6/23/2023 0:00,"5,605,529.50","84,587.80",431928,51.40
6/23/2023 1:00,"4,172,741.70","63,351.20",431928,51.40
6/23/2023 2:00,"3,872,351.90","58,877.20",431928,51.30
6/23/2023 3:00,"4,686,271.40","70,972.50",431928,51.30
6/23/2023 4:00,"8,184,185.40","122,484.90",431928,51.20
6/23/2023 5:00,"14,654,768.10","218,913.20",431928,51.20
6/23/2023 6:00,"19,651,809.80","318,196.80",431928,51.30
6/23/2023 7:00,"22,851,112.20","386,450.70",431928,51.40
6/23/2023 8:00,"22,916,388.30","392,219.70",431928,51.50
6/23/2023 9:00,"22,444,174.60","383,006.00",431928,51.50
6/23/2023 10:00,"23,031,814.80","395,464.10",431928,51.60
6/23/2023 11:00,"24,078,443.90","421,806.60",431923,51.50
6/23/2023 12:00,"25,042,602.60","450,558.00",431928,51.60
6/23/2023 13:00,"25,617,203.80","475,578.10",431928,51.60
6/23/2023 14:00,"26,327,825.60","516,518.60",431928,51.60
6/23/2023 15:00,"26,267,476.80","543,052.80",431928,51.60
6/23/2023 16:00,"25,995,841.50","537,828.40",431928,51.60
6/23/2023 17:00,"25,839,617.90","517,550.90",431928,51.60
6/23/2023 18:00,"23,668,361.00","422,146.10",431928,51.60
6/23/2023 19:00,"20,836,108.80","334,144.90",431928,51.50
6/23/2023 20:00,"18,377,123.00","284,696.40",431928,51.10
6/23/2023 21:00,"16,521,516.80","249,410.80",431928,51.10
6/23/2023 22:00,"13,936,855.50","209,365.60",431928,51.20
6/23/2023 23:00,"10,343,782.00","155,628.40",431676,51.20
6/24/2023 0:00,"7,142,499.80","107,443.80",431928,51.30
6/24/2023 1:00,"5,148,433.40","77,711.30",431928,51.30
6/24/2023 2:00,"4,333,772.80","65,359.70",431928,51.40
6/24/2023 3:00,"3,997,138.80","60,426.70",431928,51.30
6/24/2023 4:00,"4,937,510.10","74,353.60",431928,51.30
6/24/2023 5:00,"7,463,437.40","111,584.00",431928,51.20
6/24/2023 6:00,"11,308,021.20","171,601.80",431928,51.30
6/24/2023 7:00,"15,192,213.50","233,481.10",431928,51.50
6/24/2023 8:00,"18,818,276.90","292,495.20",431928,51.60
6/24/2023 9:00,"21,968,978.10","349,478.60",431928,51.60
6/24/2023 10:00,"23,973,922.70","397,024.60",431928,51.60
6/24/2023 11:00,"25,032,592.20","430,140.20",431928,51.60
6/24/2023 12:00,"25,335,283.00","447,672.00",431928,51.60
6/24/2023 13:00,"25,350,356.30","450,758.00",431928,51.60
6/24/2023 14:00,"25,190,493.70","450,101.40",431928,51.60
6/24/2023 15:00,"25,063,142.10","448,640.70",431928,51.60
6/24/2023 16:00,"24,559,693.70","434,400.70",431928,51.60
6/24/2023 17:00,"23,825,605.00","408,738.00",431928,51.60
6/24/2023 18:00,"22,209,114.20","363,435.10",431928,51.60
6/24/2023 19:00,"19,721,595.00","306,950.40",431928,51.60
6/24/2023 20:00,"18,157,561.20","280,573.40",431928,51.40
6/24/2023 21:00,"17,381,854.10","262,705.90",431928,51.30
6/24/2023 22:00,"15,434,116.00","231,504.50",431928,51.30
6/24/2023 23:00,"11,746,526.90","175,663.80",431676,48.70
6/25/2023 0:00,"8,034,990.10","119,813.40",431928,51.30
6/25/2023 1:00,"5,449,794.20","81,501.00",431928,51.30
6/25/2023 2:00,"4,242,915.90","63,528.80",431928,51.30
6/25/2023 3:00,"3,431,852.00","51,556.80",431928,51.30
6/25/2023 4:00,"3,625,598.60","54,504.20",431928,51.20
6/25/2023 5:00,"4,958,330.20","74,176.10",431928,51.20
6/25/2023 6:00,"7,378,215.70","110,164.60",431934,51.30
6/25/2023 7:00,"10,059,942.60","150,692.50",431970,51.40
6/25/2023 8:00,"13,636,755.60","205,630.00",431982,51.40
6/25/2023 9:00,"18,157,748.00","278,557.80",431982,51.30
6/25/2023 10:00,"21,984,198.50","345,628.40",431982,51.30
6/25/2023 11:00,"24,061,276.90","392,730.90",431982,51.30
6/25/2023 12:00,"24,892,909.60","421,320.30",432000,51.30
6/25/2023 13:00,"24,973,016.60","431,877.40",431940,51.30
6/25/2023 14:00,"24,795,276.70","430,704.30",431925,51.10
6/25/2023 15:00,"24,495,133.40","422,906.30",431958,51.20
6/25/2023 16:00,"24,072,519.80","407,704.00",431989,51.50
6/25/2023 17:00,"23,143,847.80","383,632.00",431977,51.50
6/25/2023 18:00,"21,644,107.60","349,208.00",431976,51.50
6/25/2023 19:00,"19,803,958.20","313,236.00",432000,51.50
6/25/2023 20:00,"18,176,914.90","288,001.40",431706,51.30
6/25/2023 21:00,"15,868,572.70","241,691.20",431964,51.30
6/25/2023 22:00,"12,283,582.30","184,641.30",431958,51.30
6/25/2023 23:00,"8,263,280.20","123,735.70",431520,46.20
6/26/2023 0:00,"5,421,028.10","81,438.60",431958,47.20
6/26/2023 1:00,"3,918,617.70","59,370.10",431988,51.00
6/26/2023 2:00,"3,553,661.80","53,720.50",431928,51.00
6/26/2023 3:00,"4,524,170.50","68,139.30",431928,50.90
6/26/2023 4:00,"8,285,491.90","124,132.40",431928,50.80
6/26/2023 5:00,"14,780,780.90","224,910.70",431928,50.80
6/26/2023 6:00,"19,668,175.20","331,121.40",431947,50.80
6/26/2023 7:00,"22,680,627.10","402,482.60",431923,51.00
6/26/2023 8:00,"22,404,813.30","401,392.50",431923,51.10
6/26/2023 9:00,"21,295,204.90","371,128.80",431928,51.10
6/26/2023 10:00,"21,356,397.50","365,436.90",431928,51.10
6/26/2023 11:00,"22,087,142.00","376,672.10",431910,51.10
6/26/2023 12:00,"22,922,242.00","389,945.40",431892,51.10
6/26/2023 13:00,"23,621,143.80","404,682.20",431910,51.10
6/26/2023 14:00,"24,831,919.80","438,559.10",431874,51.10
6/26/2023 15:00,"25,245,488.30","470,783.90",431862,51.00
6/26/2023 16:00,"25,142,691.50","482,337.00",431857,51.10
6/26/2023 17:00,"24,762,029.50","472,389.60",431862,48.10
6/26/2023 18:00,"21,355,680.20","366,746.80",431862,39.40
6/26/2023 19:00,"17,597,652.70","274,609.40",431856,39.40
6/26/2023 20:00,"14,856,142.40","229,363.30",431856,39.20
6/26/2023 21:00,"12,761,385.80","193,829.20",431856,39.20
6/26/2023 22:00,"9,878,887.90","149,205.50",431604,39.20
6/26/2023 23:00,"6,865,996.50","104,005.70",431604,39.20
6/27/2023 0:00,"4,742,147.80","71,454.00",432098,39.50
6/27/2023 1:00,"3,591,708.60","54,545.20",431868,39.60
6/27/2023 2:00,"3,406,979.20","51,826.80",432120,39.60
6/27/2023 3:00,"4,402,551.60","66,452.90",432120,39.40
6/27/2023 4:00,"8,281,842.20","123,624.00",431880,39.40
6/27/2023 5:00,"15,300,029.20","228,797.50",432120,39.40
6/27/2023 6:00,"20,468,071.70","345,087.00",432126,39.40
6/27/2023 7:00,"23,637,777.10","430,243.00",432120,39.70
6/27/2023 8:00,"23,053,577.00","432,131.10",431868,39.80
6/27/2023 9:00,"21,664,863.50","389,777.00",432120,39.80
6/27/2023 10:00,"21,198,324.80","368,723.60",432120,49.10
6/27/2023 11:00,"21,574,324.30","369,808.60",432120,51.30
6/27/2023 12:00,"22,407,096.40","380,277.50",432120,51.40
6/27/2023 13:00,"23,222,895.60","396,587.80",432120,51.50
6/27/2023 14:00,"24,681,924.90","439,377.90",432120,51.30
6/27/2023 15:00,"25,065,109.60","484,462.50",432120,50.90
6/27/2023 16:00,"25,150,483.90","508,632.90",432120,50.80
6/27/2023 17:00,"24,885,878.00","508,275.70",432120,49.90
6/27/2023 18:00,"21,579,421.70","395,691.10",432120,48.10
6/27/2023 19:00,"18,064,879.80","291,463.50",432120,48.20
6/27/2023 20:00,"15,285,021.60","237,511.50",432120,48.10
6/27/2023 21:00,"13,132,080.50","198,723.90",432120,48.00
6/27/2023 22:00,"10,300,445.00","154,482.30",432120,47.90
6/27/2023 23:00,"7,136,762.40","107,355.70",431664,45.00
6/28/2023 0:00,"4,908,452.90","73,909.20",431868,43.00
6/28/2023 1:00,"3,762,766.00","57,010.10",432120,47.80
6/28/2023 2:00,"3,537,861.20","53,811.60",432120,47.80
6/28/2023 3:00,"4,544,033.00","68,698.70",431868,47.70
6/28/2023 4:00,"8,369,895.10","125,143.00",431868,47.70
6/28/2023 5:00,"15,302,816.10","230,432.10",432120,47.60
6/28/2023 6:00,"20,400,912.90","344,474.20",432120,48.50
6/28/2023 7:00,"23,675,129.10","428,600.20",432120,50.90
6/28/2023 8:00,"23,308,812.10","429,253.20",432120,51.00
6/28/2023 9:00,"21,926,433.60","391,445.10",432120,51.20
6/28/2023 10:00,"21,658,467.60","373,891.10",432120,51.20
6/28/2023 11:00,"21,972,922.70","376,578.40",432115,51.20
6/28/2023 12:00,"22,742,614.60","392,603.20",432120,51.10
6/28/2023 13:00,"23,682,408.00","413,761.40",432120,51.20
6/28/2023 14:00,"25,063,184.60","455,713.20",432115,51.20
6/28/2023 15:00,"25,379,444.90","495,328.60",432120,51.20
6/28/2023 16:00,"25,356,362.10","520,256.40",431868,51.20
6/28/2023 17:00,"25,049,469.90","521,930.80",432120,51.20
6/28/2023 18:00,"22,211,297.30","418,184.20",432120,51.20
6/28/2023 19:00,"18,713,011.80","304,264.60",432120,51.10
6/28/2023 20:00,"16,138,508.50","250,047.70",432120,50.90
6/28/2023 21:00,"14,028,997.60","211,718.90",432120,50.90
6/28/2023 22:00,"10,895,392.00","163,780.10",432120,50.90
6/28/2023 23:00,"7,477,813.20","112,990.60",431664,48.40
6/29/2023 0:00,"5,114,356.50","77,096.70",432120,45.40
6/29/2023 1:00,"3,923,656.40","59,389.00",432120,51.80
6/29/2023 2:00,"3,674,397.40","55,867.80",432192,51.80
6/29/2023 3:00,"4,662,866.00","70,359.40",432192,51.70
6/29/2023 4:00,"8,479,197.50","126,594.30",432192,51.70
6/29/2023 5:00,"15,390,442.10","230,076.20",432192,51.60
6/29/2023 6:00,"20,478,053.10","343,243.20",432192,51.60
6/29/2023 7:00,"23,668,430.70","424,347.20",432192,51.70
6/29/2023 8:00,"23,446,809.20","429,357.60",432138,51.70
6/29/2023 9:00,"22,304,327.30","399,433.80",432120,51.90
6/29/2023 10:00,"22,224,973.40","388,376.70",432126,51.90
6/29/2023 11:00,"22,553,037.70","392,688.50",432132,51.80
6/29/2023 12:00,"23,485,125.90","409,858.50",432126,51.90
6/29/2023 13:00,"24,333,172.10","429,693.50",432120,51.90
6/29/2023 14:00,"25,488,874.40","471,319.90",432120,51.90
6/29/2023 15:00,"25,582,926.60","508,088.70",432115,51.80
6/29/2023 16:00,"25,584,620.20","535,352.00",432120,51.80
6/29/2023 17:00,"25,285,323.70","540,264.70",432120,51.70
6/29/2023 18:00,"22,744,070.40","435,888.80",432120,51.70
6/29/2023 19:00,"19,637,852.60","323,929.20",432120,51.70
6/29/2023 20:00,"17,160,261.80","267,999.30",432120,51.60
6/29/2023 21:00,"15,092,717.30","228,321.70",432120,51.50
6/29/2023 22:00,"11,861,842.10","178,146.90",432120,51.50
6/29/2023 23:00,"8,320,050.50","125,029.90",431868,49.00
6/30/2023 0:00,"5,734,930.90","86,464.30",432132,51.70
6/30/2023 1:00,"4,302,818.30","65,148.50",432144,51.70
6/30/2023 2:00,"3,979,380.60","60,423.60",432144,51.70
6/30/2023 3:00,"4,792,591.30","72,418.40",432144,51.60
6/30/2023 4:00,"8,348,300.60","124,880.00",432144,51.50
6/30/2023 5:00,"14,694,284.90","219,625.50",432144,51.50
6/30/2023 6:00,"19,749,673.80","324,062.40",432144,51.60
6/30/2023 7:00,"22,944,378.90","392,879.00",432144,51.50
6/30/2023 8:00,"23,151,569.20","403,190.70",432144,51.70
6/30/2023 9:00,"22,789,225.60","394,169.30",432144,51.80
6/30/2023 10:00,"23,601,099.00","411,852.30",432144,51.80
6/30/2023 11:00,"24,564,313.70","437,700.20",432144,51.80
6/30/2023 12:00,"25,348,564.20","465,335.00",432139,51.70
6/30/2023 13:00,"25,719,360.60","491,520.80",432144,51.70
6/30/2023 14:00,"26,239,301.60","527,281.10",432144,51.60
6/30/2023 15:00,"25,974,046.50","545,260.60",432144,51.60
6/30/2023 16:00,"25,800,391.60","534,248.50",432144,51.60
6/30/2023 17:00,"25,612,194.90","509,968.00",432144,51.60
6/30/2023 18:00,"23,626,161.20","423,468.70",432144,51.70
6/30/2023 19:00,"21,339,129.10","344,326.40",432144,51.70
6/30/2023 20:00,"19,024,012.90","298,107.70",432144,51.50
6/30/2023 21:00,"17,188,536.10","262,834.80",432139,51.50
6/30/2023 22:00,"14,551,425.10","219,782.30",432144,51.50
6/30/2023 23:00,"10,791,131.40","162,669.60",431892,49.30
7/1/2023 0:00,"7,526,138.40","112,582.10",432144,51.50
7/1/2023 1:00,"5,465,697.80","82,083.60",432144,51.60
7/1/2023 2:00,"4,604,933.10","69,198.40",432144,51.60
7/1/2023 3:00,"4,239,080.90","63,899.40",432144,51.60
7/1/2023 4:00,"5,234,260.00","78,643.50",432144,51.60
7/1/2023 5:00,"7,853,813.40","117,348.50",432144,51.50
7/1/2023 6:00,"11,807,322.80","178,507.20",432144,51.60
7/1/2023 7:00,"15,874,554.80","243,072.00",432144,51.70
7/1/2023 8:00,"19,709,043.80","306,570.20",432144,51.80
7/1/2023 9:00,"23,013,365.80","369,663.00",432144,51.80
7/1/2023 10:00,"24,683,480.50","418,081.60",432144,51.80
7/1/2023 11:00,"25,528,097.90","452,293.30",432139,51.70
7/1/2023 12:00,"25,545,733.30","464,054.70",432144,51.70
7/1/2023 13:00,"25,273,898.70","460,241.50",432144,51.70
7/1/2023 14:00,"25,012,498.00","453,931.20",432144,51.70
7/1/2023 15:00,"24,535,578.70","440,429.80",432134,51.70
7/1/2023 16:00,"23,922,927.90","418,470.60",432139,51.70
7/1/2023 17:00,"23,110,222.00","389,329.90",432144,51.70
7/1/2023 18:00,"21,663,121.30","347,872.20",432139,51.70
7/1/2023 19:00,"19,383,713.80","300,234.80",432129,51.50
7/1/2023 20:00,"17,771,847.80","275,536.30",432144,51.50
7/1/2023 21:00,"16,936,466.60","256,543.20",432144,51.40
7/1/2023 22:00,"15,337,545.00","230,126.00",432144,51.40
7/1/2023 23:00,"11,726,182.50","174,895.90",431688,50.20
7/2/2023 0:00,"7,990,442.50","118,855.40",432144,42.70
7/2/2023 1:00,"5,444,246.90","81,462.90",432144,51.50
7/2/2023 2:00,"4,279,031.90","64,215.00",432144,51.40
7/2/2023 3:00,"3,505,894.50","52,790.70",432144,51.40
7/2/2023 4:00,"3,686,940.60","55,473.90",432144,51.40
7/2/2023 5:00,"5,023,410.30","75,161.50",432144,51.30
7/2/2023 6:00,"7,472,323.30","111,649.00",432144,51.50
7/2/2023 7:00,"10,182,834.00","152,269.50",432144,51.60
7/2/2023 8:00,"13,802,628.40","208,019.00",432144,51.60
7/2/2023 9:00,"18,339,581.10","281,431.30",432139,51.60
7/2/2023 10:00,"21,739,561.10","342,833.00",432144,51.60
7/2/2023 11:00,"23,220,114.90","378,879.20",431935,51.70
7/2/2023 12:00,"24,380,617.60","404,352.70",432150,42.60
7/2/2023 13:00,"24,219,352.00","410,574.40",432144,51.30
7/2/2023 14:00,"23,758,109.10","402,066.90",432144,51.20
7/2/2023 15:00,"23,087,768.80","388,127.90",432144,51.20
7/2/2023 16:00,"22,371,939.90","370,684.30",432144,51.30
7/2/2023 17:00,"21,536,958.10","346,685.30",432144,51.30
7/2/2023 18:00,"20,198,989.70","318,986.60",432144,51.20
7/2/2023 19:00,"18,771,308.10","294,974.20",432144,51.20
7/2/2023 20:00,"17,524,559.40","276,777.70",432150,51.00
7/2/2023 21:00,"16,109,219.80","245,446.90",432144,51.00
7/2/2023 22:00,"12,983,259.90","196,302.60",432144,51.00
7/2/2023 23:00,"8,874,685.00","133,348.10",431700,51.10
7/3/2023 0:00,"5,663,403.70","84,311.00",432144,40.90
7/3/2023 1:00,"4,094,914.50","61,688.30",432156,51.00
7/3/2023 2:00,"3,555,239.70","54,191.40",432144,51.00
7/3/2023 3:00,"4,092,786.70","62,250.40",432198,47.70
7/3/2023 4:00,"6,949,304.50","103,814.70",432216,44.50
7/3/2023 5:00,"12,485,204.40","185,762.10",432216,44.40
7/3/2023 6:00,"17,042,113.80","271,977.10",432222,44.50
7/3/2023 7:00,"20,173,364.00","337,757.70",432211,44.50
7/3/2023 8:00,"20,446,464.70","346,218.90",432216,44.50
7/3/2023 9:00,"20,579,211.50","341,505.80",432192,47.30
7/3/2023 10:00,"21,525,288.70","355,312.40",432144,51.00
7/3/2023 11:00,"22,727,098.40","380,113.30",432144,51.00
7/3/2023 12:00,"23,634,625.50","398,344.30",432144,51.00
7/3/2023 13:00,"24,179,618.50","410,283.50",432144,51.00
7/3/2023 14:00,"24,882,582.10","427,760.30",432144,51.00
7/3/2023 15:00,"24,914,897.30","434,143.70",432144,51.00
7/3/2023 16:00,"24,562,467.20","424,995.90",432144,50.90
7/3/2023 17:00,"23,820,359.50","404,915.80",432139,51.00
7/3/2023 18:00,"20,819,534.50","334,403.10",431892,51.00
7/3/2023 19:00,"17,820,591.10","272,279.20",432144,51.00
7/3/2023 20:00,"15,519,279.30","236,333.80",432144,50.90
7/3/2023 21:00,"13,669,142.20","203,812.00",432144,50.80
7/3/2023 22:00,"11,719,808.60","172,935.80",432144,50.80
7/3/2023 23:00,"8,399,986.50","123,885.00",431892,50.90
7/4/2023 0:00,"5,623,879.40","83,091.70",432144,51.00
7/4/2023 1:00,"4,075,432.30","60,755.60",432144,51.00
7/4/2023 2:00,"3,452,871.20","51,825.80",432144,51.00
7/4/2023 3:00,"3,526,195.60","53,048.90",432144,51.00
7/4/2023 4:00,"5,020,940.90","74,846.10",432144,50.90
7/4/2023 5:00,"8,320,207.30","122,361.50",432144,50.90
7/4/2023 6:00,"11,262,760.30","176,156.30",432144,50.90
7/4/2023 7:00,"13,157,619.80","216,592.80",432144,51.00
7/4/2023 8:00,"14,519,742.50","239,980.20",432144,51.10
7/4/2023 9:00,"16,169,105.60","258,999.80",432144,51.10
7/4/2023 10:00,"18,016,331.20","284,177.50",432144,51.10
7/4/2023 11:00,"19,764,822.00","309,727.20",432144,51.10
7/4/2023 12:00,"20,842,311.30","326,641.90",432144,51.10
7/4/2023 13:00,"21,304,864.30","335,042.80",432144,51.10
7/4/2023 14:00,"21,440,177.90","341,467.70",432144,51.10
7/4/2023 15:00,"20,738,242.90","337,667.90",432144,51.10
7/4/2023 16:00,"19,732,949.60","328,429.10",432144,51.00
7/4/2023 17:00,"18,761,371.00","315,900.80",432150,51.10
7/4/2023 18:00,"17,259,071.80","277,844.10",432144,51.10
7/4/2023 19:00,"15,720,183.60","241,056.60",432144,51.10
7/4/2023 20:00,"14,340,465.00","217,348.70",432144,50.90
7/4/2023 21:00,"13,418,185.00","198,564.90",432144,50.70
7/4/2023 22:00,"14,657,435.10","221,077.30",432144,50.80
7/4/2023 23:00,"10,827,223.60","161,034.30",431892,50.90
7/5/2023 0:00,"6,398,156.50","93,909.00",432150,51.00
7/5/2023 1:00,"4,044,793.60","59,695.20",431898,51.10
7/5/2023 2:00,"3,483,243.30","52,082.00",431892,51.00
7/5/2023 3:00,"4,413,237.70","65,768.40",432144,51.00
7/5/2023 4:00,"8,172,735.00","120,354.40",432144,50.90
7/5/2023 5:00,"14,853,468.40","217,596.10",432144,50.80
7/5/2023 6:00,"19,932,603.30","322,692.60",432144,50.90
7/5/2023 7:00,"23,159,419.10","398,847.70",432144,51.00
7/5/2023 8:00,"22,948,460.70","400,148.10",431904,51.10
7/5/2023 9:00,"21,975,179.10","377,176.10",432144,51.10
7/5/2023 10:00,"22,158,311.50","375,524.40",432144,51.10
7/5/2023 11:00,"22,704,672.10","384,552.10",432144,51.10
7/5/2023 12:00,"23,572,388.30","400,967.90",432144,51.10
7/5/2023 13:00,"24,269,890.70","417,161.30",432144,51.10
7/5/2023 14:00,"25,465,714.00","452,857.20",432144,51.10
7/5/2023 15:00,"25,663,937.10","483,223.40",432144,51.00
7/5/2023 16:00,"25,626,317.20","500,917.70",432144,50.90
7/5/2023 17:00,"25,244,328.60","493,365.20",432144,50.90
7/5/2023 18:00,"21,983,698.50","383,553.10",432139,50.90
7/5/2023 19:00,"18,088,275.40","283,810.00",432144,50.80
7/5/2023 20:00,"15,577,320.70","238,376.70",432144,50.70
7/5/2023 21:00,"13,609,908.00","203,781.80",432144,50.70
7/5/2023 22:00,"10,576,457.30","157,436.90",432144,50.70
7/5/2023 23:00,"7,336,717.00","109,906.30",431688,50.70
7/6/2023 0:00,"5,041,008.50","75,704.70",431892,42.40
7/6/2023 1:00,"3,896,968.40","59,074.10",431892,51.10
7/6/2023 2:00,"3,607,943.00","55,091.80",432144,51.10
7/6/2023 3:00,"4,592,341.70","69,211.60",432144,51.10
7/6/2023 4:00,"8,370,777.70","124,508.70",432144,51.00
7/6/2023 5:00,"15,142,255.20","224,738.10",432144,51.00
7/6/2023 6:00,"20,235,327.50","336,186.00",432144,51.00
7/6/2023 7:00,"23,384,425.50","415,423.90",432144,51.10
7/6/2023 8:00,"23,158,264.40","417,468.70",432144,51.10
7/6/2023 9:00,"22,161,279.20","390,971.40",432144,51.20
7/6/2023 10:00,"22,138,499.30","384,177.40",432144,51.30
7/6/2023 11:00,"22,678,541.80","390,325.50",432144,51.30
7/6/2023 12:00,"23,399,064.30","404,106.20",432144,51.20
7/6/2023 13:00,"24,173,693.30","420,798.00",432144,51.40
7/6/2023 14:00,"25,366,722.90","459,221.30",432144,51.40
7/6/2023 15:00,"25,589,708.20","496,421.00",432144,51.30
7/6/2023 16:00,"25,463,973.80","515,657.80",432144,51.30
7/6/2023 17:00,"25,259,203.80","519,322.00",432144,51.30
7/6/2023 18:00,"22,519,224.20","412,244.40",432144,51.30
7/6/2023 19:00,"19,129,728.20","308,962.60",432144,51.30
7/6/2023 20:00,"16,582,625.80","257,396.50",432144,51.20
7/6/2023 21:00,"14,348,376.50","216,738.30",432144,51.10
7/6/2023 22:00,"11,252,774.30","169,507.30",432144,51.10
7/6/2023 23:00,"7,935,482.30","120,691.00",431892,51.10
7/7/2023 0:00,"5,472,724.30","82,935.00",432144,51.30
7/7/2023 1:00,"4,168,341.80","63,448.70",432150,51.30
7/7/2023 2:00,"3,839,301.80","58,373.40",432144,51.30
7/7/2023 3:00,"4,603,722.90","69,592.70",432144,51.30
7/7/2023 4:00,"8,090,992.40","121,023.50",432144,51.20
7/7/2023 5:00,"14,449,601.50","215,560.30",432144,51.20
7/7/2023 6:00,"19,471,783.70","314,229.10",432144,51.20
7/7/2023 7:00,"22,668,854.70","380,702.00",432144,51.30
7/7/2023 8:00,"22,714,350.80","385,123.50",432144,51.40
7/7/2023 9:00,"22,309,811.10","377,962.10",432144,51.40
7/7/2023 10:00,"22,965,429.70","393,808.60",432144,51.40
7/7/2023 11:00,"23,914,696.80","415,800.40",432144,51.40
7/7/2023 12:00,"24,782,208.20","438,749.90",432144,51.50
7/7/2023 13:00,"25,363,270.80","459,946.10",432144,51.40
7/7/2023 14:00,"26,144,027.50","497,094.60",432144,51.40
7/7/2023 15:00,"25,907,678.10","521,551.30",432144,51.00
7/7/2023 16:00,"25,751,255.20","519,629.00",432144,51.40
7/7/2023 17:00,"25,506,054.50","501,949.60",432144,51.40
7/7/2023 18:00,"23,356,413.80","413,063.50",431892,51.50
7/7/2023 19:00,"20,542,439.50","326,512.00",432144,51.40
7/7/2023 20:00,"17,999,597.80","277,348.80",432144,51.20
7/7/2023 21:00,"16,213,977.30","243,679.50",432144,51.20
7/7/2023 22:00,"13,757,306.60","205,796.40",432144,51.20
7/7/2023 23:00,"10,255,813.10","153,715.20",431892,51.20
7/8/2023 0:00,"7,035,629.70","105,802.90",432144,51.60
7/8/2023 1:00,"5,082,227.00","76,967.50",432144,51.60
7/8/2023 2:00,"4,287,769.70","64,969.00",432144,51.60
7/8/2023 3:00,"3,963,430.30","60,206.10",432144,51.60
7/8/2023 4:00,"4,933,422.40","74,692.40",432150,51.50
7/8/2023 5:00,"7,446,092.70","112,170.20",432139,51.40
7/8/2023 6:00,"11,096,491.20","168,944.80",432144,51.50
7/8/2023 7:00,"14,875,086.70","229,501.90",432144,51.60
7/8/2023 8:00,"18,388,770.00","287,063.90",432144,51.60
7/8/2023 9:00,"21,574,115.60","343,699.70",432144,51.70
7/8/2023 10:00,"23,609,684.60","390,219.50",432144,51.70
7/8/2023 11:00,"24,681,599.20","424,440.70",432144,51.70
7/8/2023 12:00,"24,993,179.80","439,025.60",432144,51.70
7/8/2023 13:00,"25,052,890.30","439,300.90",432144,51.70
7/8/2023 14:00,"25,040,095.90","439,451.40",432144,51.70
7/8/2023 15:00,"24,819,604.90","433,065.80",432144,51.70
7/8/2023 16:00,"24,277,758.20","416,785.70",432144,51.70
7/8/2023 17:00,"23,472,072.10","393,059.90",432144,51.70
7/8/2023 18:00,"21,774,961.50","350,267.10",432144,51.70
7/8/2023 19:00,"19,292,602.00","300,499.60",432144,51.70
7/8/2023 20:00,"17,461,938.90","270,263.30",432144,51.40
7/8/2023 21:00,"16,610,779.10","250,033.10",432144,51.40
7/8/2023 22:00,"15,109,186.20","226,214.10",432144,51.50
7/8/2023 23:00,"11,471,643.70","171,796.10",432144,51.50
7/9/2023 0:00,"7,820,904.30","116,863.40",432144,51.50
7/9/2023 1:00,"5,296,207.00","79,340.70",432144,51.60
7/9/2023 2:00,"4,126,585.90","62,130.90",432144,51.60
7/9/2023 3:00,"3,365,995.10","50,833.60",432144,51.60
7/9/2023 4:00,"3,553,525.90","53,634.90",432144,51.50
7/9/2023 5:00,"4,897,867.30","73,471.10",432144,51.50
7/9/2023 6:00,"7,253,933.20","108,406.20",432150,51.50
7/9/2023 7:00,"9,890,388.40","148,186.70",432144,51.60
7/9/2023 8:00,"13,404,442.30","202,140.50",432144,51.70
7/9/2023 9:00,"17,907,379.10","274,623.90",432144,51.70
7/9/2023 10:00,"21,450,058.70","336,973.00",432144,51.70
7/9/2023 11:00,"23,596,769.50","380,152.90",432144,51.70
7/9/2023 12:00,"24,599,168.80","406,663.90",432144,51.70
7/9/2023 13:00,"24,767,982.00","416,467.80",432144,51.70
7/9/2023 14:00,"24,626,581.30","415,255.20",432144,51.80
7/9/2023 15:00,"24,126,471.30","400,988.90",432144,51.70
7/9/2023 16:00,"23,672,199.70","388,011.70",432144,51.70
7/9/2023 17:00,"22,606,572.60","364,452.90",432144,51.70
7/9/2023 18:00,"21,029,952.70","333,815.40",432144,51.70
7/9/2023 19:00,"19,267,647.50","302,417.70",432144,51.60
7/9/2023 20:00,"17,775,211.80","280,371.60",432119,51.50
7/9/2023 21:00,"15,560,172.00","235,371.40",432099,51.40
7/9/2023 22:00,"12,055,596.40","180,623.90",431857,51.40
7/9/2023 23:00,"8,244,457.00","123,423.00",432124,51.50
7/10/2023 0:00,"5,403,560.00","81,382.90",432119,51.50
7/10/2023 1:00,"3,862,643.30","58,477.50",432094,51.50
7/10/2023 2:00,"3,463,116.40","52,647.00",431852,51.50
7/10/2023 3:00,"4,499,116.80","68,056.70",432115,51.40
7/10/2023 4:00,"8,391,394.70","126,466.00",432114,51.30
7/10/2023 5:00,"14,992,125.30","230,839.50",432136,51.30
7/10/2023 6:00,"19,880,226.30","333,034.90",432175,51.40
7/10/2023 7:00,"22,978,952.30","408,876.70",432207,51.50
7/10/2023 8:00,"22,586,364.60","406,423.20",432164,51.60
7/10/2023 9:00,"21,487,935.30","376,824.00",432153,51.60
7/10/2023 10:00,"21,426,596.40","370,050.80",432191,51.60
7/10/2023 11:00,"22,082,698.10","379,265.60",432179,51.70
7/10/2023 12:00,"22,835,528.90","393,185.90",432175,51.60
7/10/2023 13:00,"23,462,242.20","404,644.10",432194,51.60
7/10/2023 14:00,"24,829,283.30","438,400.20",432240,51.70
7/10/2023 15:00,"25,171,180.30","471,572.80",432216,51.60
7/10/2023 16:00,"25,089,035.50","483,295.40",432216,51.60
7/10/2023 17:00,"24,670,624.10","475,558.40",432216,51.60
7/10/2023 18:00,"21,321,309.60","368,647.70",432216,51.60
7/10/2023 19:00,"17,393,202.50","273,393.20",432216,51.60
7/10/2023 20:00,"14,726,129.60","228,420.60",432216,51.40
7/10/2023 21:00,"12,758,158.30","195,292.00",432216,51.40
7/10/2023 22:00,"10,021,009.10","153,552.20",432216,51.40
7/10/2023 23:00,"7,088,272.50","109,481.50",431964,51.40
7/11/2023 0:00,"4,920,482.50","75,557.00",432216,51.60
7/11/2023 1:00,"3,769,878.20","58,694.80",432216,51.60
7/11/2023 2:00,"3,534,407.90","55,111.00",432216,51.60
7/11/2023 3:00,"4,512,555.40","69,566.80",431954,51.50
7/11/2023 4:00,"8,236,524.10","126,856.70",432216,51.50
7/11/2023 5:00,"15,089,185.00","240,736.40",431964,51.40
7/11/2023 6:00,"20,303,177.90","346,531.40",432216,51.40
7/11/2023 7:00,"23,354,647.00","433,420.40",432180,51.00
7/11/2023 8:00,"22,950,835.90","447,071.20",432144,51.60
7/11/2023 9:00,"21,733,920.90","412,002.00",432150,51.70
7/11/2023 10:00,"21,413,391.60","391,603.70",432144,51.70
7/11/2023 11:00,"21,629,362.20","388,226.70",432144,51.70
7/11/2023 12:00,"22,351,092.70","399,114.30",432144,51.70
7/11/2023 13:00,"23,211,705.10","415,560.60",432144,51.70
7/11/2023 14:00,"24,647,413.00","454,990.20",432144,51.70
7/11/2023 15:00,"25,068,702.20","496,110.70",432144,51.60
7/11/2023 16:00,"25,009,650.70","518,018.80",432144,51.60
7/11/2023 17:00,"24,761,030.00","521,502.20",432144,51.60
7/11/2023 18:00,"21,800,504.70","415,363.50",431892,51.60
7/11/2023 19:00,"18,046,879.30","300,898.60",432144,51.60
7/11/2023 20:00,"15,414,591.80","246,514.70",432174,51.40
7/11/2023 21:00,"13,336,506.50","208,003.10",432144,51.40
7/11/2023 22:00,"10,370,236.40","160,985.60",432144,51.40
7/11/2023 23:00,"7,230,250.80","112,961.40",431892,51.40
7/12/2023 0:00,"4,952,750.80","77,084.80",431907,47.70
7/12/2023 1:00,"3,614,851.50","56,560.00",431904,36.50
7/12/2023 2:00,"3,461,186.50","54,600.60",432108,44.10
7/12/2023 3:00,"4,526,396.70","69,889.50",432108,51.50
7/12/2023 4:00,"8,389,042.80","127,326.70",432108,51.40
7/12/2023 5:00,"15,390,547.10","233,565.30",432108,51.30
7/12/2023 6:00,"20,480,913.70","345,180.20",432114,51.40
7/12/2023 7:00,"23,537,821.10","430,598.50",432108,51.60
7/12/2023 8:00,"23,193,237.30","440,687.70",432114,51.60
7/12/2023 9:00,"22,139,683.20","407,625.50",432108,51.70
7/12/2023 10:00,"21,850,899.20","387,063.70",432108,51.70
7/12/2023 11:00,"22,202,903.30","387,328.20",432108,51.40
7/12/2023 12:00,"22,920,962.10","397,182.00",432108,51.60
7/12/2023 13:00,"23,674,784.60","411,766.40",432108,51.60
7/12/2023 14:00,"25,070,758.20","451,202.20",432108,51.60
7/12/2023 15:00,"25,341,415.60","491,539.90",432114,51.50
7/12/2023 16:00,"25,247,305.70","512,263.90",432108,50.40
7/12/2023 17:00,"24,991,799.00","516,503.70",432114,50.40
7/12/2023 18:00,"22,175,344.60","412,161.20",432114,50.40
7/12/2023 19:00,"18,514,309.80","301,802.20",432108,50.30
7/12/2023 20:00,"15,998,943.40","248,981.40",432120,50.20
7/12/2023 21:00,"13,954,320.40","211,837.50",432108,50.20
7/12/2023 22:00,"10,857,724.80","163,649.00",432108,50.20
7/12/2023 23:00,"7,467,783.00","112,801.60",431856,50.20
7/13/2023 0:00,"5,091,961.90","77,004.60",432114,47.90
7/13/2023 1:00,"3,874,808.40","58,929.70",432108,50.40
7/13/2023 2:00,"3,613,431.30","55,032.90",432108,50.40
7/13/2023 3:00,"4,595,995.30","69,442.20",432108,50.30
7/13/2023 4:00,"8,409,147.70","125,507.80",432108,50.30
7/13/2023 5:00,"15,287,982.10","229,936.00",432108,50.20
7/13/2023 6:00,"20,476,917.30","342,788.50",432108,50.30
7/13/2023 7:00,"23,555,230.10","427,444.10",432108,50.40
7/13/2023 8:00,"23,255,558.00","436,719.40",432108,50.40
7/13/2023 9:00,"22,311,613.50","407,012.40",432120,50.00
7/13/2023 10:00,"22,129,474.60","391,023.80",432108,50.50
7/13/2023 11:00,"22,564,880.20","394,282.50",432108,50.50
7/13/2023 12:00,"23,594,844.20","407,868.70",431994,34.00
7/13/2023 13:00,"24,541,212.30","424,963.10",431928,25.70
7/13/2023 14:00,"25,516,251.70","464,668.50",432168,40.70
7/13/2023 15:00,"25,543,465.40","503,821.50",432108,50.40
7/13/2023 16:00,"25,516,876.20","523,594.30",432108,50.40
7/13/2023 17:00,"25,135,210.60","528,698.90",432108,50.40
7/13/2023 18:00,"22,680,215.10","430,872.30",431856,50.50
7/13/2023 19:00,"19,440,751.50","320,016.20",432108,50.40
7/13/2023 20:00,"17,130,452.40","270,372.00",432180,50.20
7/13/2023 21:00,"15,000,916.50","229,686.50",432150,50.20
7/13/2023 22:00,"11,769,517.10","179,567.20",432108,50.20
7/13/2023 23:00,"8,231,262.40","125,344.30",432108,50.20
7/14/2023 0:00,"5,642,792.20","85,489.70",432042,50.40
7/14/2023 1:00,"4,241,576.80","64,944.30",432036,50.40
7/14/2023 2:00,"3,866,037.50","59,091.60",432036,50.40
7/14/2023 3:00,"4,711,421.10","71,711.90",432036,50.30
7/14/2023 4:00,"8,227,329.60","123,329.80",432036,50.30
7/14/2023 5:00,"14,640,214.10","220,127.50",432036,50.20
7/14/2023 6:00,"19,634,985.70","321,397.10",431779,50.20
7/14/2023 7:00,"22,711,300.10","390,734.50",432036,50.40
7/14/2023 8:00,"22,974,490.30","400,821.10",431784,50.30
7/14/2023 9:00,"22,664,014.10","393,105.20",432036,50.40
7/14/2023 10:00,"23,204,568.50","405,890.50",432036,50.30
7/14/2023 11:00,"24,063,171.90","429,332.50",432036,50.30
7/14/2023 12:00,"24,876,905.20","454,882.60",432036,50.30
7/14/2023 13:00,"25,531,191.10","480,704.80",432036,50.40
7/14/2023 14:00,"25,953,573.70","513,194.20",432042,50.30
7/14/2023 15:00,"25,870,439.10","535,576.40",432036,50.30
7/14/2023 16:00,"25,760,566.10","529,866.70",432036,50.30
7/14/2023 17:00,"25,485,236.30","508,937.60",432036,50.30
7/14/2023 18:00,"23,492,077.00","421,641.10",432036,50.30
7/14/2023 19:00,"20,898,316.80","340,139.20",432036,50.30
7/14/2023 20:00,"18,575,120.50","291,405.20",432036,50.10
7/14/2023 21:00,"16,726,987.50","254,513.30",431784,50.10
7/14/2023 22:00,"14,164,057.60","214,336.70",432036,50.10
7/14/2023 23:00,"10,599,489.30","160,256.00",431796,50.20
7/15/2023 0:00,"7,416,383.90","111,570.70",432146,51.50
7/15/2023 1:00,"5,278,689.20","79,667.80",432156,51.60
7/15/2023 2:00,"4,443,340.20","67,216.30",432156,51.60
7/15/2023 3:00,"4,091,891.90","62,018.10",431904,51.60
7/15/2023 4:00,"5,063,728.30","76,764.70",432168,51.50
7/15/2023 5:00,"7,646,091.00","115,355.00",432168,51.50
7/15/2023 6:00,"11,456,271.10","174,512.50",432156,51.50
7/15/2023 7:00,"15,393,306.90","237,712.40",432156,51.60
7/15/2023 8:00,"19,164,605.90","299,414.90",432156,51.60
7/15/2023 9:00,"22,254,299.10","359,088.10",432156,51.70
7/15/2023 10:00,"24,042,835.50","406,394.70",432156,51.70
7/15/2023 11:00,"24,855,553.90","436,780.50",432168,51.70
7/15/2023 12:00,"24,983,861.20","449,716.30",432156,51.70
7/15/2023 13:00,"24,953,229.90","447,865.50",432156,51.70
7/15/2023 14:00,"24,817,593.00","443,644.50",432168,51.70
7/15/2023 15:00,"24,379,964.30","433,011.30",432156,51.70
7/15/2023 16:00,"23,888,469.30","418,362.70",432162,51.70
7/15/2023 17:00,"23,160,071.50","392,872.10",432156,51.70
7/15/2023 18:00,"21,776,666.70","352,243.50",432156,51.70
7/15/2023 19:00,"19,533,793.30","304,587.30",432156,51.60
7/15/2023 20:00,"18,009,681.70","281,093.00",432168,51.40
7/15/2023 21:00,"17,244,566.10","263,690.40",432156,51.40
7/15/2023 22:00,"15,467,589.00","234,712.40",432156,51.40
7/15/2023 23:00,"11,979,390.40","181,641.30",431904,51.40
7/16/2023 0:00,"8,427,261.80","126,181.50",432156,51.50
7/16/2023 1:00,"5,700,497.00","85,348.30",432156,51.50
7/16/2023 2:00,"4,380,803.30","65,733.60",432168,51.50
7/16/2023 3:00,"3,519,461.20","52,966.80",431904,51.40
7/16/2023 4:00,"3,669,397.10","55,244.30",432162,51.40
7/16/2023 5:00,"5,047,781.50","75,633.40",432156,51.40
7/16/2023 6:00,"7,568,958.00","113,031.20",432156,51.40
7/16/2023 7:00,"10,314,098.90","154,533.80",432156,51.50
7/16/2023 8:00,"13,978,836.10","211,061.20",432156,51.60
7/16/2023 9:00,"18,489,319.60","284,444.60",432156,51.60
7/16/2023 10:00,"22,056,961.20","350,358.30",432156,51.30
7/16/2023 11:00,"23,785,679.30","392,281.70",432156,51.30
7/16/2023 12:00,"24,673,456.80","419,359.30",432156,51.40
7/16/2023 13:00,"24,722,078.80","426,120.80",432156,51.30
7/16/2023 14:00,"24,476,685.50","421,694.80",432168,51.30
7/16/2023 15:00,"23,887,392.90","406,103.60",432156,51.30
7/16/2023 16:00,"23,112,607.10","385,105.10",432156,51.30
7/16/2023 17:00,"22,074,381.90","360,730.30",432156,51.20
7/16/2023 18:00,"20,652,717.60","330,585.60",431904,51.30
7/16/2023 19:00,"19,249,487.50","303,538.20",431904,51.30
7/16/2023 20:00,"18,137,227.80","289,752.20",432186,51.20
7/16/2023 21:00,"16,258,611.40","249,264.40",432162,50.80
7/16/2023 22:00,"12,643,694.20","191,180.10",432156,51.20
7/16/2023 23:00,"8,547,969.00","129,236.40",432162,50.80
7/17/2023 0:00,"5,643,845.60","84,476.70",432156,51.20
7/17/2023 1:00,"4,020,910.10","60,645.70",432156,51.20
7/17/2023 2:00,"3,604,583.90","54,611.80",432156,51.10
7/17/2023 3:00,"4,621,502.40","69,614.30",432168,51.00
7/17/2023 4:00,"8,490,891.00","127,558.60",432156,51.00
7/17/2023 5:00,"15,068,236.20","232,419.90",432156,50.90
7/17/2023 6:00,"19,949,236.00","333,373.40",432174,50.90
7/17/2023 7:00,"23,038,356.30","406,890.40",432156,50.90
7/17/2023 8:00,"22,723,565.10","407,368.30",432156,50.90
7/17/2023 9:00,"21,666,639.30","377,551.50",432156,50.80
7/17/2023 10:00,"21,735,361.40","373,989.90",432156,50.80
7/17/2023 11:00,"22,384,222.10","384,919.50",432186,50.80
7/17/2023 12:00,"23,111,430.90","397,178.80",432180,50.80
7/17/2023 13:00,"23,663,627.00","408,258.80",432168,50.70
7/17/2023 14:00,"24,852,211.90","441,391.40",432156,50.80
7/17/2023 15:00,"25,096,708.30","470,049.50",432156,50.20
7/17/2023 16:00,"24,980,819.10","479,438.30",432156,51.00
7/17/2023 17:00,"24,653,257.30","475,689.90",432156,51.00
7/17/2023 18:00,"21,298,183.90","367,223.40",432168,51.00
7/17/2023 19:00,"17,534,239.30","275,340.90",432156,51.00
7/17/2023 20:00,"14,996,360.20","233,222.40",432160,50.90
7/17/2023 21:00,"12,972,810.30","197,926.60",432123,50.80
7/17/2023 22:00,"10,117,477.20","154,171.00",432194,50.80
7/17/2023 23:00,"7,166,968.90","110,110.80",431874,50.70
7/18/2023 0:00,"4,982,487.10","76,587.70",432188,50.70
7/18/2023 1:00,"3,819,997.60","59,320.10",432218,50.70
7/18/2023 2:00,"3,576,634.90","55,647.50",432240,50.70
7/18/2023 3:00,"4,597,777.90","70,854.50",432225,50.70
7/18/2023 4:00,"8,431,557.70","129,708.20",432191,50.70
7/18/2023 5:00,"15,237,876.90","243,137.50",432216,50.80
7/18/2023 6:00,"20,235,226.80","347,629.70",432201,50.80
7/18/2023 7:00,"23,298,574.20","436,682.20",432235,51.00
7/18/2023 8:00,"22,862,101.90","450,365.10",432213,51.00
7/18/2023 9:00,"21,810,119.30","419,797.60",432271,51.00
7/18/2023 10:00,"21,513,764.10","397,478.60",432000,51.10
7/18/2023 11:00,"21,761,781.80","393,002.10",432203,51.10
7/18/2023 12:00,"22,423,519.30","400,480.70",432179,51.10
7/18/2023 13:00,"22,567,595.60","403,755.40",432169,51.10
7/18/2023 14:00,"24,712,352.20","455,887.30",432158,51.10
7/18/2023 15:00,"25,066,949.80","498,444.90",432167,51.10
7/18/2023 16:00,"25,006,036.50","520,800.20",432162,51.10
7/18/2023 17:00,"24,777,337.20","525,642.30",432162,51.00
7/18/2023 18:00,"21,981,808.00","418,153.20",432162,51.10
7/18/2023 19:00,"18,241,235.10","302,738.50",432152,51.00
7/18/2023 20:00,"15,535,721.20","247,659.70",432142,50.90
7/18/2023 21:00,"13,479,118.70","210,094.60",432167,50.80
7/18/2023 22:00,"10,561,617.60","163,588.70",432162,50.80
7/18/2023 23:00,"7,390,825.70","115,031.10",431911,50.90
7/19/2023 0:00,"5,170,471.50","80,070.40",438218,50.50
7/19/2023 1:00,"3,893,079.30","60,779.60",438764,50.50
7/19/2023 2:00,"3,644,872.00","56,742.60",438754,50.50
7/19/2023 3:00,"4,671,965.90","71,850.20",438764,50.40
7/19/2023 4:00,"8,646,811.30","130,915.40",438744,50.30
7/19/2023 5:00,"15,487,985.40","236,247.20",438774,50.30
7/19/2023 6:00,"20,674,358.50","348,999.50",438749,50.40
7/19/2023 7:00,"23,893,958.70","434,871.20",438502,50.50
7/19/2023 8:00,"23,498,275.10","440,800.90",438765,50.50
7/19/2023 9:00,"22,338,338.60","406,948.20",438787,50.50
7/19/2023 10:00,"22,092,834.40","389,813.20",438789,50.60
7/19/2023 11:00,"22,429,575.10","390,242.20",438754,50.60
7/19/2023 12:00,"23,237,453.90","402,509.10",438774,50.60
7/19/2023 13:00,"24,013,962.70","416,653.70",438820,50.90
7/19/2023 14:00,"25,460,492.90","458,800.60",438816,51.40
7/19/2023 15:00,"25,649,748.60","496,237.70",438804,51.30
7/19/2023 16:00,"25,674,888.50","521,989.50",438804,51.30
7/19/2023 17:00,"25,302,348.50","524,607.20",438804,51.30
7/19/2023 18:00,"22,570,233.80","421,322.80",438804,51.30
7/19/2023 19:00,"19,044,382.70","311,321.30",438816,51.30
7/19/2023 20:00,"16,495,881.80","257,315.60",438822,51.20
7/19/2023 21:00,"14,288,357.00","217,822.40",438804,51.00
7/19/2023 22:00,"11,054,645.30","167,932.40",438804,50.90
7/19/2023 23:00,"7,837,582.50","119,716.00",438552,51.10
7/20/2023 0:00,"5,376,627.40","81,418.80",438587,50.60
7/20/2023 1:00,"4,009,585.30","61,091.00",438876,50.70
7/20/2023 2:00,"3,712,486.30","56,802.50",438864,50.60
7/20/2023 3:00,"4,726,262.80","71,786.50",438864,50.60
7/20/2023 4:00,"8,682,669.60","130,439.40",438877,50.50
7/20/2023 5:00,"15,598,264.40","234,939.80",438864,50.50
7/20/2023 6:00,"20,728,325.50","346,371.60",438864,50.60
7/20/2023 7:00,"23,889,255.40","430,280.70",438876,50.80
7/20/2023 8:00,"23,619,699.40","438,855.90",438612,50.90
7/20/2023 9:00,"22,686,798.00","411,590.20",438864,50.90
7/20/2023 10:00,"22,510,882.40","398,180.30",438876,50.90
7/20/2023 11:00,"22,873,147.50","398,774.20",438864,50.80
7/20/2023 12:00,"23,611,039.70","411,350.30",438864,50.80
7/20/2023 13:00,"24,535,627.20","430,892.40",438864,50.80
7/20/2023 14:00,"25,787,496.50","473,500.90",438888,50.80
7/20/2023 15:00,"25,932,871.80","510,131.20",438864,50.80
7/20/2023 16:00,"25,926,505.10","533,555.30",438864,50.70
7/20/2023 17:00,"25,664,414.60","537,391.70",438864,50.80
7/20/2023 18:00,"23,148,021.70","433,508.30",438864,50.90
7/20/2023 19:00,"19,828,807.30","325,537.80",438864,50.70
7/20/2023 20:00,"17,579,470.40","275,685.70",438876,50.60
7/20/2023 21:00,"15,272,830.70","232,853.10",438864,50.50
7/20/2023 22:00,"12,058,303.00","184,119.40",438864,50.50
7/20/2023 23:00,"8,524,107.70","130,081.50",438612,49.40
7/21/2023 0:00,"5,943,723.00","90,120.30",438844,48.90
7/21/2023 1:00,"4,460,168.50","67,704.50",438864,49.00
7/21/2023 2:00,"4,050,460.80","61,790.60",438930,49.00
7/21/2023 3:00,"4,853,079.80","73,509.10",438696,49.00
7/21/2023 4:00,"8,467,682.60","126,954.20",438690,48.90
7/21/2023 5:00,"14,852,086.20","223,139.30",438924,48.90
7/21/2023 6:00,"19,832,034.90","322,955.80",438948,48.90
7/21/2023 7:00,"23,125,408.40","393,370.80",438930,49.10
7/21/2023 8:00,"23,252,472.20","402,632.10",438870,49.10
7/21/2023 9:00,"22,846,782.50","394,804.90",438864,49.20
7/21/2023 10:00,"23,553,744.10","409,769.40",438864,49.20
7/21/2023 11:00,"24,520,803.40","434,333.90",438864,49.10
7/21/2023 12:00,"25,289,799.50","456,018.40",438864,49.10
7/21/2023 13:00,"25,834,792.50","478,554.90",438864,49.10
7/21/2023 14:00,"26,469,398.20","517,387.90",438876,49.20
7/21/2023 15:00,"26,292,064.40","536,723.90",438864,49.10
7/21/2023 16:00,"26,154,353.20","527,499.00",438864,49.10
7/21/2023 17:00,"25,766,796.80","504,435.00",438876,49.10
7/21/2023 18:00,"23,775,908.00","420,634.20",438864,49.20
7/21/2023 19:00,"21,090,253.30","338,726.40",438864,49.10
7/21/2023 20:00,"18,767,891.20","295,155.00",438930,49.00
7/21/2023 21:00,"17,028,263.70","262,007.00",438864,48.90
7/21/2023 22:00,"14,457,036.30","220,749.00",438864,48.90
7/21/2023 23:00,"10,813,917.10","164,442.50",438864,48.90
7/22/2023 0:00,"7,570,902.90","114,169.80",439009,49.00
7/22/2023 1:00,"5,471,139.40","82,880.10",439044,49.00
7/22/2023 2:00,"4,593,456.30","69,662.50",438792,48.90
7/22/2023 3:00,"4,197,580.20","63,679.80",439044,48.90
7/22/2023 4:00,"5,190,219.30","78,465.70",438793,48.90
7/22/2023 5:00,"7,745,691.90","116,402.30",439044,48.80
7/22/2023 6:00,"11,525,327.40","175,088.30",439044,48.80
7/22/2023 7:00,"15,530,616.20","239,735.30",439044,49.00
7/22/2023 8:00,"19,398,113.40","302,716.60",439044,49.00
7/22/2023 9:00,"22,495,233.00","362,545.70",439044,49.10
7/22/2023 10:00,"24,364,476.50","408,581.10",439044,49.10
7/22/2023 11:00,"25,157,598.20","437,955.50",439044,49.10
7/22/2023 12:00,"25,383,207.00","450,052.60",439044,49.10
7/22/2023 13:00,"25,253,453.70","450,171.30",439044,49.10
7/22/2023 14:00,"25,245,092.00","448,286.00",439044,49.10
7/22/2023 15:00,"24,832,093.40","439,544.70",439056,49.10
7/22/2023 16:00,"24,344,765.50","426,364.60",439044,49.10
7/22/2023 17:00,"23,757,191.00","404,681.90",439044,49.10
7/22/2023 18:00,"22,191,658.80","362,008.90",439044,49.10
7/22/2023 19:00,"19,796,143.10","310,425.50",439044,49.00
7/22/2023 20:00,"18,218,425.00","284,901.80",439098,48.80
7/22/2023 21:00,"17,573,501.60","267,595.30",439044,48.80
7/22/2023 22:00,"15,745,996.30","237,883.60",439044,48.80
7/22/2023 23:00,"12,177,055.50","183,183.50",438798,48.50
7/23/2023 0:00,"8,463,598.90","127,110.20",439041,51.10
7/23/2023 1:00,"5,767,829.10","86,694.20",439056,51.10
7/23/2023 2:00,"4,437,854.40","66,837.80",439044,51.20
7/23/2023 3:00,"3,570,671.40","53,984.80",439068,51.10
7/23/2023 4:00,"3,755,972.10","56,813.00",439050,51.10
7/23/2023 5:00,"5,122,027.20","77,131.50",439044,51.00
7/23/2023 6:00,"7,624,671.00","114,272.50",439044,51.00
7/23/2023 7:00,"10,403,267.50","155,857.40",438792,51.10
7/23/2023 8:00,"14,085,329.50","212,619.10",439044,51.20
7/23/2023 9:00,"18,715,301.00","287,038.80",439039,51.20
7/23/2023 10:00,"22,384,544.20","353,409.70",439051,51.20
7/23/2023 11:00,"24,098,992.00","393,743.10",439044,51.20
7/23/2023 12:00,"25,093,889.10","421,989.60",439044,51.10
7/23/2023 13:00,"25,326,566.40","432,973.00",439056,51.20
7/23/2023 14:00,"25,275,763.30","429,524.20",439128,38.50
7/23/2023 15:00,"24,854,121.30","415,334.80",439188,26.00
7/23/2023 16:00,"24,160,797.80","398,689.00",439188,28.00
7/23/2023 17:00,"23,195,461.10","382,307.30",439034,51.20
7/23/2023 18:00,"21,777,878.50","349,270.30",439034,51.20
7/23/2023 19:00,"19,919,062.90","314,714.80",438989,51.20
7/23/2023 20:00,"18,304,987.60","289,749.00",438995,51.00
7/23/2023 21:00,"16,218,608.00","246,080.10",438989,51.00
7/23/2023 22:00,"12,700,051.50","190,782.30",438984,51.00
7/23/2023 23:00,"8,725,730.80","131,208.90",438742,51.00
7/24/2023 0:00,"5,727,294.20","86,467.50",438999,50.90
7/24/2023 1:00,"4,088,191.80","62,172.40",439043,51.00
7/24/2023 2:00,"3,691,981.40","56,198.20",439060,51.00
7/24/2023 3:00,"4,718,868.80","71,427.90",439128,51.00
7/24/2023 4:00,"8,675,314.40","130,542.60",439053,50.80
7/24/2023 5:00,"15,178,086.80","232,743.10",439152,50.80
7/24/2023 6:00,"20,027,231.70","333,258.60",439176,50.80
7/24/2023 7:00,"23,143,200.70","408,487.50",439164,50.90
7/24/2023 8:00,"22,927,336.10","410,118.30",439176,51.00
7/24/2023 9:00,"21,898,356.30","381,397.00",439164,51.10
7/24/2023 10:00,"21,954,365.80","377,175.70",439200,51.10
7/24/2023 11:00,"22,608,072.80","388,267.30",439224,51.10
7/24/2023 12:00,"23,262,426.30","399,743.20",439214,51.10
7/24/2023 13:00,"23,865,947.60","412,477.00",439156,51.10
7/24/2023 14:00,"25,181,410.90","448,124.60",439161,51.10
7/24/2023 15:00,"25,581,659.10","480,555.10",439127,51.00
7/24/2023 16:00,"25,586,455.90","491,597.80",439105,51.00
7/24/2023 17:00,"25,245,022.20","480,616.50",439055,50.90
7/24/2023 18:00,"21,696,652.30","371,632.90",438809,50.90
7/24/2023 19:00,"17,805,084.50","279,298.00",439060,51.00
7/24/2023 20:00,"15,190,046.00","236,597.70",439056,50.90
7/24/2023 21:00,"13,156,059.50","201,227.50",439061,50.90
7/24/2023 22:00,"10,338,274.60","157,842.20",439061,50.80
7/24/2023 23:00,"7,336,898.10","112,871.70",438814,50.90
7/25/2023 0:00,"5,067,257.70","77,875.00",439056,51.10
7/25/2023 1:00,"3,916,221.70","60,852.50",439061,51.10
7/25/2023 2:00,"3,670,146.60","56,963.90",438989,51.00
7/25/2023 3:00,"4,643,970.20","71,527.50",438989,51.00
7/25/2023 4:00,"8,550,484.00","131,429.40",439001,50.90
7/25/2023 5:00,"15,327,431.80","243,329.10",438984,50.80
7/25/2023 6:00,"20,422,731.90","347,968.00",438984,50.80
7/25/2023 7:00,"23,489,274.80","433,342.30",439001,50.90
7/25/2023 8:00,"23,245,054.90","445,818.60",438984,51.10
7/25/2023 9:00,"21,960,311.20","411,120.30",438989,51.20
7/25/2023 10:00,"21,685,324.10","393,346.20",438732,51.20
7/25/2023 11:00,"21,963,309.30","392,331.60",438984,51.20
7/25/2023 12:00,"22,704,996.50","402,451.80",438984,51.20
7/25/2023 13:00,"23,553,499.40","420,830.40",438984,51.10
7/25/2023 14:00,"25,028,916.00","462,270.10",438989,51.10
7/25/2023 15:00,"25,542,534.00","503,573.50",438989,51.10
7/25/2023 16:00,"25,575,607.70","525,839.00",438989,51.10
7/25/2023 17:00,"25,015,219.10","522,216.40",438995,51.10
7/25/2023 18:00,"22,082,285.20","417,854.70",438737,51.00
7/25/2023 19:00,"18,409,378.30","306,615.90",438984,51.10
7/25/2023 20:00,"15,741,154.70","251,571.10",438984,51.00
7/25/2023 21:00,"13,693,105.80","212,861.50",438984,50.90
7/25/2023 22:00,"11,070,899.60","171,156.00",438984,50.90
7/25/2023 23:00,"7,752,456.00","120,335.40",438732,50.90
7/26/2023 0:00,"5,284,518.00","82,039.10",439143,51.20
7/26/2023 1:00,"3,962,112.80","61,902.10",439152,51.10
7/26/2023 2:00,"3,718,244.40","57,929.40",439152,51.10
7/26/2023 3:00,"4,724,605.20","72,854.50",439157,51.10
7/26/2023 4:00,"8,675,665.50","131,627.90",439173,51.10
7/26/2023 5:00,"15,529,632.70","236,396.50",439152,51.10
7/26/2023 6:00,"20,658,909.20","348,357.50",439152,51.10
7/26/2023 7:00,"23,888,868.90","436,948.40",439152,51.20
7/26/2023 8:00,"23,386,725.50","443,760.60",439157,51.30
7/26/2023 9:00,"22,376,115.50","411,211.80",439157,51.30
7/26/2023 10:00,"22,180,636.10","392,014.50",439167,51.40
7/26/2023 11:00,"22,530,279.30","393,581.20",439152,51.40
7/26/2023 12:00,"23,274,938.50","406,434.20",439162,51.30
7/26/2023 13:00,"23,956,215.00","416,183.00",439356,50.30
7/26/2023 14:00,"25,319,821.80","458,092.20",439356,51.40
7/26/2023 15:00,"25,656,596.10","498,818.60",439356,51.40
7/26/2023 16:00,"25,672,139.40","525,803.80",439356,51.40
7/26/2023 17:00,"25,414,709.70","532,017.20",439356,50.30
7/26/2023 18:00,"22,662,250.50","427,491.80",439356,51.40
7/26/2023 19:00,"18,901,561.50","311,751.50",439356,51.20
7/26/2023 20:00,"16,548,139.30","261,673.60",439356,51.20
7/26/2023 21:00,"14,311,207.90","218,852.70",439356,51.20
7/26/2023 22:00,"11,248,325.20","170,975.50",439356,51.20
7/26/2023 23:00,"8,050,096.70","121,921.70",439356,51.20
7/27/2023 0:00,"5,521,007.90","83,623.90",439521,51.20
7/27/2023 1:00,"4,066,265.00","61,966.20",439536,51.30
7/27/2023 2:00,"3,803,830.30","58,095.40",439536,51.20
7/27/2023 3:00,"4,776,883.10","72,366.90",439536,51.20
7/27/2023 4:00,"8,674,978.30","129,686.20",439536,51.10
7/27/2023 5:00,"15,521,175.90","232,803.80",439536,51.10
7/27/2023 6:00,"20,589,266.00","343,177.50",439536,51.10
7/27/2023 7:00,"23,911,467.90","429,110.50",439536,51.20
7/27/2023 8:00,"23,538,515.50","433,200.60",439524,51.30
7/27/2023 9:00,"22,537,960.00","406,185.50",439464,51.20
7/27/2023 10:00,"22,510,493.50","396,563.30",439464,51.20
7/27/2023 11:00,"22,910,964.80","401,548.80",439464,51.30
7/27/2023 12:00,"23,673,565.60","415,992.90",439464,51.30
7/27/2023 13:00,"24,516,316.90","434,875.90",439464,51.30
7/27/2023 14:00,"25,762,805.90","477,602.00",439464,51.30
7/27/2023 15:00,"25,997,380.20","516,959.10",439464,51.30
7/27/2023 16:00,"25,959,695.00","536,165.90",439464,51.20
7/27/2023 17:00,"25,653,023.80","538,128.70",439464,49.30
7/27/2023 18:00,"23,160,264.60","437,074.20",439464,49.10
7/27/2023 19:00,"19,821,100.80","326,492.10",439464,49.00
7/27/2023 20:00,"17,412,150.70","272,583.30",439464,48.80
7/27/2023 21:00,"15,213,031.70","231,409.10",439464,48.80
7/27/2023 22:00,"12,148,616.00","183,788.90",439464,48.80
7/27/2023 23:00,"8,514,609.00","128,921.20",439464,48.70
7/28/2023 0:00,"5,858,220.40","88,820.60",439470,48.90
7/28/2023 1:00,"4,381,358.60","66,843.00",439464,48.90
7/28/2023 2:00,"4,025,363.20","61,340.80",439464,49.00
7/28/2023 3:00,"4,870,338.90","73,873.30",439464,48.90
7/28/2023 4:00,"8,467,156.50","126,611.50",439470,48.90
7/28/2023 5:00,"14,689,136.80","219,915.80",439464,48.90
7/28/2023 6:00,"19,737,349.80","320,409.10",439464,48.90
7/28/2023 7:00,"23,168,171.30","390,718.00",439464,49.00
7/28/2023 8:00,"23,255,626.60","398,324.40",439464,49.10
7/28/2023 9:00,"22,895,432.00","394,045.00",439470,49.10
7/28/2023 10:00,"23,527,256.60","411,348.30",439470,49.00
7/28/2023 11:00,"24,538,317.80","435,379.00",439464,49.10
7/28/2023 12:00,"25,337,270.70","460,294.50",439464,49.10
7/28/2023 13:00,"26,067,306.00","488,630.30",439464,49.10
7/28/2023 14:00,"26,814,718.30","526,382.90",439464,49.10
7/28/2023 15:00,"26,576,021.10","549,137.60",439464,49.10
7/28/2023 16:00,"26,372,318.40","545,481.90",439464,49.00
7/28/2023 17:00,"26,139,655.40","525,192.80",439464,49.00
7/28/2023 18:00,"24,211,449.20","433,671.90",439464,49.10
7/28/2023 19:00,"21,331,241.80","342,071.20",439464,49.00
7/28/2023 20:00,"18,875,027.40","294,177.80",439464,48.90
7/28/2023 21:00,"16,878,143.60","255,422.10",439464,48.90
7/28/2023 22:00,"14,381,197.10","217,171.00",439464,48.90
7/28/2023 23:00,"10,784,513.70","163,065.10",439212,48.90
7/29/2023 0:00,"7,606,754.90","114,499.90",439470,49.20
7/29/2023 1:00,"5,625,801.60","84,960.50",439464,49.20
7/29/2023 2:00,"4,664,082.90","70,504.30",439482,49.20
7/29/2023 3:00,"4,207,916.90","63,756.70",439464,49.20
7/29/2023 4:00,"5,168,049.20","78,100.70",439470,49.20
7/29/2023 5:00,"7,688,442.50","115,448.90",439476,49.10
7/29/2023 6:00,"11,393,998.80","172,913.70",439470,49.10
7/29/2023 7:00,"15,435,838.80","237,082.40",439482,49.20
7/29/2023 8:00,"19,195,763.90","298,665.00",439464,49.30
7/29/2023 9:00,"22,530,075.10","360,200.70",439476,49.30
7/29/2023 10:00,"24,460,109.10","410,316.20",439464,49.30
7/29/2023 11:00,"25,428,576.50","441,661.30",439470,49.30
7/29/2023 12:00,"25,710,685.60","455,490.50",439464,49.30
7/29/2023 13:00,"25,680,945.30","457,489.50",439464,49.30
7/29/2023 14:00,"25,576,228.50","455,657.30",439464,49.30
7/29/2023 15:00,"25,221,330.60","445,210.50",439464,49.30
7/29/2023 16:00,"24,694,650.20","429,804.10",439212,49.30
7/29/2023 17:00,"23,934,610.30","405,887.00",439470,49.30
7/29/2023 18:00,"22,347,926.30","362,783.60",439464,49.30
7/29/2023 19:00,"19,766,329.50","311,297.70",439212,49.20
7/29/2023 20:00,"18,116,099.00","283,943.50",439464,49.10
7/29/2023 21:00,"17,416,299.00","265,459.70",439464,49.00
7/29/2023 22:00,"15,848,219.80","240,138.00",439464,49.10
7/29/2023 23:00,"12,211,603.90","185,439.30",439212,49.10
7/30/2023 0:00,"8,555,535.30","128,438.00",439471,49.20
7/30/2023 1:00,"5,882,261.60","88,283.70",439464,49.20
7/30/2023 2:00,"4,481,886.50","67,503.30",439464,49.20
7/30/2023 3:00,"3,579,611.20","54,205.60",439464,49.20
7/30/2023 4:00,"3,716,614.50","56,209.70",439470,49.10
7/30/2023 5:00,"5,042,803.80","75,932.40",439449,49.10
7/30/2023 6:00,"7,469,171.00","111,791.00",439470,49.10
7/30/2023 7:00,"10,281,021.50","154,351.10",439449,49.20
7/30/2023 8:00,"14,085,875.40","212,896.60",439464,49.30
7/30/2023 9:00,"18,801,943.80","289,583.90",439464,49.20
7/30/2023 10:00,"22,491,917.20","357,751.10",439455,49.40
7/30/2023 11:00,"24,430,143.30","404,190.70",439454,49.40
7/30/2023 12:00,"25,249,460.30","430,641.90",439434,49.40
7/30/2023 13:00,"25,369,265.20","438,372.20",439454,49.30
7/30/2023 14:00,"25,221,733.90","435,509.80",439445,49.30
7/30/2023 15:00,"24,774,254.50","422,616.90",439449,49.40
7/30/2023 16:00,"24,202,872.80","407,509.00",439459,49.30
7/30/2023 17:00,"23,294,425.30","383,058.70",439454,49.40
7/30/2023 18:00,"21,864,561.20","353,253.70",439439,49.30
7/30/2023 19:00,"20,246,992.50","323,096.80",439424,49.30
7/30/2023 20:00,"18,733,210.80","299,907.50",439454,49.10
7/30/2023 21:00,"16,478,874.60","250,831.70",439434,49.10
7/30/2023 22:00,"12,772,862.50","192,791.70",439434,49.10
7/30/2023 23:00,"8,710,785.30","131,384.20",439461,49.20
7/31/2023 0:00,"5,689,925.30","85,344.40",439187,49.20
7/31/2023 1:00,"4,040,896.30","61,150.30",439450,49.20
7/31/2023 2:00,"3,672,984.00","55,802.80",439231,49.20
7/31/2023 3:00,"4,701,030.80","71,023.40",439524,49.10
7/31/2023 4:00,"8,602,400.40","128,597.90",439272,49.00
7/31/2023 5:00,"15,069,938.10","226,648.20",439524,49.00
7/31/2023 6:00,"19,851,735.00","328,576.90",439548,48.20
7/31/2023 7:00,"23,107,801.80","405,493.90",439512,48.70
7/31/2023 8:00,"22,742,801.20","401,815.30",439512,49.00
7/31/2023 9:00,"21,727,475.00","373,483.00",439512,49.40
7/31/2023 10:00,"21,837,702.50","371,106.10",439452,49.40
7/31/2023 11:00,"22,310,882.00","379,640.10",439476,49.30
7/31/2023 12:00,"23,158,404.80","394,871.50",439464,49.30
7/31/2023 13:00,"23,950,629.00","411,023.20",439384,49.30
7/31/2023 14:00,"25,360,896.40","446,797.60",439372,49.30
7/31/2023 15:00,"25,681,539.00","472,826.90",439362,49.20
7/31/2023 16:00,"25,657,292.80","481,546.90",439377,49.20
7/31/2023 17:00,"25,203,961.20","467,521.50",439378,49.20
7/31/2023 18:00,"21,743,790.00","366,490.60",439352,49.20
7/31/2023 19:00,"17,852,367.30","276,985.30",439347,49.20
7/31/2023 20:00,"15,105,019.50","232,874.20",439352,49.10
7/31/2023 21:00,"12,876,597.20","194,735.40",439367,49.00
7/31/2023 22:00,"10,085,101.90","152,607.80",439347,49.00
7/31/2023 23:00,"7,176,549.70","108,773.90",439085,49.00
8/1/2023 0:00,"5,078,178.40","76,950.20",439342,51.40
8/1/2023 1:00,"3,919,218.70","60,002.60",439375,51.30
8/1/2023 2:00,"3,700,085.30","56,631.30",439332,51.20
8/1/2023 3:00,"4,733,630.70","71,743.20",439347,51.10
8/1/2023 4:00,"8,617,733.60","129,041.60",439352,51.30
8/1/2023 5:00,"15,339,354.10","231,186.40",439357,51.20
8/1/2023 6:00,"20,345,554.20","343,264.10",439327,51.10
8/1/2023 7:00,"23,710,951.30","428,056.10",439307,51.20
8/1/2023 8:00,"23,138,415.00","430,165.20",439337,51.40
8/1/2023 9:00,"21,946,790.50","393,087.10",439357,51.50
8/1/2023 10:00,"21,743,337.40","377,511.20",439367,51.60
8/1/2023 11:00,"22,041,758.10","376,009.20",439367,51.60
8/1/2023 12:00,"22,661,676.50","383,066.20",439163,43.40
8/1/2023 13:00,"23,509,929.20","400,161.80",439174,51.50
8/1/2023 14:00,"24,956,274.60","442,686.00",439143,51.50
8/1/2023 15:00,"25,411,995.40","484,741.80",439153,51.50
8/1/2023 16:00,"25,491,194.20","507,730.20",439138,51.50
8/1/2023 17:00,"25,161,572.00","508,430.90",439144,51.50
8/1/2023 18:00,"22,155,896.30","402,755.40",439163,51.50
8/1/2023 19:00,"18,420,113.90","295,240.40",439153,51.50
8/1/2023 20:00,"15,718,596.80","242,892.50",439163,51.40
8/1/2023 21:00,"13,461,451.40","203,031.00",439128,51.30
8/1/2023 22:00,"10,657,559.50","160,813.40",439153,51.30
8/1/2023 23:00,"7,584,932.30","114,502.90",439133,51.30
8/2/2023 0:00,"5,240,056.60","79,316.50",438896,51.50
8/2/2023 1:00,"3,928,553.00","59,738.80",439143,51.50
8/2/2023 2:00,"3,681,719.10","56,185.80",439143,51.40
8/2/2023 3:00,"4,689,685.90","71,032.40",439168,51.10
8/2/2023 4:00,"8,621,034.70","129,127.60",439144,51.30
8/2/2023 5:00,"15,344,619.00","232,304.20",439163,51.30
8/2/2023 6:00,"20,440,659.50","344,004.70",439148,50.60
8/2/2023 7:00,"23,723,507.20","428,163.10",439173,51.20
8/2/2023 8:00,"23,201,275.00","430,767.70",439167,51.60
8/2/2023 9:00,"22,014,456.60","396,366.40",439158,51.30
8/2/2023 10:00,"21,859,394.30","381,813.80",439133,51.60
8/2/2023 11:00,"22,293,821.00","382,257.50",439143,51.60
8/2/2023 12:00,"23,009,134.90","392,275.20",439153,51.70
8/2/2023 13:00,"23,598,064.50","406,115.70",439163,51.70
8/2/2023 14:00,"25,092,449.90","448,149.00",439163,51.60
8/2/2023 15:00,"25,298,782.00","486,528.10",439143,51.60
8/2/2023 16:00,"25,393,046.30","512,239.60",439163,51.60
8/2/2023 17:00,"25,134,477.70","517,726.10",439158,51.50
8/2/2023 18:00,"22,329,482.90","412,827.70",439163,51.40
8/2/2023 19:00,"18,750,333.40","304,076.70",439163,51.40
8/2/2023 20:00,"16,341,058.70","253,899.60",439163,51.40
8/2/2023 21:00,"14,066,507.90","212,461.80",439148,51.20
8/2/2023 22:00,"11,061,912.00","166,554.00",439138,51.10
8/2/2023 23:00,"7,869,611.10","118,619.10",438901,51.20
8/3/2023 0:00,"5,429,277.30","81,981.00",439148,50.90
8/3/2023 1:00,"4,033,841.90","61,426.70",439138,50.90
8/3/2023 2:00,"3,773,367.10","57,741.60",439143,50.80
8/3/2023 3:00,"4,754,772.90","72,251.60",439138,50.80
8/3/2023 4:00,"8,679,171.90","130,038.00",439148,50.90
8/3/2023 5:00,"15,413,579.20","232,256.60",439158,50.80
8/3/2023 6:00,"20,467,710.30","341,542.90",439163,50.90
8/3/2023 7:00,"23,899,357.70","426,596.00",439168,50.90
8/3/2023 8:00,"23,555,096.20","431,795.80",439168,51.10
8/3/2023 9:00,"22,466,040.60","401,869.80",439155,51.20
8/3/2023 10:00,"22,450,103.70","391,594.30",439138,51.20
8/3/2023 11:00,"23,050,695.10","397,967.80",439362,51.10
8/3/2023 12:00,"23,788,995.40","409,403.60",439367,51.10
8/3/2023 13:00,"24,537,518.70","426,290.00",439382,51.00
8/3/2023 14:00,"25,731,347.80","471,103.50",439372,51.00
8/3/2023 15:00,"26,171,727.90","516,733.00",439357,51.10
8/3/2023 16:00,"26,114,332.70","537,783.30",439367,51.10
8/3/2023 17:00,"25,719,429.30","542,858.00",439363,51.10
8/3/2023 18:00,"23,205,381.90","439,332.60",439357,50.90
8/3/2023 19:00,"19,878,822.10","326,861.30",439372,50.90
8/3/2023 20:00,"17,395,274.10","273,333.10",439362,50.90
8/3/2023 21:00,"14,982,735.90","226,730.00",439367,50.70
8/3/2023 22:00,"11,827,727.30","178,347.50",439377,50.70
8/3/2023 23:00,"8,411,113.60","127,133.30",439095,50.80
8/4/2023 0:00,"5,899,153.40","88,938.70",439347,51.00
8/4/2023 1:00,"4,520,639.30","68,606.70",439342,50.90
8/4/2023 2:00,"4,061,933.50","61,816.80",439359,51.00
8/4/2023 3:00,"4,841,157.60","73,573.60",439080,51.00
8/4/2023 4:00,"8,420,095.70","126,136.40",439347,50.80
8/4/2023 5:00,"14,674,985.10","219,941.80",439105,50.80
8/4/2023 6:00,"19,709,093.50","319,541.00",439347,50.80
8/4/2023 7:00,"23,264,667.00","392,931.50",439357,51.00
8/4/2023 8:00,"23,318,805.50","397,458.40",439367,51.10
8/4/2023 9:00,"22,954,497.30","387,997.80",439362,51.10
8/4/2023 10:00,"23,646,194.90","405,349.20",439357,51.10
8/4/2023 11:00,"24,612,573.40","430,889.60",439342,51.10
8/4/2023 12:00,"25,390,116.20","457,426.90",439357,51.20
8/4/2023 13:00,"26,016,211.60","483,287.00",439375,50.10
8/4/2023 14:00,"26,596,942.90","521,945.20",439357,51.10
8/4/2023 15:00,"26,458,540.70","549,068.60",439367,51.10
8/4/2023 16:00,"26,343,010.60","548,816.70",439352,51.10
8/4/2023 17:00,"26,034,710.60","526,956.80",439357,51.10
8/4/2023 18:00,"24,133,704.80","440,766.40",439377,51.10
8/4/2023 19:00,"21,443,353.90","350,994.50",439357,51.00
8/4/2023 20:00,"19,057,040.30","300,408.00",439357,50.90
8/4/2023 21:00,"17,044,961.90","258,045.30",439372,50.90
8/4/2023 22:00,"14,333,361.30","215,233.40",439100,50.90
8/4/2023 23:00,"10,792,932.60","162,282.70",439090,50.90
8/5/2023 0:00,"7,617,276.70","114,348.10",439367,50.90
8/5/2023 1:00,"5,560,251.80","84,009.70",439357,50.90
8/5/2023 2:00,"4,608,739.00","69,596.10",439337,50.90
8/5/2023 3:00,"4,164,935.10","63,145.80",439362,50.90
8/5/2023 4:00,"5,131,290.60","77,420.70",439354,50.80
8/5/2023 5:00,"7,633,060.70","114,492.10",439357,50.80
8/5/2023 6:00,"11,409,826.40","172,961.80",439372,50.80
8/5/2023 7:00,"15,464,881.60","237,260.20",439357,50.90
8/5/2023 8:00,"19,319,932.50","300,387.30",439382,51.10
8/5/2023 9:00,"22,352,576.70","357,876.50",439377,51.10
8/5/2023 10:00,"24,501,330.30","411,570.50",439357,51.10
8/5/2023 11:00,"25,428,609.60","444,176.20",439388,51.10
8/5/2023 12:00,"25,594,435.90","458,986.90",439347,51.10
8/5/2023 13:00,"25,592,697.50","461,977.70",439382,51.00
8/5/2023 14:00,"25,478,598.60","460,767.30",439367,51.10
8/5/2023 15:00,"25,165,954.10","453,097.40",439382,51.10
8/5/2023 16:00,"24,680,550.50","438,082.00",439352,51.10
8/5/2023 17:00,"23,933,361.20","411,605.10",439367,51.00
8/5/2023 18:00,"22,341,462.80","366,403.70",439352,51.10
8/5/2023 19:00,"19,984,168.80","315,598.90",439347,51.00
8/5/2023 20:00,"18,342,938.50","288,679.70",439382,50.90
8/5/2023 21:00,"17,260,779.00","262,057.40",439120,50.80
8/5/2023 22:00,"15,656,189.70","234,899.60",439357,50.80
8/5/2023 23:00,"12,292,867.10","183,937.60",439130,50.70
8/6/2023 0:00,"8,580,740.60","128,495.10",439257,50.70
8/6/2023 1:00,"5,915,994.60","88,914.10",439237,50.80
8/6/2023 2:00,"4,492,537.40","67,577.10",439237,50.80
8/6/2023 3:00,"3,574,869.30","54,044.10",439227,50.90
8/6/2023 4:00,"3,698,424.20","55,937.30",439237,50.80
8/6/2023 5:00,"5,023,877.90","75,543.90",439242,50.80
8/6/2023 6:00,"7,477,687.80","112,008.40",439227,50.80
8/6/2023 7:00,"10,268,360.10","154,211.80",439242,50.90
8/6/2023 8:00,"13,981,477.40","211,227.70",439227,51.00
8/6/2023 9:00,"18,752,824.20","288,042.00",439242,51.10
8/6/2023 10:00,"22,533,927.70","357,920.40",439247,51.10
8/6/2023 11:00,"24,363,336.50","404,058.20",439252,51.10
8/6/2023 12:00,"25,201,780.60","431,169.10",439237,51.10
8/6/2023 13:00,"25,477,085.80","441,078.00",439237,51.10
8/6/2023 14:00,"25,226,212.30","437,440.50",439237,51.00
8/6/2023 15:00,"24,742,295.90","424,372.90",439237,51.00
8/6/2023 16:00,"24,129,593.90","405,722.40",439247,51.00
8/6/2023 17:00,"23,295,524.10","383,695.40",439257,51.00
8/6/2023 18:00,"21,852,529.80","351,885.40",439247,51.00
8/6/2023 19:00,"20,184,594.70","319,583.40",439247,51.00
8/6/2023 20:00,"18,730,525.10","299,183.70",439242,50.90
8/6/2023 21:00,"16,451,042.80","248,968.60",439237,50.70
8/6/2023 22:00,"12,634,552.40","189,435.20",439232,50.80
8/6/2023 23:00,"8,643,910.30","130,049.50",439242,50.80
8/7/2023 0:00,"5,703,038.10","85,744.20",439222,50.70
8/7/2023 1:00,"4,124,641.20","62,459.90",439217,50.70
8/7/2023 2:00,"3,725,504.30","56,580.40",439237,50.70
8/7/2023 3:00,"4,730,003.70","71,533.50",439222,50.40
8/7/2023 4:00,"8,632,873.50","129,122.20",439237,50.60
8/7/2023 5:00,"15,131,140.10","228,710.50",439242,50.60
8/7/2023 6:00,"19,870,732.20","330,128.20",439259,50.50
8/7/2023 7:00,"23,359,061.60","413,533.90",439242,50.70
8/7/2023 8:00,"22,880,828.20","410,327.40",439257,50.70
8/7/2023 9:00,"21,736,678.90","376,486.80",439237,50.80
8/7/2023 10:00,"21,894,124.40","373,569.80",439254,50.70
8/7/2023 11:00,"22,518,532.40","384,136.10",439232,50.60
8/7/2023 12:00,"23,222,652.00","396,044.00",439227,50.60
8/7/2023 13:00,"23,794,506.20","408,865.20",439252,50.60
8/7/2023 14:00,"25,236,309.80","446,216.50",439222,50.60
8/7/2023 15:00,"25,708,624.20","479,468.50",439257,50.50
8/7/2023 16:00,"25,621,719.60","494,424.60",439227,50.50
8/7/2023 17:00,"25,314,263.10","485,856.10",439248,50.60
8/7/2023 18:00,"21,872,274.30","375,163.70",439242,50.50
8/7/2023 19:00,"17,826,427.30","279,301.90",439242,50.50
8/7/2023 20:00,"15,154,363.50","233,815.30",439237,50.40
8/7/2023 21:00,"12,969,821.30","195,564.80",439227,50.40
8/7/2023 22:00,"10,213,845.00","153,982.40",439249,50.30
8/7/2023 23:00,"7,373,235.80","111,330.30",439237,50.30
8/8/2023 0:00,"5,260,045.30","79,502.00",439216,50.30
8/8/2023 1:00,"4,133,949.40","63,112.20",439220,50.30
8/8/2023 2:00,"3,774,699.20","57,687.70",439210,50.30
8/8/2023 3:00,"4,713,414.10","71,782.50",439225,50.30
8/8/2023 4:00,"8,571,934.70","128,867.90",439215,50.20
8/8/2023 5:00,"15,292,656.10","230,590.60",439235,50.20
8/8/2023 6:00,"20,410,059.40","344,441.40",439225,50.10
8/8/2023 7:00,"23,878,991.60","439,773.90",439205,50.10
8/8/2023 8:00,"23,125,431.70","446,193.30",439235,50.10
8/8/2023 9:00,"21,850,803.20","403,086.20",439232,50.10
8/8/2023 10:00,"21,739,811.40","383,810.50",439259,49.70
8/8/2023 11:00,"22,011,748.90","380,325.80",439356,49.20
8/8/2023 12:00,"22,529,206.40","386,456.70",439332,50.20
8/8/2023 13:00,"23,552,745.20","404,811.30",439296,50.20
8/8/2023 14:00,"25,138,503.90","448,252.40",439296,50.30
8/8/2023 15:00,"25,564,495.40","492,338.40",439296,50.30
8/8/2023 16:00,"25,615,256.10","514,662.80",439270,50.30
8/8/2023 17:00,"25,252,757.90","517,766.60",439308,50.40
8/8/2023 18:00,"22,395,284.80","415,050.20",439314,50.40
8/8/2023 19:00,"18,530,864.70","299,297.40",439261,50.20
8/8/2023 20:00,"15,708,581.80","243,617.30",439296,50.10
8/8/2023 21:00,"13,306,909.60","201,036.00",439302,50.10
8/8/2023 22:00,"10,462,710.00","158,090.00",439320,50.20
8/8/2023 23:00,"7,623,342.50","115,407.20",439290,50.20
8/9/2023 0:00,"5,323,952.60","80,472.20",439193,50.30
8/9/2023 1:00,"4,082,787.80","61,909.30",439308,50.20
8/9/2023 2:00,"3,707,716.10","56,561.60",439296,50.20
8/9/2023 3:00,"4,662,443.70","70,574.30",439289,50.00
8/9/2023 4:00,"8,602,491.30","128,640.00",439172,49.70
8/9/2023 5:00,"15,409,071.80","231,935.10",439084,49.50
8/9/2023 6:00,"20,615,022.80","346,899.20",439317,49.50
8/9/2023 7:00,"24,026,633.90","435,985.40",439282,49.70
8/9/2023 8:00,"23,496,774.80","440,223.60",439145,49.80
8/9/2023 9:00,"22,109,195.80","401,002.20",439165,49.90
8/9/2023 10:00,"21,859,889.80","382,765.70",439169,50.00
8/9/2023 11:00,"22,153,012.00","382,232.40",439150,49.90
8/9/2023 12:00,"22,893,815.60","391,187.60",439187,49.90
8/9/2023 13:00,"23,677,211.10","408,847.40",439168,49.90
8/9/2023 14:00,"25,233,824.40","452,190.20",439184,49.80
8/9/2023 15:00,"25,798,559.70","496,466.60",439106,49.90
8/9/2023 16:00,"25,789,845.40","523,567.60",439182,50.30
8/9/2023 17:00,"25,517,988.10","529,624.60",439153,50.20
8/9/2023 18:00,"22,730,692.00","419,514.60",439148,50.30
8/9/2023 19:00,"18,955,451.20","307,440.40",439169,50.30
8/9/2023 20:00,"16,281,596.60","252,545.00",439182,50.10
8/9/2023 21:00,"13,810,880.30","208,757.50",439168,50.10
8/9/2023 22:00,"10,755,169.80","162,410.10",439213,50.10
8/9/2023 23:00,"7,597,904.10","114,782.70",438999,50.20
8/10/2023 0:00,"5,286,515.40","79,970.80",439232,50.30
8/10/2023 1:00,"4,123,525.40","62,592.70",439338,50.30
8/10/2023 2:00,"3,780,408.00","57,710.00",439259,50.30
8/10/2023 3:00,"4,744,822.90","71,835.90",439300,50.30
8/10/2023 4:00,"8,619,420.30","128,979.20",439201,50.20
8/10/2023 5:00,"15,374,296.50","232,039.10",439084,47.70
8/10/2023 6:00,"20,632,276.90","344,816.30",439132,35.60
8/10/2023 7:00,"24,208,358.60","434,550.40",439021,35.60
8/10/2023 8:00,"23,807,143.50","434,345.70",439041,35.60
8/10/2023 9:00,"22,488,922.50","397,384.60",439258,47.90
8/10/2023 10:00,"22,279,862.70","382,959.30",439193,50.40
8/10/2023 11:00,"22,729,074.00","387,191.80",439197,50.40
8/10/2023 12:00,"23,519,986.40","401,100.00",439222,50.40
8/10/2023 13:00,"24,553,496.20","422,406.20",439218,49.80
8/10/2023 14:00,"25,838,370.70","466,696.50",439190,50.40
8/10/2023 15:00,"26,276,682.10","512,218.60",439152,50.40
8/10/2023 16:00,"26,193,093.60","533,649.10",439168,50.30
8/10/2023 17:00,"25,843,264.10","538,867.90",439161,50.30
8/10/2023 18:00,"23,172,993.70","434,141.30",439187,50.30
8/10/2023 19:00,"19,707,610.40","319,300.70",439248,50.40
8/10/2023 20:00,"17,180,049.60","268,680.70",439210,50.30
8/10/2023 21:00,"14,741,827.80","223,517.10",439307,50.30
8/10/2023 22:00,"11,609,072.10","175,342.10",439281,50.30
8/10/2023 23:00,"8,345,983.10","126,071.00",439011,50.30
8/11/2023 0:00,"5,710,541.20","86,320.00",439238,49.50
8/11/2023 1:00,"4,235,328.20","64,387.50",439324,49.40
8/11/2023 2:00,"3,898,152.00","59,403.90",439289,49.40
8/11/2023 3:00,"4,784,934.70","72,440.70",439326,49.40
8/11/2023 4:00,"8,327,417.40","124,661.20",439150,49.30
8/11/2023 5:00,"14,739,302.10","221,216.10",439299,49.20
8/11/2023 6:00,"19,730,181.20","321,412.50",439266,49.10
8/11/2023 7:00,"23,647,644.90","400,212.40",439332,49.20
8/11/2023 8:00,"23,487,542.70","402,422.30",439338,49.40
8/11/2023 9:00,"22,750,322.20","385,653.30",439282,51.00
8/11/2023 10:00,"23,421,359.60","397,824.10",439238,51.20
8/11/2023 11:00,"24,300,364.50","419,322.20",439249,51.10
8/11/2023 12:00,"25,133,366.80","444,108.50",439237,50.90
8/11/2023 13:00,"25,862,410.60","470,034.90",439296,50.70
8/11/2023 14:00,"26,614,971.30","509,522.20",439228,50.90
8/11/2023 15:00,"26,548,197.10","537,510.50",439208,51.10
8/11/2023 16:00,"26,279,099.30","537,431.60",439267,51.10
8/11/2023 17:00,"25,992,533.00","518,054.50",439212,51.10
8/11/2023 18:00,"24,145,599.60","432,210.90",439236,51.10
8/11/2023 19:00,"21,331,575.00","344,524.70",439227,51.20
8/11/2023 20:00,"18,857,559.30","297,022.80",439353,51.00
8/11/2023 21:00,"16,761,485.30","254,178.30",439326,50.90
8/11/2023 22:00,"14,121,238.70","211,550.70",439348,50.90
8/11/2023 23:00,"10,653,908.40","159,939.20",439297,50.90
8/12/2023 0:00,"7,363,711.40","110,639.80",439292,51.20
8/12/2023 1:00,"5,282,192.00","79,819.50",439422,51.20
8/12/2023 2:00,"4,419,181.20","66,817.30",439375,51.20
8/12/2023 3:00,"4,069,711.30","61,523.60",439401,51.20
8/12/2023 4:00,"5,072,152.20","76,500.70",439183,51.10
8/12/2023 5:00,"7,545,242.60","113,433.10",439270,51.10
8/12/2023 6:00,"11,288,294.30","171,140.00",439326,51.10
8/12/2023 7:00,"15,393,888.50","235,671.00",439358,51.30
8/12/2023 8:00,"19,192,213.70","297,167.60",439402,51.40
8/12/2023 9:00,"22,458,347.50","355,688.70",439378,51.40
8/12/2023 10:00,"24,415,082.30","404,115.00",439392,51.40
8/12/2023 11:00,"25,371,594.60","434,753.70",439356,51.40
8/12/2023 12:00,"25,615,359.80","449,011.80",439332,51.40
8/12/2023 13:00,"25,512,529.00","448,654.30",439342,51.40
8/12/2023 14:00,"25,579,189.00","449,820.60",439343,51.30
8/12/2023 15:00,"25,242,444.20","444,858.00",439279,51.30
8/12/2023 16:00,"24,775,428.20","434,223.30",439298,51.30
8/12/2023 17:00,"23,949,094.60","407,971.50",439335,51.40
8/12/2023 18:00,"22,323,015.20","364,124.90",439287,51.30
8/12/2023 19:00,"19,905,792.20","313,052.70",439318,51.30
8/12/2023 20:00,"18,509,005.80","291,679.80",439228,51.20
8/12/2023 21:00,"17,631,471.90","266,628.70",439287,51.20
8/12/2023 22:00,"15,701,806.80","234,920.60",439322,51.20
8/12/2023 23:00,"12,032,236.30","179,953.40",439256,51.10
8/13/2023 0:00,"8,392,709.20","125,186.70",439316,51.30
8/13/2023 1:00,"5,785,734.40","86,609.90",439446,51.40
8/13/2023 2:00,"4,512,666.30","67,641.50",439347,51.40
8/13/2023 3:00,"3,666,387.70","55,164.00",439379,51.30
8/13/2023 4:00,"3,782,584.10","56,992.60",439398,51.30
8/13/2023 5:00,"5,031,455.70","75,578.30",439302,51.30
8/13/2023 6:00,"7,408,369.90","110,844.60",439367,51.20
8/13/2023 7:00,"10,186,137.30","152,458.50",439372,51.30
8/13/2023 8:00,"13,816,792.80","208,173.70",439427,51.50
8/13/2023 9:00,"18,549,934.80","284,448.80",439356,51.50
8/13/2023 10:00,"22,232,162.50","350,449.40",439381,51.60
8/13/2023 11:00,"24,152,872.40","395,294.50",439351,51.50
8/13/2023 12:00,"25,017,355.40","421,458.40",439252,51.50
8/13/2023 13:00,"25,192,090.00","430,081.90",439351,51.50
8/13/2023 14:00,"24,924,091.90","424,401.50",439364,51.50
8/13/2023 15:00,"24,492,760.30","415,172.70",439236,51.50
8/13/2023 16:00,"24,070,696.10","401,450.40",439256,51.50
8/13/2023 17:00,"23,376,559.40","384,098.40",439264,51.50
8/13/2023 18:00,"21,985,019.30","352,497.10",439255,51.50
8/13/2023 19:00,"20,044,134.20","317,666.80",439136,51.40
8/13/2023 20:00,"18,394,228.10","293,871.50",439136,51.20
8/13/2023 21:00,"15,753,513.20","237,390.40",439206,51.20
8/13/2023 22:00,"11,962,418.60","178,396.60",439141,51.10
8/13/2023 23:00,"8,237,623.60","123,298.90",438919,51.10
8/14/2023 0:00,"5,551,817.40","83,057.10",439175,51.20
8/14/2023 1:00,"4,010,066.00","60,500.30",438932,51.30
8/14/2023 2:00,"3,617,485.90","54,812.10",439214,51.30
8/14/2023 3:00,"4,656,828.30","70,357.10",439164,51.20
8/14/2023 4:00,"8,590,014.70","128,555.40",439179,51.10
8/14/2023 5:00,"15,142,015.30","228,107.70",439204,51.10
8/14/2023 6:00,"20,059,240.60","334,162.20",439216,51.10
8/14/2023 7:00,"23,763,193.70","419,563.90",439164,51.30
8/14/2023 8:00,"23,051,939.90","414,365.10",439189,51.40
8/14/2023 9:00,"21,596,257.70","374,237.20",439194,51.60
8/14/2023 10:00,"21,598,012.60","367,528.80",439190,51.50
8/14/2023 11:00,"22,372,213.90","377,383.40",439246,48.20
8/14/2023 12:00,"23,033,848.00","388,272.50",439018,49.10
8/14/2023 13:00,"23,852,423.20","403,236.10",439261,49.30
8/14/2023 14:00,"25,155,063.30","438,280.90",439179,51.50
8/14/2023 15:00,"25,664,626.70","478,850.50",439179,51.40
8/14/2023 16:00,"25,540,211.40","492,679.40",439159,51.50
8/14/2023 17:00,"25,098,663.30","485,111.20",439174,51.50
8/14/2023 18:00,"21,594,401.20","374,200.60",439199,51.40
8/14/2023 19:00,"17,528,629.70","275,461.80",439194,51.40
8/14/2023 20:00,"14,984,537.40","231,956.20",439164,51.30
8/14/2023 21:00,"12,590,306.40","190,368.10",439129,51.30
8/14/2023 22:00,"9,804,013.30","148,441.90",439186,51.10
8/14/2023 23:00,"7,066,284.00","107,164.30",438912,51.10
8/15/2023 0:00,"5,155,351.90","78,087.90",439159,51.30
8/15/2023 1:00,"3,968,666.40","60,728.10",439201,51.30
8/15/2023 2:00,"3,668,090.90","55,934.60",439201,51.30
8/15/2023 3:00,"4,666,770.30","70,726.40",439160,51.30
8/15/2023 4:00,"8,530,830.60","128,035.60",439221,51.20
8/15/2023 5:00,"15,379,492.10","232,081.50",439184,51.20
8/15/2023 6:00,"20,523,216.00","348,498.30",439206,51.10
8/15/2023 7:00,"24,180,372.20","447,648.70",439194,51.30
8/15/2023 8:00,"23,378,774.20","454,275.30",439190,51.40
8/15/2023 9:00,"21,899,691.20","406,573.40",439239,51.50
8/15/2023 10:00,"21,450,156.00","378,056.30",439159,51.40
8/15/2023 11:00,"21,728,621.50","373,343.30",439159,51.40
8/15/2023 12:00,"22,450,994.00","380,634.50",439188,51.50
8/15/2023 13:00,"23,411,252.90","398,409.30",439212,51.50
8/15/2023 14:00,"24,997,082.40","439,923.90",439238,51.40
8/15/2023 15:00,"25,523,459.70","485,837.00",439245,51.40
8/15/2023 16:00,"25,508,794.10","508,980.90",438939,51.50
8/15/2023 17:00,"25,196,377.90","514,446.30",439256,48.40
8/15/2023 18:00,"22,034,616.90","405,236.00",439247,51.50
8/15/2023 19:00,"18,346,266.50","296,896.40",439283,51.40
8/15/2023 20:00,"15,606,674.80","243,456.50",439276,51.40
8/15/2023 21:00,"13,094,910.20","198,881.40",439206,51.30
8/15/2023 22:00,"10,326,028.40","156,468.80",439211,51.30
8/15/2023 23:00,"7,272,197.10","110,454.30",438949,51.30
8/16/2023 0:00,"5,155,889.60","77,953.00",439140,51.00
8/16/2023 1:00,"3,904,234.30","59,469.50",439120,51.00
8/16/2023 2:00,"3,637,267.10","55,578.40",438765,51.00
8/16/2023 3:00,"4,689,579.30","71,123.40",439042,50.90
8/16/2023 4:00,"8,615,942.10","129,400.50",438822,50.80
8/16/2023 5:00,"15,490,902.80","233,925.30",439052,50.80
8/16/2023 6:00,"20,615,361.30","350,344.80",439017,50.70
8/16/2023 7:00,"24,284,375.30","450,855.70",439012,50.80
8/16/2023 8:00,"23,635,871.40","460,431.80",438843,51.00
8/16/2023 9:00,"22,137,949.80","412,810.40",439012,51.00
8/16/2023 10:00,"21,607,418.50","384,106.20",438820,51.00
8/16/2023 11:00,"21,891,154.70","379,127.90",439044,51.00
8/16/2023 12:00,"22,671,133.00","386,615.10",439002,51.00
8/16/2023 13:00,"23,555,989.40","403,445.10",439012,51.10
8/16/2023 14:00,"25,038,780.30","446,295.90",438987,51.00
8/16/2023 15:00,"25,631,759.20","493,395.40",439032,50.90
8/16/2023 16:00,"25,665,540.90","519,139.10",439077,51.10
8/16/2023 17:00,"25,255,013.80","519,656.20",439107,51.00
8/16/2023 18:00,"22,375,404.60","414,174.20",439058,50.90
8/16/2023 19:00,"18,811,592.30","305,004.50",439032,50.90
8/16/2023 20:00,"16,236,093.90","252,087.50",439037,50.80
8/16/2023 21:00,"13,654,416.70","206,452.50",439062,50.80
8/16/2023 22:00,"10,460,391.40","157,985.00",438805,50.70
8/16/2023 23:00,"7,357,778.20","111,445.00",438820,50.60
8/17/2023 0:00,"5,160,098.50","78,272.60",439092,50.70
8/17/2023 1:00,"3,921,965.20","59,915.80",439062,50.80
8/17/2023 2:00,"3,697,548.40","56,423.20",439087,50.60
8/17/2023 3:00,"4,743,780.10","71,764.90",439037,50.70
8/17/2023 4:00,"8,524,657.50","127,678.80",439032,50.80
8/17/2023 5:00,"15,281,747.70","230,235.90",439032,50.70
8/17/2023 6:00,"20,661,103.60","349,193.50",439047,50.80
8/17/2023 7:00,"24,501,469.30","453,936.50",439032,50.90
8/17/2023 8:00,"23,868,160.40","463,797.60",439012,51.00
8/17/2023 9:00,"22,329,151.40","416,525.10",439092,51.10
8/17/2023 10:00,"22,079,711.50","392,730.40",438997,51.10
8/17/2023 11:00,"22,546,786.20","392,183.30",439349,46.90
8/17/2023 12:00,"23,344,940.00","401,907.90",439332,51.10
8/17/2023 13:00,"24,172,251.00","418,908.10",439332,51.10
8/17/2023 14:00,"25,562,143.70","464,166.70",439302,51.10
8/17/2023 15:00,"25,878,685.20","509,427.60",439350,51.10
8/17/2023 16:00,"25,832,567.90","534,721.30",439326,51.10
8/17/2023 17:00,"25,352,537.50","533,809.10",439344,51.10
8/17/2023 18:00,"22,517,631.20","430,843.70",439283,51.10
8/17/2023 19:00,"19,514,098.00","323,024.80",439320,51.00
8/17/2023 20:00,"17,059,606.30","268,166.80",439332,50.90
8/17/2023 21:00,"14,629,016.30","222,108.70",439323,48.90
8/17/2023 22:00,"11,424,636.30","173,115.00",439302,48.70
8/17/2023 23:00,"8,113,141.00","122,861.70",439356,48.80
8/18/2023 0:00,"5,585,950.50","84,458.00",439694,49.10
8/18/2023 1:00,"4,226,495.00","64,534.40",439890,49.10
8/18/2023 2:00,"3,925,722.70","60,124.90",439860,49.10
8/18/2023 3:00,"4,790,384.90","72,968.60",439938,49.10
8/18/2023 4:00,"8,423,457.60","126,755.30",439884,49.00
8/18/2023 5:00,"14,821,100.20","222,957.20",439884,49.00
8/18/2023 6:00,"19,809,446.60","325,299.80",439872,49.00
8/18/2023 7:00,"23,898,104.30","413,420.40",439836,49.00
8/18/2023 8:00,"23,702,291.30","420,126.00",439848,49.20
8/18/2023 9:00,"22,651,959.70","393,814.20",439914,49.30
8/18/2023 10:00,"23,077,502.70","397,601.70",439848,51.30
8/18/2023 11:00,"24,100,192.70","418,566.30",439872,51.50
8/18/2023 12:00,"24,910,116.90","440,430.00",439848,51.50
8/18/2023 13:00,"25,585,280.00","467,718.30",439884,51.50
8/18/2023 14:00,"26,452,274.50","510,335.30",439864,51.50
8/18/2023 15:00,"26,491,356.00","545,255.40",439866,51.40
8/18/2023 16:00,"26,289,212.70","546,460.90",439884,51.40
8/18/2023 17:00,"25,787,256.10","525,753.60",439878,51.40
8/18/2023 18:00,"24,040,054.40","442,585.40",439620,51.30
8/18/2023 19:00,"21,296,022.80","348,746.20",439836,51.30
8/18/2023 20:00,"18,748,281.00","296,459.70",439878,51.20
8/18/2023 21:00,"16,729,814.30","253,340.90",439866,51.10
8/18/2023 22:00,"14,308,902.50","215,410.30",439620,51.10
8/18/2023 23:00,"10,731,793.40","161,556.40",439817,51.20
8/19/2023 0:00,"7,447,946.00","112,279.30",439594,51.50
8/19/2023 1:00,"5,462,242.50","82,399.60",439848,50.80
8/19/2023 2:00,"4,548,812.70","68,727.20",439918,51.00
8/19/2023 3:00,"4,161,002.10","62,917.90",439866,51.30
8/19/2023 4:00,"5,131,634.70","77,308.70",439854,51.20
8/19/2023 5:00,"7,644,344.30","114,852.80",439848,51.20
8/19/2023 6:00,"11,260,847.10","171,114.50",439842,51.10
8/19/2023 7:00,"15,330,476.30","235,307.00",439572,51.30
8/19/2023 8:00,"19,133,554.00","298,033.00",439866,51.40
8/19/2023 9:00,"22,397,129.80","355,670.40",439890,51.50
8/19/2023 10:00,"24,281,583.20","399,376.50",439854,51.50
8/19/2023 11:00,"25,175,950.10","427,949.30",439872,51.50
8/19/2023 12:00,"25,540,286.50","442,186.40",439884,51.60
8/19/2023 13:00,"25,502,567.00","444,535.40",439854,51.50
8/19/2023 14:00,"25,641,653.30","448,990.90",439890,51.60
8/19/2023 15:00,"25,403,012.60","446,387.90",439872,51.60
8/19/2023 16:00,"24,998,377.50","438,626.20",439866,51.60
8/19/2023 17:00,"24,055,566.30","410,111.20",439860,51.50
8/19/2023 18:00,"22,249,117.70","361,592.50",439854,51.50
8/19/2023 19:00,"19,590,908.90","306,447.60",439872,51.50
8/19/2023 20:00,"18,091,314.40","283,303.00",439872,51.40
8/19/2023 21:00,"17,193,210.80","259,741.00",439842,51.30
8/19/2023 22:00,"15,296,464.10","229,495.00",439854,51.30
8/19/2023 23:00,"11,904,044.50","178,692.80",439602,51.30
8/20/2023 0:00,"8,360,160.40","124,792.20",439873,51.30
8/20/2023 1:00,"5,753,532.30","86,094.60",439926,51.30
8/20/2023 2:00,"4,399,994.90","66,150.20",439908,51.40
8/20/2023 3:00,"3,484,017.00","52,650.00",439926,51.40
8/20/2023 4:00,"3,567,398.50","54,060.50",439926,51.30
8/20/2023 5:00,"4,691,995.90","70,864.20",439878,51.20
8/20/2023 6:00,"6,579,867.20","99,342.00",439902,51.00
8/20/2023 7:00,"8,824,121.70","133,886.50",439902,51.00
8/20/2023 8:00,"11,965,213.80","183,331.40",439895,51.30
8/20/2023 9:00,"15,786,726.40","244,807.80",439932,51.40
8/20/2023 10:00,"18,777,357.10","297,019.10",439896,51.50
8/20/2023 11:00,"20,297,973.30","328,692.70",439920,51.40
8/20/2023 12:00,"20,944,031.90","345,539.20",439908,51.50
8/20/2023 13:00,"20,926,689.30","350,462.40",439926,51.50
8/20/2023 14:00,"20,505,978.40","347,430.30",439920,51.40
8/20/2023 15:00,"19,909,798.00","334,699.00",439932,51.40
8/20/2023 16:00,"19,163,090.40","318,081.00",439944,51.50
8/20/2023 17:00,"18,246,271.60","299,154.00",439920,51.30
8/20/2023 18:00,"16,988,421.70","274,205.10",439607,51.20
8/20/2023 19:00,"15,220,811.50","243,440.20",439932,51.20
8/20/2023 20:00,"13,823,005.60","222,376.10",439895,51.10
8/20/2023 21:00,"11,857,533.60","180,776.40",439896,51.10
8/20/2023 22:00,"9,126,344.10","137,573.90",439900,51.00
8/20/2023 23:00,"6,460,910.00","97,921.60",439906,51.10
8/21/2023 0:00,"4,484,878.30","67,894.40",439843,50.70
8/21/2023 1:00,"3,310,114.90","50,690.90",439926,50.60
8/21/2023 2:00,"3,098,581.30","47,615.30",439920,50.50
8/21/2023 3:00,"4,120,369.50","62,944.00",439914,50.50
8/21/2023 4:00,"7,669,361.30","115,910.00",439807,50.40
8/21/2023 5:00,"13,699,919.40","206,326.80",439889,50.40
8/21/2023 6:00,"18,472,188.50","302,780.90",439920,50.40
8/21/2023 7:00,"22,711,428.30","391,618.80",439932,50.40
8/21/2023 8:00,"22,140,512.10","389,530.10",439908,50.50
8/21/2023 9:00,"20,490,957.50","348,077.20",439896,50.60
8/21/2023 10:00,"20,443,970.00","339,955.70",439926,50.70
8/21/2023 11:00,"21,008,089.50","349,122.70",439932,50.70
8/21/2023 12:00,"21,849,154.90","362,221.60",439938,50.70
8/21/2023 13:00,"22,663,951.10","376,469.50",439908,50.70
8/21/2023 14:00,"24,226,859.60","409,910.60",439890,50.60
8/21/2023 15:00,"24,834,462.60","435,527.40",439944,50.60
8/21/2023 16:00,"25,101,353.80","446,501.70",439896,50.60
8/21/2023 17:00,"24,659,665.70","435,734.50",439704,50.60
8/21/2023 18:00,"20,779,056.00","340,187.80",439871,50.60
8/21/2023 19:00,"16,858,617.40","262,102.80",439938,50.60
8/21/2023 20:00,"14,251,102.20","221,059.90",439908,50.60
8/21/2023 21:00,"11,970,935.00","180,180.60",439926,50.60
8/21/2023 22:00,"9,284,500.80","139,885.10",439908,50.60
8/21/2023 23:00,"6,713,098.40","101,778.60",439650,50.60
8/22/2023 0:00,"4,851,830.90","73,512.20",439837,51.30
8/22/2023 1:00,"3,760,841.00","57,333.40",439944,51.30
8/22/2023 2:00,"3,564,085.70","54,471.30",439950,51.30
8/22/2023 3:00,"4,643,312.80","70,382.00",439932,51.20
8/22/2023 4:00,"8,496,228.30","127,262.80",439728,51.10
8/22/2023 5:00,"15,321,635.20","230,537.90",439986,51.10
8/22/2023 6:00,"20,562,387.20","349,561.10",440016,51.10
8/22/2023 7:00,"24,466,519.40","461,130.90",440016,51.30
8/22/2023 8:00,"23,709,806.50","475,795.10",440016,51.20
8/22/2023 9:00,"21,944,725.60","417,461.90",440010,51.20
8/22/2023 10:00,"21,278,072.40","377,808.50",440016,51.30
8/22/2023 11:00,"21,458,254.90","368,422.00",439980,51.20
8/22/2023 12:00,"22,241,923.10","376,686.30",439974,51.40
8/22/2023 13:00,"23,170,104.40","392,833.90",439875,51.40
8/22/2023 14:00,"24,871,909.30","437,637.60",439778,51.40
8/22/2023 15:00,"25,522,697.50","488,178.30",439724,51.40
8/22/2023 16:00,"25,541,299.90","516,847.70",439709,51.30
8/22/2023 17:00,"25,133,771.40","515,900.10",439438,48.50
8/22/2023 18:00,"22,151,823.70","410,527.10",439712,40.10
8/22/2023 19:00,"18,436,560.70","299,518.80",439677,40.10
8/22/2023 20:00,"15,613,981.90","243,170.20",439632,39.90
8/22/2023 21:00,"13,126,246.30","197,434.90",439697,39.90
8/22/2023 22:00,"10,173,384.10","152,952.80",439637,39.80
8/22/2023 23:00,"7,197,825.10","108,836.30",439350,39.90
8/23/2023 0:00,"4,962,564.10","74,740.40",439669,39.90
8/23/2023 1:00,"3,679,829.20","55,929.30",439395,39.90
8/23/2023 2:00,"3,464,812.90","52,916.10",439672,39.80
8/23/2023 3:00,"4,511,250.60","68,364.50",439425,39.90
8/23/2023 4:00,"8,474,024.50","126,543.90",439637,39.80
8/23/2023 5:00,"15,476,890.00","232,170.00",439672,39.80
8/23/2023 6:00,"20,747,318.30","351,342.40",439617,39.80
8/23/2023 7:00,"24,374,038.00","456,280.50",439668,41.10
8/23/2023 8:00,"23,521,560.00","472,854.70",439663,51.30
8/23/2023 9:00,"21,978,923.20","417,834.50",439617,51.40
8/23/2023 10:00,"21,439,940.20","378,118.40",439647,51.40
8/23/2023 11:00,"21,753,464.60","373,278.40",439632,51.40
8/23/2023 12:00,"22,523,304.30","383,567.40",439823,50.80
8/23/2023 13:00,"23,464,091.20","400,589.80",439944,51.40
8/23/2023 14:00,"25,015,319.90","447,408.50",439920,51.30
8/23/2023 15:00,"25,671,436.00","496,734.30",439944,51.20
8/23/2023 16:00,"25,677,787.90","525,240.50",439950,51.30
8/23/2023 17:00,"25,231,940.00","526,744.50",439938,51.30
8/23/2023 18:00,"22,339,902.90","417,423.60",439882,51.30
8/23/2023 19:00,"18,795,065.30","309,426.20",439932,51.30
8/23/2023 20:00,"16,149,617.70","252,656.60",439908,51.10
8/23/2023 21:00,"13,418,315.00","202,502.30",439950,51.10
8/23/2023 22:00,"10,361,648.40","156,255.30",439895,51.10
8/23/2023 23:00,"7,297,532.10","110,455.80",439926,51.10
8/24/2023 0:00,"5,060,093.70","76,484.60",439869,51.10
8/24/2023 1:00,"3,810,870.50","58,112.40",439944,51.10
8/24/2023 2:00,"3,609,293.00","55,096.60",439926,51.00
8/24/2023 3:00,"4,698,587.00","71,064.20",439934,50.90
8/24/2023 4:00,"8,586,392.90","128,483.70",439944,50.80
8/24/2023 5:00,"15,444,356.20","232,305.70",439938,50.80
8/24/2023 6:00,"20,649,845.30","349,592.30",439912,50.80
8/24/2023 7:00,"24,716,138.40","462,934.70",439950,50.80
8/24/2023 8:00,"24,129,897.50","475,354.50",439956,50.90
8/24/2023 9:00,"22,425,366.90","416,821.00",439962,51.10
8/24/2023 10:00,"21,808,088.00","381,412.30",439950,51.00
8/24/2023 11:00,"22,169,617.40","381,501.60",439902,51.00
8/24/2023 12:00,"23,006,807.40","393,217.80",439926,51.00
8/24/2023 13:00,"24,000,830.80","414,810.80",439896,51.00
8/24/2023 14:00,"25,588,578.50","464,394.20",439920,51.00
8/24/2023 15:00,"25,995,086.10","516,000.80",439932,51.10
8/24/2023 16:00,"25,892,903.00","541,513.20",439870,51.00
8/24/2023 17:00,"25,513,849.70","544,209.00",439902,51.00
8/24/2023 18:00,"22,950,028.70","436,910.20",439920,51.00
8/24/2023 19:00,"19,714,204.30","324,956.50",439926,50.90
8/24/2023 20:00,"17,209,813.40","270,410.70",439896,50.80
8/24/2023 21:00,"14,397,969.50","218,098.30",439932,50.80
8/24/2023 22:00,"11,154,030.60","168,487.40",439650,50.70
8/24/2023 23:00,"7,986,091.80","121,320.50",439872,50.80
8/25/2023 0:00,"5,527,248.60","83,629.30",439840,50.80
8/25/2023 1:00,"4,172,785.20","63,650.10",439902,50.60
8/25/2023 2:00,"3,877,568.70","59,210.00",439890,50.80
8/25/2023 3:00,"4,761,713.70","72,226.40",439914,50.80
8/25/2023 4:00,"8,353,905.20","125,315.60",439908,50.80
8/25/2023 5:00,"14,678,337.10","220,271.80",439938,50.80
8/25/2023 6:00,"19,851,155.20","325,385.00",439890,50.80
8/25/2023 7:00,"23,969,122.60","418,138.50",439884,50.90
8/25/2023 8:00,"23,575,674.00","420,344.40",439920,51.00
8/25/2023 9:00,"22,461,636.00","388,183.30",439932,51.00
8/25/2023 10:00,"22,890,124.60","392,570.10",439644,51.00
8/25/2023 11:00,"23,988,408.10","415,178.60",439920,48.50
8/25/2023 12:00,"24,862,954.30","436,900.40",439920,51.00
8/25/2023 13:00,"25,715,520.50","464,481.70",439890,50.90
8/25/2023 14:00,"26,577,105.70","509,461.60",439944,50.90
8/25/2023 15:00,"26,744,290.90","551,700.60",439716,48.60
8/25/2023 16:00,"26,579,847.10","555,389.50",439764,48.70
8/25/2023 17:00,"26,071,140.10","528,760.20",439896,50.90
8/25/2023 18:00,"24,049,654.50","439,350.90",439902,50.90
8/25/2023 19:00,"21,157,047.30","349,684.10",439884,50.90
8/25/2023 20:00,"18,710,939.90","296,094.60",439902,50.80
8/25/2023 21:00,"16,460,568.50","248,771.30",439920,50.90
8/25/2023 22:00,"14,197,762.50","214,467.50",439896,50.90
8/25/2023 23:00,"10,623,161.80","160,022.10",439656,50.90
8/26/2023 0:00,"7,371,828.20","111,173.40",439982,51.20
8/26/2023 1:00,"5,321,387.60","80,354.20",439972,51.10
8/26/2023 2:00,"4,426,709.40","66,925.40",439998,51.10
8/26/2023 3:00,"4,065,202.80","61,675.50",439986,51.10
8/26/2023 4:00,"4,985,905.60","75,307.00",440045,49.50
8/26/2023 5:00,"7,437,402.90","111,710.40",440034,51.10
8/26/2023 6:00,"11,170,667.90","169,814.40",440016,51.00
8/26/2023 7:00,"15,411,801.30","236,841.40",440040,51.20
8/26/2023 8:00,"19,190,571.10","298,570.10",440004,51.30
8/26/2023 9:00,"22,248,770.80","354,578.70",440010,51.30
8/26/2023 10:00,"24,200,865.00","400,018.70",440004,51.30
8/26/2023 11:00,"25,094,786.80","428,293.20",439998,51.30
8/26/2023 12:00,"25,382,429.70","443,080.60",440016,51.20
8/26/2023 13:00,"25,393,443.90","445,810.10",440016,51.30
8/26/2023 14:00,"25,362,459.00","446,761.20",440028,51.30
8/26/2023 15:00,"25,015,278.80","439,874.20",439998,51.30
8/26/2023 16:00,"24,415,469.60","425,002.90",439980,51.20
8/26/2023 17:00,"23,989,224.10","411,162.00",439972,51.30
8/26/2023 18:00,"22,253,154.20","367,512.70",440024,51.30
8/26/2023 19:00,"19,895,627.90","315,554.40",439998,51.20
8/26/2023 20:00,"18,335,471.50","289,031.30",439998,51.10
8/26/2023 21:00,"17,082,619.50","258,413.00",440016,51.10
8/26/2023 22:00,"15,069,040.50","225,807.90",440052,51.10
8/26/2023 23:00,"11,529,998.50","172,798.80",439764,51.10
8/27/2023 0:00,"8,071,493.90","121,120.90",439952,51.00
8/27/2023 1:00,"5,542,619.80","83,491.70",440034,51.00
8/27/2023 2:00,"4,303,527.40","64,871.20",440016,51.00
8/27/2023 3:00,"3,465,902.30","52,363.90",439752,50.90
8/27/2023 4:00,"3,584,435.90","54,155.20",439644,50.90
8/27/2023 5:00,"4,860,846.80","73,087.20",439957,50.90
8/27/2023 6:00,"7,183,118.70","107,497.90",440010,49.90
8/27/2023 7:00,"9,987,634.90","149,543.30",439998,50.00
8/27/2023 8:00,"13,766,673.10","207,479.40",440010,50.10
8/27/2023 9:00,"18,349,130.50","279,548.00",439979,50.10
8/27/2023 10:00,"21,913,259.40","341,497.70",439836,50.00
8/27/2023 11:00,"23,804,839.00","382,067.50",440088,50.00
8/27/2023 12:00,"24,783,915.80","407,315.70",440082,50.10
8/27/2023 13:00,"25,069,338.50","418,865.10",440088,50.00
8/27/2023 14:00,"24,895,809.40","415,805.40",440094,50.00
8/27/2023 15:00,"24,619,528.60","406,546.10",440076,46.70
8/27/2023 16:00,"24,008,586.40","392,143.40",440040,46.20
8/27/2023 17:00,"23,057,978.50","371,660.40",440034,46.10
8/27/2023 18:00,"21,617,151.70","340,498.70",439787,46.00
8/27/2023 19:00,"20,034,034.00","314,062.80",439823,46.00
8/27/2023 20:00,"18,643,907.40","293,801.50",439984,46.00
8/27/2023 21:00,"15,681,265.00","235,712.80",440025,46.00
8/27/2023 22:00,"11,847,267.40","177,295.30",440081,46.10
8/27/2023 23:00,"8,117,860.20","121,270.60",440008,46.10
8/28/2023 0:00,"5,513,577.10","82,872.50",439898,49.80
8/28/2023 1:00,"3,952,062.20","59,758.60",440004,49.80
8/28/2023 2:00,"3,539,216.60","53,789.00",439740,49.80
8/28/2023 3:00,"4,593,918.00","69,453.70",440034,49.70
8/28/2023 4:00,"8,491,195.70","127,228.60",440022,49.70
8/28/2023 5:00,"15,169,862.40","231,117.00",440022,49.70
8/28/2023 6:00,"20,180,407.20","339,966.50",440040,49.70
8/28/2023 7:00,"24,038,520.60","443,595.00",440046,49.80
8/28/2023 8:00,"23,370,095.90","451,343.90",440058,49.90
8/28/2023 9:00,"21,568,724.30","390,296.10",440058,49.90
8/28/2023 10:00,"21,306,970.90","365,913.60",440100,49.90
8/28/2023 11:00,"21,702,662.20","367,608.50",440112,49.90
8/28/2023 12:00,"22,451,055.80","378,254.10",440112,49.80
8/28/2023 13:00,"23,277,995.90","393,704.00",440112,49.80
8/28/2023 14:00,"24,864,773.80","434,229.50",440112,49.80
8/28/2023 15:00,"25,340,636.20","473,103.10",440100,49.80
8/28/2023 16:00,"25,357,806.00","490,685.00",440088,49.70
8/28/2023 17:00,"24,835,489.50","475,767.10",440088,49.70
8/28/2023 18:00,"21,407,240.00","369,403.80",440008,49.70
8/28/2023 19:00,"17,466,321.80","274,520.10",439939,49.70
8/28/2023 20:00,"14,752,763.70","229,077.70",440013,49.60
8/28/2023 21:00,"12,270,339.40","185,774.30",439893,49.60
8/28/2023 22:00,"9,508,582.10","143,670.40",439824,49.60
8/28/2023 23:00,"6,725,765.20","102,197.50",439586,49.60
8/29/2023 0:00,"4,758,109.50","72,455.10",439874,50.70
8/29/2023 1:00,"3,666,022.90","56,355.80",439846,50.50
8/29/2023 2:00,"3,521,530.40","54,141.30",439743,50.20
8/29/2023 3:00,"4,601,223.50","70,039.10",439758,50.20
8/29/2023 4:00,"8,456,638.50","126,931.40",439811,50.10
8/29/2023 5:00,"15,318,948.70","231,686.60",439693,50.10
8/29/2023 6:00,"20,566,655.00","352,129.90",439728,50.10
8/29/2023 7:00,"24,359,897.90","467,699.30",439798,50.20
8/29/2023 8:00,"23,594,378.10","482,033.10",439693,50.30
8/29/2023 9:00,"21,785,045.70","415,647.50",439763,50.30
8/29/2023 10:00,"21,135,712.40","372,666.00",439698,50.40
8/29/2023 11:00,"21,239,625.60","363,532.90",439784,50.40
8/29/2023 12:00,"21,937,132.20","371,414.40",439753,50.40
8/29/2023 13:00,"22,951,097.30","388,297.60",439723,50.60
8/29/2023 14:00,"24,692,984.40","435,263.00",439688,50.80
8/29/2023 15:00,"25,231,513.70","482,256.70",439753,50.80
8/29/2023 16:00,"25,325,370.50","510,702.10",439723,50.80
8/29/2023 17:00,"24,976,162.10","508,552.20",439783,50.80
8/29/2023 18:00,"21,837,343.00","400,308.80",439748,50.80
8/29/2023 19:00,"18,178,636.10","294,522.70",439718,50.10
8/29/2023 20:00,"15,469,795.60","240,503.50",439768,46.90
8/29/2023 21:00,"12,820,888.30","192,936.10",439780,45.40
8/29/2023 22:00,"9,958,111.10","149,798.60",439763,45.00
8/29/2023 23:00,"6,954,159.50","105,318.20",439536,44.90
8/30/2023 0:00,"4,800,177.10","72,966.80",439798,48.40
8/30/2023 1:00,"3,684,466.80","56,500.80",439798,48.40
8/30/2023 2:00,"3,543,901.10","54,385.60",439768,48.40
8/30/2023 3:00,"4,633,701.70","70,526.90",439773,48.30
8/30/2023 4:00,"8,557,695.40","128,418.50",439516,48.30
8/30/2023 5:00,"15,535,295.30","234,410.00",439773,48.30
8/30/2023 6:00,"20,633,424.20","353,738.00",439723,48.20
8/30/2023 7:00,"24,472,731.40","465,202.20",439780,48.30
8/30/2023 8:00,"23,644,391.90","476,697.30",439775,48.70
8/30/2023 9:00,"21,944,371.60","414,238.10",439753,50.50
8/30/2023 10:00,"21,308,599.90","373,550.00",439748,50.40
8/30/2023 11:00,"21,622,149.80","369,331.90",439733,50.50
8/30/2023 12:00,"22,418,455.30","379,740.20",439758,50.40
8/30/2023 13:00,"23,354,315.40","397,587.10",439723,50.50
8/30/2023 14:00,"25,028,809.40","443,850.30",439778,50.50
8/30/2023 15:00,"25,472,868.60","489,102.40",439728,50.40
8/30/2023 16:00,"25,585,734.70","518,180.60",439748,50.40
8/30/2023 17:00,"25,208,663.50","519,771.40",439770,50.50
8/30/2023 18:00,"22,503,798.70","416,268.20",439775,46.70
8/30/2023 19:00,"18,815,199.50","307,011.00",439758,50.40
8/30/2023 20:00,"16,124,546.20","251,661.10",439743,50.30
8/30/2023 21:00,"13,430,531.80","202,779.30",439748,50.30
8/30/2023 22:00,"10,373,883.60","156,327.70",439768,50.30
8/30/2023 23:00,"7,325,869.00","110,718.80",439451,50.30
8/31/2023 0:00,"5,247,252.30","79,507.60",439763,50.70
8/31/2023 1:00,"4,084,461.30","62,240.90",439783,50.60
8/31/2023 2:00,"3,739,050.90","56,997.10",439768,50.60
8/31/2023 3:00,"4,758,108.40","72,008.30",439743,50.60
8/31/2023 4:00,"8,665,200.20","129,700.80",439728,50.40
8/31/2023 5:00,"15,577,874.70","234,039.60",439768,50.50
8/31/2023 6:00,"20,734,700.30","351,549.60",439703,50.50
8/31/2023 7:00,"24,812,444.30","461,903.20",439738,50.70
8/31/2023 8:00,"24,077,970.70","469,730.20",439758,50.70
8/31/2023 9:00,"22,402,568.60","409,665.90",439738,50.80
8/31/2023 10:00,"22,089,186.90","384,296.00",439733,50.80
8/31/2023 11:00,"22,433,794.50","383,774.60",439768,50.80
8/31/2023 12:00,"23,281,398.30","396,271.00",439728,50.80
8/31/2023 13:00,"24,138,477.60","416,262.80",439728,50.80
8/31/2023 14:00,"25,594,740.20","467,840.30",439733,50.80
8/31/2023 15:00,"26,149,837.30","518,037.20",439768,50.80
8/31/2023 16:00,"26,135,775.50","541,294.90",439775,50.80
8/31/2023 17:00,"25,882,075.00","543,588.30",439733,50.80
8/31/2023 18:00,"23,200,607.80","438,117.80",439526,50.80
8/31/2023 19:00,"20,010,859.40","333,112.00",439733,50.80
8/31/2023 20:00,"17,413,155.40","276,323.10",439769,50.70
8/31/2023 21:00,"14,755,424.90","223,651.90",439742,50.70
8/31/2023 22:00,"11,571,165.50","174,516.90",439783,50.60
8/31/2023 23:00,"8,221,312.90","123,830.10",439536,50.70
9/1/2023 0:00,"5,720,124.60","86,311.20",439734,51.40
9/1/2023 1:00,"4,312,776.90","65,387.70",439705,51.40
9/1/2023 2:00,"4,020,576.10","61,109.10",439675,51.40
9/1/2023 3:00,"4,858,676.90","73,506.20",439675,51.40
9/1/2023 4:00,"8,317,289.50","124,413.30",439702,51.20
9/1/2023 5:00,"14,558,606.10","217,791.90",439735,51.20
9/1/2023 6:00,"19,664,279.80","321,157.20",439740,51.20
9/1/2023 7:00,"24,015,032.40","412,065.80",439705,51.30
9/1/2023 8:00,"23,818,120.00","417,228.50",439741,51.40
9/1/2023 9:00,"22,952,106.00","391,401.10",439685,51.50
9/1/2023 10:00,"23,614,777.40","401,197.20",439680,51.50
9/1/2023 11:00,"24,548,248.00","424,210.90",439725,51.50
9/1/2023 12:00,"25,488,255.20","451,991.30",439700,51.40
9/1/2023 13:00,"26,095,114.40","477,706.80",439438,51.50
9/1/2023 14:00,"26,799,759.80","516,648.80",439700,51.50
9/1/2023 15:00,"26,843,406.60","541,941.40",439726,51.40
9/1/2023 16:00,"26,585,876.80","538,726.40",439705,51.40
9/1/2023 17:00,"26,100,000.20","517,958.10",439710,51.30
9/1/2023 18:00,"24,414,533.40","442,601.80",439660,51.30
9/1/2023 19:00,"21,725,887.30","358,579.40",439735,51.30
9/1/2023 20:00,"19,197,527.20","304,344.90",439710,51.20
9/1/2023 21:00,"17,108,448.70","258,028.60",439680,51.20
9/1/2023 22:00,"14,497,687.20","216,486.90",439695,51.20
9/1/2023 23:00,"10,810,596.40","161,446.90",439493,51.20
9/2/2023 0:00,"7,481,965.80","112,021.60",439725,51.60
9/2/2023 1:00,"5,401,760.20","81,282.80",439725,51.60
9/2/2023 2:00,"4,509,280.70","68,063.20",439735,51.60
9/2/2023 3:00,"4,124,185.50","62,544.00",439685,51.70
9/2/2023 4:00,"5,018,462.40","75,754.60",439460,51.60
9/2/2023 5:00,"7,475,590.00","112,112.10",439675,51.60
9/2/2023 6:00,"11,276,176.80","171,340.90",439730,51.60
9/2/2023 7:00,"15,353,268.70","235,855.90",439670,51.60
9/2/2023 8:00,"19,215,264.40","299,533.10",439710,51.80
9/2/2023 9:00,"22,478,204.10","358,722.80",439725,51.80
9/2/2023 10:00,"24,416,479.00","405,785.50",439730,51.80
9/2/2023 11:00,"25,367,160.50","435,501.90",439766,51.90
9/2/2023 12:00,"25,497,003.20","444,951.80",439721,51.80
9/2/2023 13:00,"25,388,008.50","437,454.20",439721,51.70
9/2/2023 14:00,"25,090,970.70","429,659.80",439789,51.70
9/2/2023 15:00,"24,877,018.90","422,141.40",439747,51.60
9/2/2023 16:00,"24,517,619.30","409,213.20",439747,51.80
9/2/2023 17:00,"23,592,421.40","384,888.90",439764,51.80
9/2/2023 18:00,"21,685,224.40","343,166.30",439749,51.80
9/2/2023 19:00,"19,131,564.90","297,541.80",439729,51.70
9/2/2023 20:00,"17,563,828.50","272,441.90",439746,51.60
9/2/2023 21:00,"16,126,098.80","240,410.40",439734,51.60
9/2/2023 22:00,"14,254,007.60","212,054.90",439763,51.50
9/2/2023 23:00,"10,954,416.20","163,196.60",439753,51.50
9/3/2023 0:00,"7,642,298.30","114,138.70",439778,51.80
9/3/2023 1:00,"5,307,849.30","79,503.30",439777,51.60
9/3/2023 2:00,"4,182,463.90","62,856.10",439737,51.70
9/3/2023 3:00,"3,396,416.50","51,289.20",439695,51.80
9/3/2023 4:00,"3,542,735.00","53,370.20",439480,51.80
9/3/2023 5:00,"4,782,641.50","71,723.50",439695,51.70
9/3/2023 6:00,"7,013,438.40","104,766.70",439463,51.70
9/3/2023 7:00,"9,644,757.20","144,064.60",439700,51.70
9/3/2023 8:00,"13,296,949.40","199,706.80",439700,51.90
9/3/2023 9:00,"17,983,318.70","273,045.40",439715,51.80
9/3/2023 10:00,"21,657,130.90","335,446.10",439705,51.90
9/3/2023 11:00,"23,438,267.50","372,479.80",439730,51.90
9/3/2023 12:00,"24,116,605.20","391,111.80",439700,51.90
9/3/2023 13:00,"24,477,275.00","399,129.50",439710,51.90
9/3/2023 14:00,"24,279,124.00","394,388.50",439720,51.90
9/3/2023 15:00,"23,939,634.30","384,743.40",439680,51.90
9/3/2023 16:00,"23,242,410.60","367,933.90",439780,51.90
9/3/2023 17:00,"22,233,434.10","346,578.20",439700,51.80
9/3/2023 18:00,"20,817,815.80","322,291.40",439710,51.90
9/3/2023 19:00,"19,468,877.90","301,849.00",439710,51.90
9/3/2023 20:00,"18,221,921.30","285,028.70",439695,51.90
9/3/2023 21:00,"15,959,142.70","238,365.30",439655,51.80
9/3/2023 22:00,"12,800,242.00","189,590.80",439700,51.70
9/3/2023 23:00,"9,039,593.70","133,755.10",439726,51.80
9/4/2023 0:00,"6,041,933.80","89,536.20",439710,51.50
9/4/2023 1:00,"4,234,498.60","63,089.60",439725,51.60
9/4/2023 2:00,"3,518,544.70","52,611.80",439685,51.50
9/4/2023 3:00,"3,530,408.00","53,002.40",439715,51.40
9/4/2023 4:00,"5,037,990.00","74,961.70",439822,51.40
9/4/2023 5:00,"8,464,967.50","124,483.80",439695,51.40
9/4/2023 6:00,"11,499,840.80","177,349.30",439744,51.30
9/4/2023 7:00,"13,785,639.70","220,891.90",439710,51.50
9/4/2023 8:00,"15,691,208.00","251,789.40",439740,51.70
9/4/2023 9:00,"18,216,285.10","286,943.80",439755,51.60
9/4/2023 10:00,"20,925,191.20","330,313.30",439730,51.60
9/4/2023 11:00,"22,874,729.00","365,855.40",439720,51.60
9/4/2023 12:00,"23,695,748.70","384,507.20",439690,51.60
9/4/2023 13:00,"24,052,950.40","392,501.40",439720,51.60
9/4/2023 14:00,"24,288,369.10","400,356.00",439715,51.50
9/4/2023 15:00,"23,923,171.80","399,554.50",439675,51.60
9/4/2023 16:00,"23,190,369.30","389,642.00",439726,51.60
9/4/2023 17:00,"22,499,694.10","375,799.10",439700,51.60
9/4/2023 18:00,"20,921,421.10","336,271.00",439737,51.50
9/4/2023 19:00,"19,000,030.10","295,486.70",439727,51.40
9/4/2023 20:00,"17,050,297.00","263,839.80",439685,51.40
9/4/2023 21:00,"14,106,897.10","207,467.40",439695,51.40
9/4/2023 22:00,"10,524,304.30","153,443.90",439685,51.40
9/4/2023 23:00,"7,157,050.60","104,861.80",439747,51.30
9/5/2023 0:00,"4,836,842.10","71,618.40",439710,51.10
9/5/2023 1:00,"3,741,944.80","55,881.60",439666,51.00
9/5/2023 2:00,"3,492,211.00","52,440.90",439690,51.10
9/5/2023 3:00,"4,627,376.50","69,093.40",439438,51.10
9/5/2023 4:00,"8,672,106.90","128,437.90",439711,51.00
9/5/2023 5:00,"15,559,793.30","232,627.00",439702,50.90
9/5/2023 6:00,"20,718,633.30","351,427.50",439685,50.90
9/5/2023 7:00,"24,631,490.10","463,161.40",439700,51.00
9/5/2023 8:00,"23,910,881.90","472,487.10",439710,51.10
9/5/2023 9:00,"22,084,771.60","407,126.30",439745,51.10
9/5/2023 10:00,"21,552,016.80","371,086.60",439710,51.10
9/5/2023 11:00,"21,768,848.90","366,283.40",439730,51.10
9/5/2023 12:00,"22,482,578.90","376,361.10",439737,51.20
9/5/2023 13:00,"23,404,112.90","392,768.30",439757,51.20
9/5/2023 14:00,"25,125,616.70","437,555.50",439735,51.10
9/5/2023 15:00,"25,827,028.40","487,336.20",439725,51.10
9/5/2023 16:00,"25,710,788.20","508,542.40",439777,51.10
9/5/2023 17:00,"25,223,428.40","504,175.00",439695,51.10
9/5/2023 18:00,"22,020,987.90","395,780.10",439675,51.10
9/5/2023 19:00,"18,244,691.50","294,198.20",439711,51.00
9/5/2023 20:00,"15,197,736.10","235,293.10",439705,50.90
9/5/2023 21:00,"12,557,192.70","188,548.10",439720,51.00
9/5/2023 22:00,"9,746,905.60","146,604.40",439720,51.00
9/5/2023 23:00,"6,817,491.80","103,014.00",439508,51.00
9/6/2023 0:00,"4,776,591.10","72,323.60",439695,51.00
9/6/2023 1:00,"3,667,491.90","56,018.90",439730,51.00
9/6/2023 2:00,"3,550,177.90","54,318.90",439725,51.00
9/6/2023 3:00,"4,626,289.30","70,123.60",439725,50.90
9/6/2023 4:00,"8,562,475.90","128,039.20",439735,50.90
9/6/2023 5:00,"15,495,449.10","233,719.10",439735,50.90
9/6/2023 6:00,"20,727,784.50","356,257.30",439705,50.90
9/6/2023 7:00,"24,686,169.80","468,061.70",439685,51.00
9/6/2023 8:00,"23,809,451.70","473,544.80",439670,51.00
9/6/2023 9:00,"21,955,398.90","407,039.80",439735,51.20
9/6/2023 10:00,"21,300,897.00","370,554.20",439675,51.10
9/6/2023 11:00,"21,557,295.80","366,176.90",439760,51.20
9/6/2023 12:00,"22,326,442.00","377,577.40",439869,50.70
9/6/2023 13:00,"23,190,851.90","394,594.20",439962,51.10
9/6/2023 14:00,"24,821,612.50","437,487.90",439962,51.10
9/6/2023 15:00,"25,263,771.40","482,506.20",439956,51.10
9/6/2023 16:00,"25,419,849.90","510,570.00",439944,51.10
9/6/2023 17:00,"24,988,473.00","510,712.60",439680,51.10
9/6/2023 18:00,"22,107,663.40","409,930.30",439932,51.00
9/6/2023 19:00,"18,585,008.00","305,876.50",439974,51.00
9/6/2023 20:00,"15,705,812.30","244,598.00",439918,51.00
9/6/2023 21:00,"12,985,849.10","195,575.70",439950,51.00
9/6/2023 22:00,"9,867,790.60","148,603.70",439956,51.10
9/6/2023 23:00,"6,960,943.20","105,234.20",439722,51.10
9/7/2023 0:00,"4,817,471.80","73,044.10",439872,51.10
9/7/2023 1:00,"3,704,718.70","56,666.70",439956,51.10
9/7/2023 2:00,"3,553,995.30","54,439.70",439980,51.20
9/7/2023 3:00,"4,618,775.10","70,135.10",439962,51.10
9/7/2023 4:00,"8,529,619.90","127,837.10",439936,51.00
9/7/2023 5:00,"15,423,218.00","232,096.90",439962,51.10
9/7/2023 6:00,"20,671,485.30","352,726.20",439980,50.90
9/7/2023 7:00,"24,673,193.30","465,007.40",439956,51.10
9/7/2023 8:00,"24,005,429.30","474,729.10",439962,51.10
9/7/2023 9:00,"22,270,238.40","411,930.60",439978,51.30
9/7/2023 10:00,"21,829,270.50","382,854.00",440010,51.20
9/7/2023 11:00,"22,028,682.60","378,727.00",440040,50.90
9/7/2023 12:00,"22,844,714.80","389,575.00",440010,50.70
9/7/2023 13:00,"23,789,185.40","408,898.60",440016,51.30
9/7/2023 14:00,"25,421,980.80","457,124.00",440004,51.10
9/7/2023 15:00,"26,079,014.10","509,188.70",440004,51.00
9/7/2023 16:00,"25,961,438.60","534,224.90",440016,51.20
9/7/2023 17:00,"25,441,380.10","534,407.30",439758,51.10
9/7/2023 18:00,"22,638,866.40","426,979.20",439752,51.00
9/7/2023 19:00,"19,528,607.10","324,654.50",440010,51.10
9/7/2023 20:00,"16,891,082.60","267,675.50",440010,51.10
9/7/2023 21:00,"14,277,887.10","217,798.10",440010,51.10
9/7/2023 22:00,"11,043,595.60","168,965.40",440010,51.10
9/7/2023 23:00,"7,856,844.30","121,113.00",439764,51.00
9/8/2023 0:00,"5,379,422.80","81,377.20",439944,49.20
9/8/2023 1:00,"4,072,986.60","62,206.60",440010,49.20
9/8/2023 2:00,"3,847,814.70","58,906.50",440004,49.20
9/8/2023 3:00,"4,754,916.30","72,203.60",440010,49.20
9/8/2023 4:00,"8,370,182.90","125,342.60",440016,49.10
9/8/2023 5:00,"14,863,430.20","223,618.10",439752,49.00
9/8/2023 6:00,"20,073,354.80","331,092.10",440004,49.00
9/8/2023 7:00,"24,066,355.30","425,391.00",440016,49.20
9/8/2023 8:00,"23,647,774.70","429,406.00",440004,49.30
9/8/2023 9:00,"22,325,580.10","387,219.20",440004,49.30
9/8/2023 10:00,"22,610,845.90","385,798.80",440004,49.30
9/8/2023 11:00,"23,619,330.50","405,376.20",440016,49.20
9/8/2023 12:00,"24,527,045.80","426,113.30",440016,49.30
9/8/2023 13:00,"25,331,581.50","451,569.40",440010,49.30
9/8/2023 14:00,"26,300,068.50","498,370.00",440004,49.30
9/8/2023 15:00,"26,467,193.50","536,895.20",440004,49.20
9/8/2023 16:00,"26,349,357.40","539,771.10",440010,49.30
9/8/2023 17:00,"26,068,699.50","516,463.40",440010,49.30
9/8/2023 18:00,"23,946,309.30","428,153.10",440016,49.20
9/8/2023 19:00,"21,231,773.40","345,474.70",439985,49.00
9/8/2023 20:00,"18,492,402.70","289,539.30",440004,49.10
9/8/2023 21:00,"16,146,472.60","242,961.00",440010,49.10
9/8/2023 22:00,"13,761,002.10","207,072.70",440016,49.10
9/8/2023 23:00,"10,181,324.50","153,300.30",440016,49.10
9/9/2023 0:00,"7,181,905.70","108,296.00",439920,50.70
9/9/2023 1:00,"5,160,510.00","78,173.90",439752,50.80
9/9/2023 2:00,"4,369,106.30","66,264.90",440010,50.80
9/9/2023 3:00,"4,070,503.60","61,882.80",440010,50.70
9/9/2023 4:00,"5,043,052.10","76,202.90",440010,50.70
9/9/2023 5:00,"7,615,420.90","114,629.50",440022,50.60
9/9/2023 6:00,"11,389,946.60","173,307.00",440010,50.50
9/9/2023 7:00,"15,495,451.30","238,572.80",440010,50.70
9/9/2023 8:00,"19,160,743.20","298,785.80",440016,51.00
9/9/2023 9:00,"22,093,524.50","351,242.30",440010,50.90
9/9/2023 10:00,"23,954,505.50","391,434.90",440004,50.90
9/9/2023 11:00,"24,885,603.50","417,356.90",439990,50.90
9/9/2023 12:00,"24,947,253.60","427,807.80",440010,50.80
9/9/2023 13:00,"25,061,872.70","434,469.50",440010,50.80
9/9/2023 14:00,"25,177,444.60","438,265.20",439752,50.90
9/9/2023 15:00,"24,997,563.90","434,819.40",439998,50.90
9/9/2023 16:00,"24,679,906.60","425,792.10",440016,50.80
9/9/2023 17:00,"23,907,590.20","401,336.90",439990,50.70
9/9/2023 18:00,"21,993,153.70","355,892.90",439994,50.40
9/9/2023 19:00,"19,402,968.90","306,484.70",439985,50.10
9/9/2023 20:00,"17,648,939.70","276,277.60",439752,50.10
9/9/2023 21:00,"16,360,810.20","246,119.10",439984,50.10
9/9/2023 22:00,"14,667,641.50","219,739.90",440010,50.00
9/9/2023 23:00,"11,409,071.70","170,772.50",440016,50.10
9/10/2023 0:00,"8,073,294.80","120,780.10",439967,50.10
9/10/2023 1:00,"5,494,701.80","82,419.80",440064,50.10
9/10/2023 2:00,"4,276,764.40","64,335.70",439998,50.10
9/10/2023 3:00,"3,467,109.90","52,313.30",440004,50.10
9/10/2023 4:00,"3,613,716.30","54,571.20",440002,50.10
9/10/2023 5:00,"4,939,134.80","74,198.00",439950,50.10
9/10/2023 6:00,"7,271,123.90","109,156.90",440010,50.40
9/10/2023 7:00,"9,911,982.50","149,097.70",440004,50.60
9/10/2023 8:00,"13,660,412.10","206,386.70",440010,50.70
9/10/2023 9:00,"18,284,734.10","279,338.10",440004,46.90
9/10/2023 10:00,"21,524,512.60","334,497.10",440010,47.00
9/10/2023 11:00,"23,147,968.70","366,433.90",440010,46.90
9/10/2023 12:00,"24,246,794.30","390,511.80",440016,47.00
9/10/2023 13:00,"24,663,941.00","401,197.30",440004,46.90
9/10/2023 14:00,"24,390,897.40","396,960.50",440010,46.90
9/10/2023 15:00,"23,836,347.60","384,784.80",440016,47.00
9/10/2023 16:00,"23,224,002.20","370,673.10",440010,47.00
9/10/2023 17:00,"22,632,914.00","357,502.90",440016,47.00
9/10/2023 18:00,"20,961,334.30","328,326.10",439733,47.00
9/10/2023 19:00,"19,433,813.30","303,881.90",439702,46.90
9/10/2023 20:00,"17,883,320.30","281,296.30",439914,46.80
9/10/2023 21:00,"14,901,354.70","224,369.30",440010,46.80
9/10/2023 22:00,"11,214,911.90","168,306.90",439965,46.90
9/10/2023 23:00,"7,600,412.40","114,402.70",439764,46.80
9/11/2023 0:00,"5,072,818.70","76,733.90",439898,50.60
9/11/2023 1:00,"3,733,491.20","57,125.70",440010,50.60
9/11/2023 2:00,"3,472,039.10","53,295.40",439998,50.50
9/11/2023 3:00,"4,568,495.50","70,000.00",440016,50.50
9/11/2023 4:00,"8,497,647.10","130,703.50",439890,50.40
9/11/2023 5:00,"15,175,026.20","242,629.20",439743,50.50
9/11/2023 6:00,"20,144,321.10","346,801.50",440064,50.40
9/11/2023 7:00,"24,097,819.00","449,188.90",440034,50.50
9/11/2023 8:00,"23,383,811.30","452,904.80",440058,50.60
9/11/2023 9:00,"21,512,584.80","390,094.80",440058,50.60
9/11/2023 10:00,"21,073,955.30","368,470.90",440064,50.60
9/11/2023 11:00,"21,472,752.00","371,326.10",440064,49.10
9/11/2023 12:00,"22,474,250.90","387,395.80",440052,46.90
9/11/2023 13:00,"23,317,847.60","404,184.00",440064,46.80
9/11/2023 14:00,"25,007,061.40","445,683.20",440058,46.70
9/11/2023 15:00,"25,618,912.10","484,354.00",440016,46.80
9/11/2023 16:00,"25,709,189.00","500,919.90",440016,46.80
9/11/2023 17:00,"25,181,956.10","485,343.70",440008,46.80
9/11/2023 18:00,"21,431,910.20","377,847.70",439948,46.70
9/11/2023 19:00,"17,492,292.80","283,456.90",439885,46.70
9/11/2023 20:00,"14,241,770.10","226,078.90",439785,46.70
9/11/2023 21:00,"11,936,682.60","183,318.60",439697,46.60
9/11/2023 22:00,"9,289,552.50","142,384.70",439745,46.70
9/11/2023 23:00,"6,748,320.20","103,806.40",439513,46.60
9/12/2023 0:00,"4,746,670.80","73,090.40",439499,50.80
9/12/2023 1:00,"3,618,504.00","56,273.70",439725,50.80
9/12/2023 2:00,"3,480,751.30","54,142.40",439710,50.80
9/12/2023 3:00,"4,567,878.00","70,325.80",439810,50.60
9/12/2023 4:00,"8,430,817.60","128,025.80",439825,50.60
9/12/2023 5:00,"15,450,377.20","234,087.90",439755,50.60
9/12/2023 6:00,"20,749,045.10","357,661.30",439730,50.60
9/12/2023 7:00,"24,520,013.10","470,408.80",439700,50.80
9/12/2023 8:00,"23,731,262.50","481,758.50",439737,50.90
9/12/2023 9:00,"21,826,748.20","411,441.60",439690,50.90
9/12/2023 10:00,"21,086,446.60","369,942.00",439489,50.90
9/12/2023 11:00,"21,160,765.20","360,987.50",439453,50.90
9/12/2023 12:00,"21,971,313.40","370,803.70",439705,50.90
9/12/2023 13:00,"22,949,435.20","388,086.40",439726,50.90
9/12/2023 14:00,"24,855,040.40","436,339.80",439705,50.90
9/12/2023 15:00,"25,600,899.40","488,608.70",439715,50.90
9/12/2023 16:00,"25,454,552.00","514,386.60",439730,50.80
9/12/2023 17:00,"25,070,634.20","517,880.00",439725,50.70
9/12/2023 18:00,"21,986,551.10","411,140.70",439705,50.70
9/12/2023 19:00,"18,455,887.10","305,134.20",439715,50.60
9/12/2023 20:00,"15,373,123.10","239,793.10",439483,50.60
9/12/2023 21:00,"12,795,387.40","193,174.00",439705,50.60
9/12/2023 22:00,"9,927,318.70","149,451.80",439750,50.70
9/12/2023 23:00,"6,993,178.70","105,663.60",439720,50.70
9/13/2023 0:00,"4,873,477.70","73,765.80",439770,51.60
9/13/2023 1:00,"3,676,197.70","56,084.30",439730,51.60
9/13/2023 2:00,"3,553,316.40","54,354.70",439772,51.60
9/13/2023 3:00,"4,642,469.10","70,339.80",439787,51.50
9/13/2023 4:00,"8,590,520.60","128,507.90",439793,51.50
9/13/2023 5:00,"15,628,976.70","234,963.00",439829,51.50
9/13/2023 6:00,"20,766,858.80","354,883.50",439792,51.40
9/13/2023 7:00,"24,645,194.10","465,634.30",439777,51.50
9/13/2023 8:00,"24,008,140.20","470,536.60",439792,51.60
9/13/2023 9:00,"22,035,081.70","401,289.20",439807,51.80
9/13/2023 10:00,"21,346,167.30","365,626.90",439797,51.70
9/13/2023 11:00,"21,492,439.80","362,928.10",439787,51.70
9/13/2023 12:00,"22,355,323.70","375,061.10",439754,51.80
9/13/2023 13:00,"23,340,221.30","394,922.90",439950,51.80
9/13/2023 14:00,"25,013,264.70","442,383.40",439968,51.80
9/13/2023 15:00,"25,709,571.60","495,104.50",440004,51.80
9/13/2023 16:00,"25,665,295.80","521,517.40",440028,51.70
9/13/2023 17:00,"25,195,190.00","520,403.20",440028,51.70
9/13/2023 18:00,"22,422,615.90","421,432.40",440032,51.70
9/13/2023 19:00,"18,957,357.00","313,607.80",439961,51.70
9/13/2023 20:00,"16,044,243.40","251,322.50",439985,51.60
9/13/2023 21:00,"13,333,587.60","200,765.50",440082,51.60
9/13/2023 22:00,"10,267,591.20","154,392.70",440064,51.60
9/13/2023 23:00,"7,136,192.80","108,039.50",440034,51.60
9/14/2023 0:00,"4,932,740.50","75,149.40",439817,52.80
9/14/2023 1:00,"3,781,081.20","57,665.60",439860,52.70
9/14/2023 2:00,"3,677,094.10","56,182.90",439800,52.70
9/14/2023 3:00,"4,761,503.50","72,213.00",439787,52.70
9/14/2023 4:00,"8,593,840.50","128,638.20",439723,52.60
9/14/2023 5:00,"15,321,414.30","230,706.50",439818,52.60
9/14/2023 6:00,"20,457,561.70","349,200.10",439792,52.60
9/14/2023 7:00,"24,284,085.40","454,115.90",439806,52.70
9/14/2023 8:00,"23,667,998.60","458,754.50",439812,52.80
9/14/2023 9:00,"21,942,903.80","397,041.60",439790,52.90
9/14/2023 10:00,"21,378,423.90","367,883.00",439794,52.80
9/14/2023 11:00,"21,718,692.50","367,746.70",439800,52.80
9/14/2023 12:00,"22,576,467.00","381,180.00",439792,52.80
9/14/2023 13:00,"23,553,682.60","403,659.30",439769,52.70
9/14/2023 14:00,"25,029,345.40","450,622.10",439806,52.80
9/14/2023 15:00,"25,741,324.10","502,240.20",439806,52.80
9/14/2023 16:00,"25,559,563.60","526,494.30",439735,52.80
9/14/2023 17:00,"25,116,679.00","528,705.90",439812,52.70
9/14/2023 18:00,"22,514,188.50","425,240.60",439806,52.70
9/14/2023 19:00,"19,395,948.90","322,076.80",439728,52.70
9/14/2023 20:00,"16,679,799.90","261,314.30",439786,52.60
9/14/2023 21:00,"13,874,116.30","209,416.80",439798,52.50
9/14/2023 22:00,"10,811,338.40","163,390.60",439804,52.50
9/14/2023 23:00,"7,750,888.60","117,688.90",439836,52.50
9/15/2023 0:00,"5,524,442.20","84,384.80",439692,52.30
9/15/2023 1:00,"4,175,035.70","63,753.90",439746,52.20
9/15/2023 2:00,"3,918,901.60","60,145.30",439734,52.20
9/15/2023 3:00,"4,816,889.20","73,498.00",439740,52.20
9/15/2023 4:00,"8,383,221.30","126,053.10",439676,52.20
9/15/2023 5:00,"14,890,489.90","225,172.10",439740,52.20
9/15/2023 6:00,"19,996,681.60","332,242.00",439734,52.20
9/15/2023 7:00,"24,047,488.50","421,749.40",439734,52.30
9/15/2023 8:00,"23,803,733.50","422,299.00",439740,52.40
9/15/2023 9:00,"22,619,567.20","384,720.80",439732,52.50
9/15/2023 10:00,"23,012,524.90","387,495.20",439746,52.50
9/15/2023 11:00,"23,927,023.10","404,704.80",439721,52.60
9/15/2023 12:00,"24,961,499.60","431,443.90",439729,52.50
9/15/2023 13:00,"25,706,691.80","457,689.80",439722,52.60
9/15/2023 14:00,"26,509,044.70","502,553.80",439720,52.50
9/15/2023 15:00,"26,758,234.50","544,419.50",439752,52.50
9/15/2023 16:00,"26,505,091.30","547,701.30",439740,52.40
9/15/2023 17:00,"26,207,787.80","526,221.40",439726,52.40
9/15/2023 18:00,"24,167,038.50","438,191.20",439728,52.50
9/15/2023 19:00,"21,410,726.90","355,287.00",439690,52.40
9/15/2023 20:00,"18,452,130.30","291,648.60",439752,52.40
9/15/2023 21:00,"16,360,049.30","247,409.30",439714,52.40
9/15/2023 22:00,"13,867,171.80","208,811.90",439713,52.30
9/15/2023 23:00,"10,355,825.10","155,760.60",439743,52.30
9/16/2023 0:00,"7,181,770.60","108,457.90",439663,53.30
9/16/2023 1:00,"5,185,703.20","78,574.70",439740,53.30
9/16/2023 2:00,"4,401,820.50","66,683.80",439734,53.20
9/16/2023 3:00,"4,077,947.30","61,916.10",439734,53.20
9/16/2023 4:00,"5,002,945.30","75,623.50",439551,53.20
9/16/2023 5:00,"7,494,091.20","112,832.60",439732,53.20
9/16/2023 6:00,"11,184,137.90","170,582.90",439740,53.10
9/16/2023 7:00,"15,296,169.70","234,439.30",439746,53.30
9/16/2023 8:00,"19,017,717.80","294,328.00",439770,53.30
9/16/2023 9:00,"22,113,900.60","348,695.10",439715,53.40
9/16/2023 10:00,"24,120,144.20","390,570.20",439734,53.40
9/16/2023 11:00,"25,243,741.80","418,313.30",439752,53.30
9/16/2023 12:00,"25,663,984.30","433,355.40",439740,53.40
9/16/2023 13:00,"25,658,827.20","436,090.00",439746,53.30
9/16/2023 14:00,"25,622,481.30","440,053.70",439743,53.10
9/16/2023 15:00,"25,327,703.40","438,671.80",439794,53.10
9/16/2023 16:00,"25,063,573.10","434,619.60",439741,53.20
9/16/2023 17:00,"24,251,854.60","414,323.20",439734,53.10
9/16/2023 18:00,"22,307,818.40","367,574.20",439746,53.10
9/16/2023 19:00,"19,657,886.80","313,085.40",439695,53.00
9/16/2023 20:00,"17,592,942.70","274,038.60",439746,52.90
9/16/2023 21:00,"16,134,780.30","241,525.20",439764,52.90
9/16/2023 22:00,"14,626,889.70","219,215.90",439727,52.80
9/16/2023 23:00,"11,498,675.40","172,427.70",439798,52.90
9/17/2023 0:00,"8,181,309.90","122,717.80",439779,54.00
9/17/2023 1:00,"5,570,789.00","83,882.10",439798,54.00
9/17/2023 2:00,"4,321,359.70","65,037.10",439770,54.00
9/17/2023 3:00,"3,521,495.40","53,147.70",439764,54.00
9/17/2023 4:00,"3,624,148.10","54,755.60",439727,54.00
9/17/2023 5:00,"4,920,303.70","73,891.40",439607,54.00
9/17/2023 6:00,"7,195,656.00","107,924.00",439660,53.90
9/17/2023 7:00,"9,927,865.80","148,818.50",439758,54.00
9/17/2023 8:00,"13,678,984.40","206,466.90",439752,54.10
9/17/2023 9:00,"18,271,993.60","279,984.80",439752,54.20
9/17/2023 10:00,"21,767,903.20","339,653.60",439727,54.20
9/17/2023 11:00,"23,552,492.50","374,127.80",439752,54.20
9/17/2023 12:00,"24,477,021.90","398,299.60",439764,54.20
9/17/2023 13:00,"24,772,553.20","406,793.30",439758,54.20
9/17/2023 14:00,"24,642,812.50","404,513.10",439764,54.20
9/17/2023 15:00,"24,205,317.70","393,513.00",439746,54.20
9/17/2023 16:00,"23,935,393.70","386,001.90",439758,54.20
9/17/2023 17:00,"23,292,477.80","375,309.00",439752,54.20
9/17/2023 18:00,"21,641,325.70","345,568.40",439764,54.20
9/17/2023 19:00,"19,862,552.80","316,988.00",439707,54.10
9/17/2023 20:00,"17,652,696.40","280,019.10",439664,54.00
9/17/2023 21:00,"14,513,266.60","218,496.00",439608,54.00
9/17/2023 22:00,"10,981,908.80","165,567.20",439631,53.90
9/17/2023 23:00,"7,585,171.70","114,421.20",439689,54.00
9/18/2023 0:00,"5,175,001.10","78,235.80",439678,53.90
9/18/2023 1:00,"3,857,745.10","58,987.00",439761,53.90
9/18/2023 2:00,"3,617,728.60","55,536.70",439824,53.80
9/18/2023 3:00,"4,682,836.40","71,827.30",439848,53.70
9/18/2023 4:00,"8,595,394.60","132,104.60",439842,53.70
9/18/2023 5:00,"15,149,825.80","242,395.20",439836,53.70
9/18/2023 6:00,"19,957,119.80","345,828.50",439878,53.60
9/18/2023 7:00,"23,984,861.10","447,396.70",439860,53.70
9/18/2023 8:00,"23,499,534.60","453,317.20",439824,53.90
9/18/2023 9:00,"21,626,243.10","391,597.80",439824,53.90
9/18/2023 10:00,"21,330,035.40","372,823.60",439824,54.00
9/18/2023 11:00,"21,748,296.10","377,133.10",439791,54.10
9/18/2023 12:00,"22,510,694.20","390,041.20",439751,54.00
9/18/2023 13:00,"23,380,053.10","406,953.70",439724,54.00
9/18/2023 14:00,"24,977,745.60","448,832.90",439656,54.00
9/18/2023 15:00,"25,710,647.60","496,101.80",439623,54.00
9/18/2023 16:00,"25,712,173.30","512,866.10",439553,53.90
9/18/2023 17:00,"25,110,888.70","499,255.10",439561,53.90
9/18/2023 18:00,"21,478,242.10","385,906.30",439506,53.80
9/18/2023 19:00,"17,713,965.50","289,893.40",439532,53.80
9/18/2023 20:00,"14,580,449.10","232,681.40",439521,53.80
9/18/2023 21:00,"12,163,224.00","188,460.70",439501,53.80
9/18/2023 22:00,"9,414,482.80","145,679.40",439481,53.80
9/18/2023 23:00,"6,631,713.00","102,636.70",439511,53.80
9/19/2023 0:00,"4,673,867.40","72,168.20",439550,54.50
9/19/2023 1:00,"3,616,789.70","56,317.20",439569,54.40
9/19/2023 2:00,"3,508,588.40","54,636.80",439529,54.30
9/19/2023 3:00,"4,596,314.80","70,959.20",439559,54.30
9/19/2023 4:00,"8,518,219.60","129,122.40",439544,54.30
9/19/2023 5:00,"15,493,766.20","233,712.60",439565,54.20
9/19/2023 6:00,"20,690,531.70","355,280.40",439559,54.10
9/19/2023 7:00,"24,507,186.20","465,956.70",439580,54.30
9/19/2023 8:00,"23,606,024.90","472,760.00",439529,54.40
9/19/2023 9:00,"21,690,814.20","403,060.70",439554,54.50
9/19/2023 10:00,"21,142,905.50","367,399.00",439559,54.50
9/19/2023 11:00,"21,190,893.10","358,296.40",439569,54.40
9/19/2023 12:00,"21,955,604.00","368,470.00",439549,54.50
9/19/2023 13:00,"23,090,419.70","389,036.90",439559,54.50
9/19/2023 14:00,"24,888,509.30","434,743.50",439554,54.40
9/19/2023 15:00,"25,609,267.10","489,161.50",439569,54.40
9/19/2023 16:00,"25,657,997.10","517,592.10",439564,54.50
9/19/2023 17:00,"25,158,906.70","518,611.00",439549,54.40
9/19/2023 18:00,"22,219,320.50","413,099.20",439549,54.40
9/19/2023 19:00,"18,518,092.20","304,752.30",439569,54.30
9/19/2023 20:00,"15,367,048.40","238,982.80",439554,54.30
9/19/2023 21:00,"12,611,156.70","189,577.70",439559,54.30
9/19/2023 22:00,"9,763,841.90","146,724.60",439539,54.30
9/19/2023 23:00,"6,868,359.30","103,355.80",439604,54.30
9/20/2023 0:00,"4,789,022.40","72,320.90",439600,54.50
9/20/2023 1:00,"3,686,679.50","56,160.60",439576,54.30
9/20/2023 2:00,"3,563,075.50","54,410.80",439566,54.30
9/20/2023 3:00,"4,661,140.60","70,678.30",439536,54.30
9/20/2023 4:00,"8,559,158.10","128,170.10",439556,54.30
9/20/2023 5:00,"15,510,385.10","233,658.70",439591,54.20
9/20/2023 6:00,"20,848,109.80","358,319.30",439586,54.10
9/20/2023 7:00,"24,784,406.90","468,785.40",439581,54.30
9/20/2023 8:00,"24,117,490.90","474,350.00",439571,54.40
9/20/2023 9:00,"22,208,118.70","404,865.30",439581,54.40
9/20/2023 10:00,"21,555,961.30","368,692.70",439566,54.40
9/20/2023 11:00,"21,759,869.60","365,383.20",439616,54.40
9/20/2023 12:00,"22,582,242.00","377,701.20",439700,53.90
9/20/2023 13:00,"23,664,430.80","397,503.70",439824,54.40
9/20/2023 14:00,"25,334,115.90","444,808.60",439854,54.40
9/20/2023 15:00,"26,062,407.10","497,902.50",439578,54.40
9/20/2023 16:00,"26,037,269.90","526,594.40",439833,54.20
9/20/2023 17:00,"25,540,232.70","525,547.90",439854,54.40
9/20/2023 18:00,"22,507,962.50","420,071.40",439823,54.30
9/20/2023 19:00,"19,167,237.80","314,837.80",439835,54.20
9/20/2023 20:00,"15,882,833.70","245,640.60",439812,54.30
9/20/2023 21:00,"13,117,009.80","197,347.20",439842,54.30
9/20/2023 22:00,"10,218,720.40","153,488.10",439824,54.20
9/20/2023 23:00,"7,149,848.90","107,644.90",439848,54.20
9/21/2023 0:00,"5,029,936.00","76,032.30",445280,53.50
9/21/2023 1:00,"3,810,931.70","58,139.00",445818,53.50
9/21/2023 2:00,"3,657,051.10","55,953.50",445860,53.50
9/21/2023 3:00,"4,758,019.20","72,233.60",445799,53.40
9/21/2023 4:00,"8,663,143.10","129,754.70",445817,53.40
9/21/2023 5:00,"15,523,371.80","234,236.20",445842,54.30
9/21/2023 6:00,"20,735,004.10","355,198.20",445836,54.50
9/21/2023 7:00,"24,706,914.70","462,552.30",445848,54.60
9/21/2023 8:00,"24,127,555.10","469,354.80",445836,54.50
9/21/2023 9:00,"22,372,256.60","407,194.50",445818,54.70
9/21/2023 10:00,"21,957,931.40","380,266.70",445830,54.80
9/21/2023 11:00,"22,432,399.60","381,191.80",445812,54.80
9/21/2023 12:00,"23,175,054.90","390,750.70",445902,50.30
9/21/2023 13:00,"24,325,602.40","415,637.90",445884,51.80
9/21/2023 14:00,"25,906,757.60","466,554.10",445836,54.90
9/21/2023 15:00,"26,219,009.50","515,927.10",445842,54.80
9/21/2023 16:00,"26,235,611.60","542,769.00",445842,54.70
9/21/2023 17:00,"25,737,741.20","542,575.10",445572,54.70
9/21/2023 18:00,"22,879,598.60","430,860.10",445596,54.80
9/21/2023 19:00,"19,621,061.90","327,383.30",445848,54.70
9/21/2023 20:00,"16,884,217.80","264,330.80",445848,54.70
9/21/2023 21:00,"14,366,980.80","218,206.60",445811,54.60
9/21/2023 22:00,"11,313,042.70","171,858.60",445818,54.60
9/21/2023 23:00,"8,010,320.10","121,707.70",445866,54.70
9/22/2023 0:00,"5,617,464.60","85,025.90",445662,54.20
9/22/2023 1:00,"4,248,969.40","64,772.50",445752,54.10
9/22/2023 2:00,"3,964,355.50","60,369.20",445734,54.10
9/22/2023 3:00,"4,843,833.60","73,332.60",445746,54.10
9/22/2023 4:00,"8,429,909.00","126,119.50",445722,54.10
9/22/2023 5:00,"14,878,175.60","223,404.30",445776,54.00
9/22/2023 6:00,"20,037,589.30","327,595.90",445725,54.00
9/22/2023 7:00,"24,015,185.80","413,454.80",445728,54.10
9/22/2023 8:00,"23,826,446.40","415,323.90",445758,54.10
9/22/2023 9:00,"22,677,087.60","383,104.70",445776,54.20
9/22/2023 10:00,"23,128,827.40","390,171.00",445746,54.20
9/22/2023 11:00,"24,158,567.90","410,489.70",445494,54.20
9/22/2023 12:00,"25,093,002.80","434,364.30",445740,54.20
9/22/2023 13:00,"25,969,370.80","462,723.60",445764,54.10
9/22/2023 14:00,"26,741,352.60","510,036.20",445782,54.10
9/22/2023 15:00,"26,887,446.00","546,765.00",445719,54.00
9/22/2023 16:00,"26,867,469.70","550,693.50",445764,53.90
9/22/2023 17:00,"26,592,171.00","527,082.50",445728,54.00
9/22/2023 18:00,"24,483,329.50","439,971.30",445734,53.90
9/22/2023 19:00,"21,453,195.40","352,262.00",445699,53.90
9/22/2023 20:00,"18,291,578.70","284,679.90",445716,53.90
9/22/2023 21:00,"16,141,558.90","242,089.70",445770,53.80
9/22/2023 22:00,"13,759,915.20","206,674.40",445770,53.80
9/22/2023 23:00,"10,302,557.00","155,100.50",445788,53.80
9/23/2023 0:00,"7,141,567.70","107,507.90",445679,53.60
9/23/2023 1:00,"5,145,820.60","77,751.20",445782,54.00
9/23/2023 2:00,"4,381,257.90","66,125.40",445776,54.00
9/23/2023 3:00,"4,093,739.80","61,984.90",445776,54.00
9/23/2023 4:00,"5,036,516.30","75,967.00",445726,53.90
9/23/2023 5:00,"7,545,574.80","113,129.50",445770,53.80
9/23/2023 6:00,"11,367,469.70","172,573.90",445770,53.80
9/23/2023 7:00,"15,657,385.70","239,955.80",445770,53.80
9/23/2023 8:00,"19,495,787.70","303,312.90",445770,54.00
9/23/2023 9:00,"22,477,640.20","357,571.80",445770,54.20
9/23/2023 10:00,"24,309,349.00","399,417.00",445770,54.10
9/23/2023 11:00,"25,349,318.30","430,786.10",445776,54.10
9/23/2023 12:00,"25,651,588.10","445,459.00",445782,54.20
9/23/2023 13:00,"25,601,994.20","446,425.50",445750,54.10
9/23/2023 14:00,"25,610,145.50","449,302.70",445770,54.00
9/23/2023 15:00,"25,479,513.20","453,725.70",445770,54.10
9/23/2023 16:00,"25,004,486.90","446,639.50",445770,54.10
9/23/2023 17:00,"24,171,434.00","426,565.30",445776,54.10
9/23/2023 18:00,"22,537,225.60","382,115.70",445764,54.10
9/23/2023 19:00,"20,256,472.50","329,286.70",445782,53.90
9/23/2023 20:00,"18,001,718.80","281,300.80",445758,54.00
9/23/2023 21:00,"16,435,652.50","246,729.70",445770,54.00
9/23/2023 22:00,"14,904,921.40","223,511.70",445770,54.00
9/23/2023 23:00,"11,635,392.80","174,529.00",445530,53.90
9/24/2023 0:00,"8,309,820.70","125,012.10",445887,53.90
9/24/2023 1:00,"5,640,158.40","84,928.00",445992,53.90
9/24/2023 2:00,"4,370,814.30","65,775.90",445986,53.90
9/24/2023 3:00,"3,535,786.70","53,415.10",445740,53.90
9/24/2023 4:00,"3,655,890.40","55,174.40",445911,53.90
9/24/2023 5:00,"4,972,348.00","74,671.20",445663,53.90
9/24/2023 6:00,"7,338,214.30","109,875.40",445966,53.80
9/24/2023 7:00,"10,177,902.50","152,056.10",445961,53.90
9/24/2023 8:00,"13,935,953.70","209,726.20",445986,54.00
9/24/2023 9:00,"18,566,576.60","284,396.50",445992,54.10
9/24/2023 10:00,"22,150,251.00","347,265.70",445992,54.10
9/24/2023 11:00,"24,009,590.40","387,476.90",445986,54.00
9/24/2023 12:00,"25,030,687.60","413,382.30",446058,54.00
9/24/2023 13:00,"25,232,370.40","422,948.70",446070,54.10
9/24/2023 14:00,"25,198,224.30","427,112.30",446052,54.10
9/24/2023 15:00,"24,802,334.80","418,552.40",446058,54.10
9/24/2023 16:00,"24,366,694.30","406,229.10",446058,53.90
9/24/2023 17:00,"23,488,212.50","386,820.40",446058,54.00
9/24/2023 18:00,"21,781,828.70","353,904.90",446053,53.90
9/24/2023 19:00,"20,277,293.30","329,144.50",445894,53.70
9/24/2023 20:00,"18,140,247.00","291,345.70",445813,53.80
9/24/2023 21:00,"15,254,435.50","231,821.40",445912,53.80
9/24/2023 22:00,"11,466,413.10","172,492.90",445926,53.70
9/24/2023 23:00,"7,779,313.90","117,551.30",445972,53.80
9/25/2023 0:00,"5,265,089.60","79,687.80",445932,53.80
9/25/2023 1:00,"3,873,133.30","59,227.60",445988,53.80
9/25/2023 2:00,"3,587,936.70","55,150.80",445971,53.80
9/25/2023 3:00,"4,667,507.00","71,570.60",445986,53.70
9/25/2023 4:00,"8,547,048.80","131,271.10",445970,53.70
9/25/2023 5:00,"15,115,108.70","241,144.50",445986,53.70
9/25/2023 6:00,"20,043,144.20","345,495.10",446010,53.60
9/25/2023 7:00,"23,949,751.00","440,816.00",445986,53.70
9/25/2023 8:00,"23,465,778.60","438,088.60",445986,53.80
9/25/2023 9:00,"21,605,261.30","382,661.00",445980,53.80
9/25/2023 10:00,"21,253,146.40","369,109.60",445992,53.90
9/25/2023 11:00,"21,758,061.80","376,942.40",445992,53.90
9/25/2023 12:00,"22,668,508.90","391,648.70",445986,53.90
9/25/2023 13:00,"23,585,592.20","409,960.40",445998,53.80
9/25/2023 14:00,"25,242,139.70","450,998.10",445980,53.90
9/25/2023 15:00,"25,995,421.00","496,240.70",445986,53.90
9/25/2023 16:00,"25,779,634.40","509,925.80",445960,53.80
9/25/2023 17:00,"25,222,449.60","494,287.20",445986,50.50
9/25/2023 18:00,"21,675,592.00","380,867.40",445961,42.70
9/25/2023 19:00,"17,924,122.70","289,730.40",445980,42.70
9/25/2023 20:00,"14,721,711.50","232,802.10",445986,42.70
9/25/2023 21:00,"12,374,138.50","190,303.40",445986,42.70
9/25/2023 22:00,"9,524,688.10","146,381.40",445986,42.70
9/25/2023 23:00,"6,681,734.20","102,703.70",445980,42.70
9/26/2023 0:00,"4,641,990.80","71,184.50",445910,42.80
9/26/2023 1:00,"3,548,396.50","54,874.50",445992,42.80
9/26/2023 2:00,"3,399,234.00","52,538.90",446004,42.80
9/26/2023 3:00,"4,483,783.50","68,850.90",445973,42.70
9/26/2023 4:00,"8,433,954.50","127,318.60",445960,42.60
9/26/2023 5:00,"15,440,846.60","232,275.30",445782,43.00
9/26/2023 6:00,"20,744,831.50","358,957.40",445978,50.00
9/26/2023 7:00,"24,186,965.30","468,657.30",445978,53.50
9/26/2023 8:00,"23,573,205.00","480,857.90",445986,53.80
9/26/2023 9:00,"21,860,351.50","414,089.70",445992,53.80
9/26/2023 10:00,"21,252,561.10","371,502.20",445986,53.80
9/26/2023 11:00,"21,363,069.00","362,161.10",445992,53.70
9/26/2023 12:00,"22,159,944.10","371,450.70",445980,53.80
9/26/2023 13:00,"23,013,740.00","388,553.50",445961,53.70
9/26/2023 14:00,"24,885,874.10","439,059.90",445992,53.70
9/26/2023 15:00,"25,591,928.90","491,477.40",445998,53.70
9/26/2023 16:00,"25,604,559.20","519,608.90",445986,53.60
9/26/2023 17:00,"25,172,429.20","518,383.00",445986,53.60
9/26/2023 18:00,"22,170,346.30","415,515.70",445977,53.50
9/26/2023 19:00,"18,574,469.10","309,879.20",445974,53.50
9/26/2023 20:00,"15,323,751.80","239,210.80",445986,53.50
9/26/2023 21:00,"12,677,181.60","191,183.90",445986,53.60
9/26/2023 22:00,"9,845,420.40","148,522.50",445946,53.60
9/26/2023 23:00,"7,068,102.80","106,934.90",445986,53.70
9/27/2023 0:00,"4,902,242.40","74,078.30",445925,53.50
9/27/2023 1:00,"3,710,884.70","56,497.70",446010,53.50
9/27/2023 2:00,"3,558,219.70","54,298.10",446016,53.50
9/27/2023 3:00,"4,649,554.00","70,456.00",446034,53.50
9/27/2023 4:00,"8,546,611.00","128,312.30",446004,53.40
9/27/2023 5:00,"15,572,513.40","234,210.00",446040,53.30
9/27/2023 6:00,"20,926,927.20","361,732.30",446040,53.30
9/27/2023 7:00,"24,722,897.00","474,007.10",446040,53.40
9/27/2023 8:00,"23,907,285.30","480,285.60",446052,53.50
9/27/2023 9:00,"22,044,690.40","410,920.20",446040,53.50
9/27/2023 10:00,"21,412,249.30","372,609.90",446034,53.50
9/27/2023 11:00,"21,649,621.30","365,899.20",446034,53.50
9/27/2023 12:00,"22,434,203.70","375,970.50",446028,53.50
9/27/2023 13:00,"23,616,403.00","398,574.00",446028,52.40
9/27/2023 14:00,"25,344,365.60","446,187.90",446004,53.50
9/27/2023 15:00,"25,982,605.50","498,165.90",445740,53.40
9/27/2023 16:00,"25,930,574.60","527,014.70",446004,52.90
9/27/2023 17:00,"25,534,858.20","531,797.60",445998,53.40
9/27/2023 18:00,"22,610,184.40","426,614.60",445972,53.30
9/27/2023 19:00,"19,132,779.50","320,453.80",445998,53.30
9/27/2023 20:00,"15,873,578.70","247,364.40",446010,53.30
9/27/2023 21:00,"13,254,821.00","200,831.40",446010,53.40
9/27/2023 22:00,"10,253,602.00","154,912.10",445977,53.40
9/27/2023 23:00,"7,326,908.90","110,548.40",446004,53.40
9/28/2023 0:00,"5,116,116.10","77,387.80",445925,53.40
9/28/2023 1:00,"3,876,973.40","59,100.10",445998,53.40
9/28/2023 2:00,"3,717,301.90","56,716.40",446016,53.40
9/28/2023 3:00,"4,795,023.20","72,723.30",446004,53.30
9/28/2023 4:00,"8,701,014.70","130,308.20",445986,53.30
9/28/2023 5:00,"15,629,916.10","234,666.20",446004,53.20
9/28/2023 6:00,"20,973,948.50","359,817.40",445998,53.20
9/28/2023 7:00,"24,804,267.90","465,499.10",445998,53.20
9/28/2023 8:00,"24,233,361.50","472,862.60",446010,53.30
9/28/2023 9:00,"22,491,426.00","410,080.90",445998,53.40
9/28/2023 10:00,"21,986,690.30","379,093.70",445998,53.40
9/28/2023 11:00,"22,460,393.20","379,743.80",445992,53.40
9/28/2023 12:00,"23,182,383.20","392,204.30",445998,53.40
9/28/2023 13:00,"24,273,779.30","415,529.80",445941,53.50
9/28/2023 14:00,"25,837,521.40","464,546.00",446004,53.40
9/28/2023 15:00,"26,334,744.20","517,364.80",445998,53.40
9/28/2023 16:00,"26,185,105.60","544,373.00",445998,53.50
9/28/2023 17:00,"25,639,974.50","543,605.80",446004,53.50
9/28/2023 18:00,"23,221,179.50","447,406.10",445973,53.40
9/28/2023 19:00,"20,053,034.10","340,660.80",445987,53.30
9/28/2023 20:00,"16,981,016.30","266,731.70",445998,53.30
9/28/2023 21:00,"14,255,409.80","216,345.20",445998,53.30
9/28/2023 22:00,"11,149,686.60","168,568.60",445740,53.30
9/28/2023 23:00,"8,156,542.90","123,211.80",445734,53.20
9/29/2023 0:00,"5,734,225.10","86,574.50",445691,53.80
9/29/2023 1:00,"4,288,245.50","65,083.40",445992,53.80
9/29/2023 2:00,"3,982,741.80","60,680.10",445980,53.70
9/29/2023 3:00,"4,848,558.50","73,507.90",445986,53.60
9/29/2023 4:00,"8,382,227.00","125,710.30",445982,53.60
9/29/2023 5:00,"14,748,485.50","221,039.40",445986,53.50
9/29/2023 6:00,"20,070,687.40","332,754.30",445992,53.50
9/29/2023 7:00,"24,015,043.80","421,658.60",445986,53.50
9/29/2023 8:00,"23,772,828.20","423,256.30",445992,53.60
9/29/2023 9:00,"22,579,185.40","387,399.90",445986,53.60
9/29/2023 10:00,"22,958,841.10","389,660.00",445980,53.60
9/29/2023 11:00,"23,863,021.70","407,480.60",445986,53.60
9/29/2023 12:00,"24,967,746.00","432,960.20",445986,53.60
9/29/2023 13:00,"25,920,441.30","462,155.60",445972,53.60
9/29/2023 14:00,"26,803,984.90","508,554.00",445734,53.70
9/29/2023 15:00,"26,980,283.80","548,969.00",445992,53.60
9/29/2023 16:00,"26,832,593.40","554,493.10",445980,53.60
9/29/2023 17:00,"26,520,908.50","534,573.90",445740,53.60
9/29/2023 18:00,"24,445,137.00","448,422.10",445977,53.50
9/29/2023 19:00,"21,443,024.80","360,990.70",445998,53.50
9/29/2023 20:00,"18,450,417.20","290,485.70",445966,53.50
9/29/2023 21:00,"16,277,002.60","246,165.70",445992,53.40
9/29/2023 22:00,"13,877,414.80","209,351.70",445966,53.50
9/29/2023 23:00,"10,489,285.70","159,270.00",445740,53.50
9/30/2023 0:00,"7,320,860.40","110,346.30",445925,53.90
9/30/2023 1:00,"5,273,712.20","79,699.00",445992,53.90
9/30/2023 2:00,"4,441,596.10","67,217.00",446004,53.90
9/30/2023 3:00,"4,075,127.00","61,797.30",445740,53.90
9/30/2023 4:00,"4,991,285.30","75,515.90",445971,53.90
9/30/2023 5:00,"7,360,845.20","110,925.10",445986,53.80
9/30/2023 6:00,"10,971,140.40","167,972.70",445992,53.70
9/30/2023 7:00,"14,996,184.30","230,127.30",445986,53.70
9/30/2023 8:00,"18,918,715.00","293,543.40",445992,53.80
9/30/2023 9:00,"21,875,798.00","344,957.50",445986,53.80
9/30/2023 10:00,"23,889,749.40","386,367.70",445986,53.80
9/30/2023 11:00,"25,095,771.30","414,273.30",445998,53.80
9/30/2023 12:00,"25,360,709.60","428,120.20",445986,53.80
9/30/2023 13:00,"25,324,751.40","435,479.50",445986,53.80
9/30/2023 14:00,"25,262,564.60","439,590.60",445986,53.80
9/30/2023 15:00,"25,180,941.90","443,242.00",445992,53.80
9/30/2023 16:00,"24,844,119.00","439,156.60",445992,53.80
9/30/2023 17:00,"24,131,854.00","415,841.90",445972,53.80
9/30/2023 18:00,"22,051,897.00","365,292.30",445954,53.80
9/30/2023 19:00,"19,331,711.90","308,694.10",445958,53.70
9/30/2023 20:00,"16,813,394.70","260,053.50",445980,53.70
9/30/2023 21:00,"15,352,198.80","229,979.50",445986,53.60
9/30/2023 22:00,"14,839,930.80","222,717.70",445740,53.60
9/30/2023 23:00,"11,665,197.50","175,145.80",445734,53.70
10/1/2023 0:00,"8,200,455.80","122,768.70",445902,53.80
10/1/2023 1:00,"5,555,057.60","83,605.50",445966,53.80
10/1/2023 2:00,"4,306,364.00","64,928.50",445992,53.70
10/1/2023 3:00,"3,470,075.90","52,502.00",445992,53.80
10/1/2023 4:00,"3,626,829.90","54,842.90",445889,53.70
10/1/2023 5:00,"4,900,747.70","73,577.40",445858,53.70
10/1/2023 6:00,"7,185,637.80","107,787.60",445992,53.70
10/1/2023 7:00,"9,982,278.00","149,644.00",445986,53.60
10/1/2023 8:00,"13,840,108.20","208,836.70",445949,53.80
10/1/2023 9:00,"18,474,802.00","283,002.90",445998,53.80
10/1/2023 10:00,"21,959,305.30","344,256.10",445986,53.90
10/1/2023 11:00,"23,792,778.00","381,785.80",445986,53.90
10/1/2023 12:00,"24,704,139.00","401,648.20",445992,53.90
10/1/2023 13:00,"24,925,640.70","409,430.20",445986,53.90
10/1/2023 14:00,"24,729,195.40","406,509.70",445980,53.80
10/1/2023 15:00,"24,388,636.10","400,312.10",445986,53.80
10/1/2023 16:00,"24,038,881.80","391,798.90",445986,53.80
10/1/2023 17:00,"23,458,831.00","381,802.40",445960,53.80
10/1/2023 18:00,"21,906,948.20","352,911.50",445965,53.80
10/1/2023 19:00,"20,167,036.60","324,476.50",445909,53.80
10/1/2023 20:00,"17,727,017.00","280,281.40",445968,53.80
10/1/2023 21:00,"14,630,272.50","220,331.40",445945,53.80
10/1/2023 22:00,"11,114,894.90","166,220.40",445936,53.90
10/1/2023 23:00,"7,783,183.60","116,474.40",445699,53.90
10/2/2023 0:00,"5,469,857.50","82,108.20",445916,53.80
10/2/2023 1:00,"3,949,567.70","59,819.80",445972,53.80
10/2/2023 2:00,"3,591,681.30","54,653.80",445986,53.70
10/2/2023 3:00,"4,664,651.50","70,548.30",445967,53.60
10/2/2023 4:00,"8,570,942.40","128,228.20",445844,53.60
10/2/2023 5:00,"15,171,116.00","228,237.50",445863,53.50
10/2/2023 6:00,"20,062,360.00","340,082.60",445973,53.40
10/2/2023 7:00,"23,885,190.60","436,544.50",445992,53.40
10/2/2023 8:00,"23,310,783.20","435,479.90",445986,53.60
10/2/2023 9:00,"21,509,269.10","373,576.10",445961,53.70
10/2/2023 10:00,"21,256,662.00","358,094.90",445986,53.60
10/2/2023 11:00,"21,680,315.80","362,278.60",445972,53.60
10/2/2023 12:00,"22,472,195.50","374,451.50",446016,53.00
10/2/2023 13:00,"23,312,929.80","391,153.30",445998,53.30
10/2/2023 14:00,"24,957,441.10","430,529.40",446010,53.40
10/2/2023 15:00,"25,683,209.10","476,288.20",445998,53.40
10/2/2023 16:00,"25,487,051.00","491,411.10",445992,53.40
10/2/2023 17:00,"25,123,768.70","481,457.00",446010,53.30
10/2/2023 18:00,"21,791,451.10","379,172.80",445992,53.30
10/2/2023 19:00,"17,868,960.50","285,718.20",445964,53.30
10/2/2023 20:00,"14,457,486.60","222,667.70",445980,53.40
10/2/2023 21:00,"11,990,505.90","180,284.20",445998,53.30
10/2/2023 22:00,"9,271,356.40","139,413.00",446004,53.40
10/2/2023 23:00,"6,707,867.60","101,297.60",445752,53.50
10/3/2023 0:00,"4,707,610.80","71,157.80",445927,53.30
10/3/2023 1:00,"3,632,740.10","55,415.70",445973,53.30
10/3/2023 2:00,"3,509,362.90","53,832.60",445986,53.30
10/3/2023 3:00,"4,608,232.10","69,949.30",445979,53.20
10/3/2023 4:00,"8,440,137.00","126,711.20",445979,53.10
10/3/2023 5:00,"15,381,298.30","232,154.00",446004,53.00
10/3/2023 6:00,"20,745,588.50","360,058.20",445998,53.00
10/3/2023 7:00,"24,187,372.60","463,907.20",445973,53.00
10/3/2023 8:00,"23,601,292.30","477,955.70",445998,53.10
10/3/2023 9:00,"21,893,510.80","410,770.50",445992,53.20
10/3/2023 10:00,"21,220,914.60","367,250.30",446016,53.20
10/3/2023 11:00,"21,219,168.80","358,194.60",445998,53.20
10/3/2023 12:00,"22,022,496.60","366,767.70",446040,53.20
10/3/2023 13:00,"22,906,304.90","383,429.30",446082,53.20
10/3/2023 14:00,"24,750,677.40","432,747.50",445812,53.20
10/3/2023 15:00,"25,639,541.50","488,445.40",445818,53.20
10/3/2023 16:00,"25,680,438.50","516,397.20",446058,53.10
10/3/2023 17:00,"25,194,048.50","513,449.50",446070,53.10
10/3/2023 18:00,"22,278,681.60","414,163.10",446070,53.10
10/3/2023 19:00,"18,587,126.60","306,397.50",446028,53.10
10/3/2023 20:00,"15,081,432.60","233,317.70",446070,53.10
10/3/2023 21:00,"12,430,630.80","187,124.00",445812,53.10
10/3/2023 22:00,"9,640,152.90","145,240.80",446064,53.10
10/3/2023 23:00,"6,910,025.50","104,512.20",446064,53.10
10/4/2023 0:00,"4,869,035.90","73,703.20",445921,53.30
10/4/2023 1:00,"3,673,509.60","56,275.80",445992,53.30
10/4/2023 2:00,"3,536,672.70","54,391.30",445986,53.30
10/4/2023 3:00,"4,623,796.80","70,266.90",445986,53.20
10/4/2023 4:00,"8,547,687.40","127,935.90",445684,53.10
10/4/2023 5:00,"15,484,789.10","232,293.40",445951,53.10
10/4/2023 6:00,"20,897,079.30","359,929.50",445992,53.00
10/4/2023 7:00,"24,364,414.50","464,703.30",445966,53.00
10/4/2023 8:00,"23,590,360.00","472,442.30",445986,53.10
10/4/2023 9:00,"22,042,725.30","407,108.20",445992,53.20
10/4/2023 10:00,"21,399,364.90","371,565.40",445986,53.20
10/4/2023 11:00,"21,638,125.70","366,290.30",445986,53.20
10/4/2023 12:00,"22,493,287.60","377,063.90",445986,53.10
10/4/2023 13:00,"23,494,187.10","397,949.30",445966,53.10
10/4/2023 14:00,"25,121,553.80","444,448.30",445998,53.10
10/4/2023 15:00,"25,873,064.20","495,996.60",445980,52.90
10/4/2023 16:00,"25,821,100.30","520,395.30",445938,52.90
10/4/2023 17:00,"25,403,320.10","522,322.70",445902,52.90
10/4/2023 18:00,"22,617,980.60","423,265.90",445888,52.90
10/4/2023 19:00,"18,976,262.10","316,099.20",445621,52.90
10/4/2023 20:00,"15,733,051.80","245,812.00",445662,52.80
10/4/2023 21:00,"13,124,212.00","198,224.30",445674,52.80
10/4/2023 22:00,"10,106,400.60","152,545.90",445932,52.90
10/4/2023 23:00,"7,229,274.00","109,236.60",445740,52.80
10/5/2023 0:00,"5,094,039.20","77,498.40",445915,53.30
10/5/2023 1:00,"3,910,031.80","59,588.90",445986,53.30
10/5/2023 2:00,"3,751,153.40","57,374.20",445986,53.30
10/5/2023 3:00,"4,800,050.40","72,880.60",445992,53.30
10/5/2023 4:00,"8,672,778.30","129,923.60",445967,53.20
10/5/2023 5:00,"15,477,628.30","232,403.40",445998,53.20
10/5/2023 6:00,"20,844,677.50","357,810.20",445998,53.20
10/5/2023 7:00,"24,385,964.90","462,687.30",445986,53.20
10/5/2023 8:00,"23,875,369.10","470,963.70",445950,53.30
10/5/2023 9:00,"22,308,165.80","410,099.40",445921,53.30
10/5/2023 10:00,"22,068,892.70","383,811.70",445920,53.40
10/5/2023 11:00,"22,457,383.70","382,792.60",445932,53.30
10/5/2023 12:00,"23,274,822.80","394,612.10",445920,53.40
10/5/2023 13:00,"24,203,814.20","416,963.50",445920,53.40
10/5/2023 14:00,"25,584,888.40","464,974.00",445893,53.30
10/5/2023 15:00,"25,852,242.10","510,513.10",445920,53.30
10/5/2023 16:00,"25,885,945.80","540,041.20",445914,53.30
10/5/2023 17:00,"25,485,744.20","541,632.00",445914,53.30
10/5/2023 18:00,"23,000,711.80","442,868.20",445926,53.20
10/5/2023 19:00,"19,990,660.90","339,947.20",445894,53.20
10/5/2023 20:00,"16,808,355.60","266,033.20",445914,53.20
10/5/2023 21:00,"14,263,822.40","215,789.00",445902,53.20
10/5/2023 22:00,"11,142,364.10","168,003.20",445905,53.10
10/5/2023 23:00,"7,946,184.90","120,029.60",445662,53.10
10/6/2023 0:00,"5,670,805.20","85,807.40",445611,53.50
10/6/2023 1:00,"4,265,937.20","64,826.20",445914,53.50
10/6/2023 2:00,"3,962,558.40","60,448.10",445914,53.40
10/6/2023 3:00,"4,831,825.70","73,440.80",445914,53.30
10/6/2023 4:00,"8,326,180.50","125,041.70",445781,53.40
10/6/2023 5:00,"14,722,440.50","221,157.90",445803,53.30
10/6/2023 6:00,"19,983,171.10","331,075.30",445888,53.40
10/6/2023 7:00,"23,786,330.20","416,260.40",445901,53.40
10/6/2023 8:00,"23,479,536.60","417,801.20",445926,53.50
10/6/2023 9:00,"22,667,552.60","388,585.80",445886,53.50
10/6/2023 10:00,"23,302,448.40","397,249.80",445842,53.50
10/6/2023 11:00,"24,264,651.80","418,197.30",445612,53.50
10/6/2023 12:00,"25,178,100.10","444,333.90",445895,53.40
10/6/2023 13:00,"25,798,078.20","474,500.90",445883,53.50
10/6/2023 14:00,"26,467,461.40","514,479.50",445880,53.40
10/6/2023 15:00,"26,530,467.90","546,582.50",445636,53.30
10/6/2023 16:00,"26,414,652.90","547,717.90",445824,53.30
10/6/2023 17:00,"26,064,586.60","525,447.20",445868,53.20
10/6/2023 18:00,"24,172,041.30","446,921.00",445894,53.10
10/6/2023 19:00,"21,679,140.60","369,785.80",445822,53.10
10/6/2023 20:00,"18,656,384.50","297,066.70",445631,53.00
10/6/2023 21:00,"16,510,015.60","249,521.20",445874,53.00
10/6/2023 22:00,"13,899,436.80","208,488.40",445887,53.10
10/6/2023 23:00,"10,474,242.30","157,618.50",445616,53.10
10/7/2023 0:00,"7,449,091.20","112,161.50",445818,53.10
10/7/2023 1:00,"5,421,330.90","81,858.00",445668,53.20
10/7/2023 2:00,"4,546,929.80","68,939.80",445920,53.10
10/7/2023 3:00,"4,185,444.40","63,600.20",445914,53.20
10/7/2023 4:00,"5,128,075.10","77,627.20",445535,53.10
10/7/2023 5:00,"7,675,469.70","115,328.20",445914,53.00
10/7/2023 6:00,"11,534,103.80","175,804.20",445920,53.00
10/7/2023 7:00,"15,783,237.00","242,236.10",445914,53.00
10/7/2023 8:00,"19,616,608.00","303,959.80",445914,53.10
10/7/2023 9:00,"22,510,633.20","355,885.90",445894,53.10
10/7/2023 10:00,"24,204,773.40","396,083.30",445914,53.10
10/7/2023 11:00,"25,177,408.30","426,174.40",445920,53.10
10/7/2023 12:00,"25,595,850.60","441,593.50",445901,53.10
10/7/2023 13:00,"25,670,683.60","446,579.30",445888,53.00
10/7/2023 14:00,"25,556,995.30","446,947.30",445915,53.00
10/7/2023 15:00,"25,450,018.10","445,709.20",445909,53.10
10/7/2023 16:00,"25,079,627.40","436,645.40",445909,53.00
10/7/2023 17:00,"24,132,380.00","411,195.00",445878,53.00
10/7/2023 18:00,"22,576,462.30","375,107.90",445870,53.00
10/7/2023 19:00,"20,236,217.60","326,194.10",445656,52.90
10/7/2023 20:00,"17,757,062.00","276,864.00",445914,53.00
10/7/2023 21:00,"16,488,971.40","248,328.70",445908,52.90
10/7/2023 22:00,"14,909,839.50","223,142.70",445914,53.00
10/7/2023 23:00,"11,699,631.30","175,496.60",445920,53.00
10/8/2023 0:00,"8,368,881.10","125,375.80",445864,53.30
10/8/2023 1:00,"5,761,547.10","86,393.40",445926,53.30
10/8/2023 2:00,"4,435,823.60","66,770.20",445920,53.40
10/8/2023 3:00,"3,599,853.40","54,297.20",445938,53.30
10/8/2023 4:00,"3,689,660.50","55,679.60",445912,53.10
10/8/2023 5:00,"4,998,362.20","74,972.30",445956,53.10
10/8/2023 6:00,"7,305,459.70","109,787.00",445950,53.20
10/8/2023 7:00,"10,048,606.40","150,704.10",445962,53.30
10/8/2023 8:00,"13,940,883.10","210,446.10",445968,53.40
10/8/2023 9:00,"18,590,331.70","285,038.30",446004,53.40
10/8/2023 10:00,"22,160,759.20","348,210.50",446040,53.30
10/8/2023 11:00,"23,988,515.60","390,148.70",446034,53.30
10/8/2023 12:00,"24,970,675.70","415,474.40",446034,53.30
10/8/2023 13:00,"25,307,476.00","426,937.60",446022,53.30
10/8/2023 14:00,"25,066,146.50","422,784.60",446022,53.30
10/8/2023 15:00,"24,593,119.80","410,788.60",446002,53.30
10/8/2023 16:00,"24,082,483.20","397,583.90",445645,53.30
10/8/2023 17:00,"23,059,030.20","376,204.80",445605,53.30
10/8/2023 18:00,"21,496,526.90","347,980.30",445806,53.30
10/8/2023 19:00,"19,874,513.40","320,554.80",445773,53.20
10/8/2023 20:00,"17,927,033.50","284,716.00",445571,53.20
10/8/2023 21:00,"15,379,877.40","234,589.80",445794,53.20
10/8/2023 22:00,"11,692,566.90","175,381.10",445773,53.30
10/8/2023 23:00,"8,113,684.10","121,301.70",445768,53.30
10/9/2023 0:00,"5,526,923.90","82,747.30",445724,53.10
10/9/2023 1:00,"4,022,873.80","60,770.80",445793,53.10
10/9/2023 2:00,"3,654,317.10","55,506.00",445764,53.20
10/9/2023 3:00,"4,649,462.40","70,344.20",445753,53.10
10/9/2023 4:00,"8,360,060.10","125,428.50",445733,53.00
10/9/2023 5:00,"14,736,957.00","221,408.40",445728,52.70
10/9/2023 6:00,"19,643,038.90","327,856.70",445774,52.70
10/9/2023 7:00,"23,174,318.90","408,067.10",445778,52.70
10/9/2023 8:00,"22,581,030.70","396,457.10",445748,52.80
10/9/2023 9:00,"21,543,679.60","364,950.50",445726,52.80
10/9/2023 10:00,"21,821,396.20","366,796.90",445681,52.80
10/9/2023 11:00,"22,525,012.40","380,311.60",445696,52.70
10/9/2023 12:00,"23,205,076.00","392,323.30",445661,52.60
10/9/2023 13:00,"24,031,451.50","407,293.30",445686,52.70
10/9/2023 14:00,"25,532,059.10","445,753.30",445706,52.70
10/9/2023 15:00,"26,222,617.50","485,124.30",445681,52.70
10/9/2023 16:00,"25,967,133.00","494,579.40",445756,52.70
10/9/2023 17:00,"25,234,746.20","470,370.80",445721,52.70
10/9/2023 18:00,"21,609,707.10","365,947.70",445444,52.60
10/9/2023 19:00,"17,583,781.10","277,592.40",445701,52.70
10/9/2023 20:00,"14,449,607.30","221,883.80",445686,52.70
10/9/2023 21:00,"12,111,219.70","181,810.80",445692,52.70
10/9/2023 22:00,"9,486,563.90","142,251.80",445722,52.80
10/9/2023 23:00,"6,738,512.60","101,274.20",445434,52.80
10/10/2023 0:00,"4,743,964.60","71,639.50",445721,53.10
10/10/2023 1:00,"3,651,627.40","55,563.60",445701,53.10
10/10/2023 2:00,"3,515,299.20","53,630.80",445717,53.00
10/10/2023 3:00,"4,629,494.50","70,103.00",445662,52.90
10/10/2023 4:00,"8,494,658.20","127,038.30",445666,52.90
10/10/2023 5:00,"15,383,266.80","231,267.20",445671,52.90
10/10/2023 6:00,"20,637,896.70","359,751.10",445666,52.80
10/10/2023 7:00,"24,265,942.80","464,845.40",445707,52.80
10/10/2023 8:00,"23,657,100.90","473,249.30",445414,53.00
10/10/2023 9:00,"21,918,325.50","407,024.70",445687,53.00
10/10/2023 10:00,"21,219,354.30","367,227.50",445686,53.00
10/10/2023 11:00,"21,352,604.10","361,745.50",445651,53.00
10/10/2023 12:00,"22,129,206.60","370,443.80",445651,52.90
10/10/2023 13:00,"23,047,759.80","386,116.80",445666,53.00
10/10/2023 14:00,"24,902,997.70","434,269.30",445681,53.00
10/10/2023 15:00,"25,818,181.80","490,396.70",445651,53.00
10/10/2023 16:00,"25,696,134.70","515,930.50",445636,52.90
10/10/2023 17:00,"25,163,380.40","517,371.60",445676,52.80
10/10/2023 18:00,"22,239,338.40","416,466.10",445676,52.80
10/10/2023 19:00,"18,334,950.60","305,744.60",445666,52.80
10/10/2023 20:00,"15,020,187.60","234,536.80",445691,52.90
10/10/2023 21:00,"12,414,604.50","187,344.50",445686,52.90
10/10/2023 22:00,"9,629,873.70","145,100.80",445691,52.90
10/10/2023 23:00,"6,852,852.70","103,705.40",445414,52.90
10/11/2023 0:00,"4,826,937.20","73,082.10",445691,53.40
10/11/2023 1:00,"3,693,244.00","56,336.00",445686,53.40
10/11/2023 2:00,"3,544,307.30","54,199.60",445661,53.40
10/11/2023 3:00,"4,642,636.40","70,673.50",445712,53.20
10/11/2023 4:00,"8,536,865.40","128,760.30",445419,53.20
10/11/2023 5:00,"15,480,430.80","233,385.40",445701,53.20
10/11/2023 6:00,"20,813,593.90","361,114.10",445661,53.20
10/11/2023 7:00,"24,455,522.80","468,586.40",445717,53.10
10/11/2023 8:00,"23,810,767.00","474,327.80",445754,53.20
10/11/2023 9:00,"22,085,827.40","405,290.30",445718,53.20
10/11/2023 10:00,"21,425,105.20","370,017.00",445681,53.30
10/11/2023 11:00,"21,618,801.60","364,927.60",445677,53.20
10/11/2023 12:00,"22,487,737.20","378,757.30",445641,53.20
10/11/2023 13:00,"23,574,233.90","400,413.40",445761,52.50
10/11/2023 14:00,"25,176,041.90","446,216.20",445926,53.10
10/11/2023 15:00,"25,905,814.30","498,006.60",445914,53.00
10/11/2023 16:00,"25,897,975.30","529,671.80",445926,52.90
10/11/2023 17:00,"25,401,126.60","530,109.10",445926,53.00
10/11/2023 18:00,"22,704,863.20","430,586.20",445926,53.00
10/11/2023 19:00,"19,003,409.40","321,275.50",445895,53.20
10/11/2023 20:00,"15,752,158.60","245,891.90",445905,53.10
10/11/2023 21:00,"13,167,154.10","198,152.90",445926,53.10
10/11/2023 22:00,"10,093,506.50","151,864.30",445908,53.10
10/11/2023 23:00,"7,184,657.10","108,650.10",445674,53.10
10/12/2023 0:00,"5,071,689.20","77,033.60",445803,53.20
10/12/2023 1:00,"3,884,031.50","59,168.00",445668,53.00
10/12/2023 2:00,"3,698,797.30","56,478.00",445914,53.30
10/12/2023 3:00,"4,743,203.50","72,058.30",445914,53.20
10/12/2023 4:00,"8,524,176.00","128,224.10",445936,53.20
10/12/2023 5:00,"15,352,937.10","231,411.10",445932,53.10
10/12/2023 6:00,"20,678,128.40","355,604.90",445920,53.10
10/12/2023 7:00,"24,132,692.20","455,821.40",445938,53.10
10/12/2023 8:00,"23,518,785.60","462,806.90",445926,53.20
10/12/2023 9:00,"22,043,879.60","406,295.60",445926,53.20
10/12/2023 10:00,"21,773,132.70","377,022.80",445926,53.30
10/12/2023 11:00,"22,214,694.50","378,753.30",445920,53.30
10/12/2023 12:00,"23,004,739.90","392,662.50",445902,53.20
10/12/2023 13:00,"24,003,252.50","414,649.30",445926,53.10
10/12/2023 14:00,"25,580,025.30","466,117.30",445938,53.20
10/12/2023 15:00,"26,157,437.60","519,055.50",445902,53.20
10/12/2023 16:00,"26,086,805.70","545,525.00",445908,53.20
10/12/2023 17:00,"25,759,659.00","547,895.10",445920,53.10
10/12/2023 18:00,"23,150,829.80","446,921.20",445670,51.90
10/12/2023 19:00,"19,803,635.20","340,322.70",445905,53.00
10/12/2023 20:00,"16,708,627.00","265,963.70",445674,53.10
10/12/2023 21:00,"14,167,417.50","215,208.90",445662,53.00
10/12/2023 22:00,"11,107,282.40","168,529.00",445650,53.00
10/12/2023 23:00,"8,021,504.50","121,684.70",445656,53.20
10/13/2023 0:00,"5,688,604.50","86,209.60",445843,53.40
10/13/2023 1:00,"4,303,500.30","65,762.80",445908,53.40
10/13/2023 2:00,"3,992,727.30","61,120.10",445914,53.40
10/13/2023 3:00,"4,848,273.80","73,691.90",445920,53.40
10/13/2023 4:00,"8,279,775.20","123,881.40",445628,44.80
10/13/2023 5:00,"14,780,433.70","220,685.70",445704,39.10
10/13/2023 6:00,"20,177,746.60","331,960.10",445710,39.00
10/13/2023 7:00,"23,881,690.80","414,774.90",445662,50.70
10/13/2023 8:00,"23,596,639.90","413,590.90",445902,53.10
10/13/2023 9:00,"22,535,212.00","381,868.20",445914,53.30
10/13/2023 10:00,"22,965,549.70","388,087.10",445902,53.40
10/13/2023 11:00,"23,941,338.50","408,617.40",445914,53.40
10/13/2023 12:00,"25,131,776.00","436,079.60",445914,53.30
10/13/2023 13:00,"25,925,947.70","462,718.30",445908,53.30
10/13/2023 14:00,"26,774,621.20","508,468.80",445920,53.40
10/13/2023 15:00,"26,835,860.10","547,318.50",445914,53.40
10/13/2023 16:00,"26,651,846.50","549,158.00",445908,53.40
10/13/2023 17:00,"26,339,060.30","528,217.10",445908,53.30
10/13/2023 18:00,"24,358,266.30","447,012.50",445663,53.20
10/13/2023 19:00,"21,319,954.30","359,564.90",445636,53.20
10/13/2023 20:00,"18,222,243.70","285,649.80",445908,53.10
10/13/2023 21:00,"16,187,120.80","244,513.20",445914,53.20
10/13/2023 22:00,"13,831,769.90","208,549.40",445944,53.20
10/13/2023 23:00,"10,511,131.20","158,643.80",445650,53.20
10/14/2023 0:00,"7,455,523.00","112,057.80",445868,53.50
10/14/2023 1:00,"5,408,707.00","81,703.60",445893,53.60
10/14/2023 2:00,"4,568,360.80","69,219.50",445902,53.50
10/14/2023 3:00,"4,194,692.30","63,771.40",445914,53.50
10/14/2023 4:00,"5,092,493.50","77,067.80",445868,53.40
10/14/2023 5:00,"7,580,049.30","114,158.30",445914,53.30
10/14/2023 6:00,"11,314,323.60","172,843.30",445882,53.30
10/14/2023 7:00,"15,382,835.60","235,998.80",445908,53.10
10/14/2023 8:00,"19,323,691.40","299,656.40",445914,53.20
10/14/2023 9:00,"22,165,974.90","350,904.50",445902,53.20
10/14/2023 10:00,"24,176,865.30","390,806.40",445920,53.30
10/14/2023 11:00,"25,158,806.20","417,727.20",445902,53.30
10/14/2023 12:00,"25,513,411.00","433,909.50",445902,53.30
10/14/2023 13:00,"25,562,392.90","440,223.60",445883,53.30
10/14/2023 14:00,"25,551,258.20","445,350.10",445897,53.30
10/14/2023 15:00,"25,374,256.60","445,273.80",445650,53.30
10/14/2023 16:00,"24,965,569.50","437,681.90",445920,53.30
10/14/2023 17:00,"24,296,860.40","421,015.90",445883,53.30
10/14/2023 18:00,"22,593,639.70","381,228.10",445888,53.20
10/14/2023 19:00,"20,154,498.50","327,335.90",445874,53.10
10/14/2023 20:00,"17,674,712.40","274,791.20",445908,53.10
10/14/2023 21:00,"16,374,449.90","245,690.60",445888,53.10
10/14/2023 22:00,"14,710,873.50","220,111.60",445908,53.10
10/14/2023 23:00,"11,536,554.40","172,748.60",445668,53.10
10/15/2023 0:00,"8,137,230.70","121,674.60",445828,53.00
10/15/2023 1:00,"5,583,357.90","83,891.50",445914,52.90
10/15/2023 2:00,"4,406,248.30","66,397.10",445914,52.90
10/15/2023 3:00,"3,577,995.00","54,186.50",445893,52.90
10/15/2023 4:00,"3,710,256.90","56,184.40",445788,52.90
10/15/2023 5:00,"5,001,913.70","75,183.70",445861,52.80
10/15/2023 6:00,"7,375,294.60","110,899.70",445858,52.70
10/15/2023 7:00,"10,061,448.80","150,983.00",445920,52.70
10/15/2023 8:00,"13,895,060.60","209,682.70",445908,52.80
10/15/2023 9:00,"18,579,126.40","284,387.20",445914,52.70
10/15/2023 10:00,"21,996,110.70","344,326.80",445896,52.80
10/15/2023 11:00,"23,673,249.40","382,582.70",445908,52.80
10/15/2023 12:00,"24,762,458.00","409,499.70",445914,52.80
10/15/2023 13:00,"25,105,017.70","422,536.10",445902,52.80
10/15/2023 14:00,"25,188,831.30","428,220.40",445914,52.80
10/15/2023 15:00,"24,865,842.20","421,199.60",445914,52.80
10/15/2023 16:00,"24,450,955.30","409,578.50",445914,52.70
10/15/2023 17:00,"23,642,698.90","391,695.90",445902,52.60
10/15/2023 18:00,"22,206,052.90","365,877.10",445902,52.70
10/15/2023 19:00,"20,486,590.60","334,723.90",445848,52.80
10/15/2023 20:00,"17,961,275.70","286,264.30",445857,52.80
10/15/2023 21:00,"15,171,957.00","228,825.50",445817,52.80
10/15/2023 22:00,"11,597,189.60","174,174.90",445862,52.80
10/15/2023 23:00,"8,214,032.50","123,377.90",445898,52.90
10/16/2023 0:00,"5,564,668.30","83,536.90",445839,53.10
10/16/2023 1:00,"3,962,174.90","60,034.40",445914,53.10
10/16/2023 2:00,"3,600,847.50","54,799.20",445903,53.10
10/16/2023 3:00,"4,675,137.00","70,834.60",445914,53.00
10/16/2023 4:00,"8,571,383.40","128,516.40",445914,53.00
10/16/2023 5:00,"15,150,301.90","229,609.10",445914,52.90
10/16/2023 6:00,"20,076,639.90","342,348.40",445926,52.80
10/16/2023 7:00,"23,774,678.90","439,358.20",445950,52.80
10/16/2023 8:00,"23,416,904.00","444,230.20",445920,52.90
10/16/2023 9:00,"21,651,480.00","381,374.80",445920,53.00
10/16/2023 10:00,"21,358,357.00","362,723.60",445902,53.00
10/16/2023 11:00,"21,840,747.00","367,117.60",445932,53.00
10/16/2023 12:00,"22,552,852.00","378,696.00",445914,53.00
10/16/2023 13:00,"23,432,601.70","395,278.60",445926,53.00
10/16/2023 14:00,"25,077,412.40","435,309.90",445908,52.80
10/16/2023 15:00,"25,856,077.00","480,070.20",445914,52.90
10/16/2023 16:00,"25,706,925.80","496,588.60",445908,52.90
10/16/2023 17:00,"24,891,456.90","475,866.40",445902,52.90
10/16/2023 18:00,"21,472,915.30","375,385.00",445908,52.80
10/16/2023 19:00,"17,461,889.50","279,058.90",445908,52.90
10/16/2023 20:00,"14,213,788.90","219,039.10",445908,52.90
10/16/2023 21:00,"11,990,001.40","180,033.50",445908,52.90
10/16/2023 22:00,"9,387,831.00","141,135.90",445894,53.00
10/16/2023 23:00,"6,687,903.40","100,800.20",445650,52.90
10/17/2023 0:00,"4,689,286.20","70,883.40",445862,53.00
10/17/2023 1:00,"3,642,288.40","55,462.80",445920,53.00
10/17/2023 2:00,"3,531,623.20","53,992.60",445926,53.10
10/17/2023 3:00,"4,630,752.30","70,212.90",445944,53.00
10/17/2023 4:00,"8,481,563.20","127,232.70",445910,53.00
10/17/2023 5:00,"15,332,202.80","230,860.80",445962,52.90
10/17/2023 6:00,"20,677,688.30","359,687.20",445962,52.90
10/17/2023 7:00,"24,191,089.80","465,282.30",445962,52.90
10/17/2023 8:00,"23,718,494.10","475,965.40",445962,53.00
10/17/2023 9:00,"21,891,976.40","405,308.40",445968,53.00
10/17/2023 10:00,"21,090,649.50","365,231.50",445968,53.00
10/17/2023 11:00,"21,230,381.70","357,963.10",445968,53.00
10/17/2023 12:00,"22,076,385.40","369,741.60",445710,53.00
10/17/2023 13:00,"23,117,020.40","388,593.70",445932,52.80
10/17/2023 14:00,"24,759,403.50","436,191.30",445930,52.90
10/17/2023 15:00,"25,431,051.10","489,789.00",445919,52.90
10/17/2023 16:00,"25,511,395.20","518,034.20",445875,52.90
10/17/2023 17:00,"25,015,066.50","517,962.50",445863,52.80
10/17/2023 18:00,"22,120,823.10","417,588.80",445886,52.40
10/17/2023 19:00,"18,293,254.00","304,001.10",445787,52.40
10/17/2023 20:00,"14,988,143.30","231,814.70",445692,52.40
10/17/2023 21:00,"12,369,975.60","186,126.40",445727,52.40
10/17/2023 22:00,"9,624,363.20","144,914.60",445702,52.40
10/17/2023 23:00,"6,803,820.30","102,990.00",445738,52.50
10/18/2023 0:00,"4,832,018.80","73,351.00",445727,52.70
10/18/2023 1:00,"3,703,121.80","56,432.80",445706,52.60
10/18/2023 2:00,"3,554,589.40","54,229.00",445701,52.60
10/18/2023 3:00,"4,665,601.10","70,646.70",445717,52.60
10/18/2023 4:00,"8,522,074.50","127,646.50",445682,52.50
10/18/2023 5:00,"15,459,136.00","232,868.90",445651,52.50
10/18/2023 6:00,"20,808,911.00","362,071.90",445636,52.80
10/18/2023 7:00,"24,431,240.30","467,948.30",445726,52.80
10/18/2023 8:00,"23,806,022.70","475,872.00",445646,53.00
10/18/2023 9:00,"21,907,271.20","408,061.80",445666,53.00
10/18/2023 10:00,"21,422,157.40","373,942.50",445671,53.10
10/18/2023 11:00,"21,562,537.30","366,893.20",445692,53.00
10/18/2023 12:00,"22,470,163.50","379,223.50",445707,53.10
10/18/2023 13:00,"23,447,128.40","399,196.70",445651,52.90
10/18/2023 14:00,"25,158,220.70","447,276.00",445666,52.90
10/18/2023 15:00,"25,857,006.90","498,110.20",445419,52.70
10/18/2023 16:00,"25,810,679.00","528,250.60",445706,52.90
10/18/2023 17:00,"25,208,794.70","528,212.60",445671,52.90
10/18/2023 18:00,"22,437,115.20","428,077.50",445661,52.90
10/18/2023 19:00,"18,699,422.70","315,551.90",445701,52.80
10/18/2023 20:00,"15,655,902.30","243,914.20",445661,52.80
10/18/2023 21:00,"13,065,184.60","196,782.50",445711,52.90
10/18/2023 22:00,"10,093,468.00","152,237.30",445686,52.90
10/18/2023 23:00,"7,199,692.20","109,067.40",445471,52.90
10/19/2023 0:00,"5,059,420.50","76,621.40",445777,53.30
10/19/2023 1:00,"3,882,170.80","59,140.40",445706,53.30
10/19/2023 2:00,"3,721,837.80","56,848.60",445711,53.20
10/19/2023 3:00,"4,744,334.30","71,986.70",445691,53.20
10/19/2023 4:00,"8,588,934.40","129,280.00",445676,53.10
10/19/2023 5:00,"15,391,262.70","232,121.30",445706,53.10
10/19/2023 6:00,"20,833,438.10","359,331.80",445656,53.00
10/19/2023 7:00,"24,440,440.60","465,771.80",445736,53.00
10/19/2023 8:00,"23,986,097.60","475,142.80",445707,53.10
10/19/2023 9:00,"22,385,237.50","413,057.00",445681,53.20
10/19/2023 10:00,"21,914,157.30","380,109.40",445676,53.10
10/19/2023 11:00,"22,347,929.40","381,047.10",445707,52.90
10/19/2023 12:00,"23,213,421.50","393,661.40",445696,52.80
10/19/2023 13:00,"24,213,951.70","415,495.70",445707,52.80
10/19/2023 14:00,"25,663,375.70","464,966.50",445676,52.90
10/19/2023 15:00,"26,189,785.20","519,021.80",445661,52.90
10/19/2023 16:00,"26,115,953.80","549,198.20",445661,52.90
10/19/2023 17:00,"25,650,775.00","550,574.90",445641,52.70
10/19/2023 18:00,"23,181,638.90","454,313.10",445721,52.60
10/19/2023 19:00,"19,849,036.20","339,122.00",445681,52.60
10/19/2023 20:00,"16,800,566.20","263,660.50",445681,52.60
10/19/2023 21:00,"14,250,507.00","215,222.50",445671,52.60
10/19/2023 22:00,"11,282,370.60","169,688.90",445666,52.70
10/19/2023 23:00,"7,985,660.10","120,521.10",445399,53.10
10/20/2023 0:00,"5,597,677.20","84,588.40",444211,53.70
10/20/2023 1:00,"4,276,573.50","65,020.30",444071,53.50
10/20/2023 2:00,"3,967,563.00","60,492.80",444112,53.70
10/20/2023 3:00,"4,828,197.70","73,247.60",444096,53.60
10/20/2023 4:00,"8,368,499.90","125,652.90",444096,53.50
10/20/2023 5:00,"14,748,781.70","220,721.40",444101,53.50
10/20/2023 6:00,"20,041,855.50","332,354.80",444116,53.40
10/20/2023 7:00,"23,859,238.40","418,674.90",444117,53.50
10/20/2023 8:00,"23,852,936.80","421,574.00",444091,53.60
10/20/2023 9:00,"22,633,470.80","384,123.70",444111,53.60
10/20/2023 10:00,"22,977,479.10","388,837.30",444121,53.60
10/20/2023 11:00,"24,002,381.00","411,140.40",444187,53.50
10/20/2023 12:00,"24,939,253.30","436,650.40",444147,53.50
10/20/2023 13:00,"25,730,122.80","466,730.50",444163,53.50
10/20/2023 14:00,"26,641,613.80","513,357.50",443890,53.50
10/20/2023 15:00,"26,654,850.60","550,160.00",443884,53.50
10/20/2023 16:00,"26,456,431.30","553,662.20",444116,53.50
10/20/2023 17:00,"26,080,984.40","528,539.20",444136,53.40
10/20/2023 18:00,"24,408,940.20","454,359.30",444106,53.40
10/20/2023 19:00,"21,528,650.30","365,042.40",444138,53.40
10/20/2023 20:00,"18,361,576.60","291,036.30",444177,53.40
10/20/2023 21:00,"16,343,007.60","248,192.50",444194,53.40
10/20/2023 22:00,"14,021,621.70","210,686.30",443924,53.40
10/20/2023 23:00,"10,488,760.50","157,634.90",443920,53.40
10/21/2023 0:00,"7,331,954.40","110,430.50",443942,53.50
10/21/2023 1:00,"5,326,206.50","80,304.40",444151,53.50
10/21/2023 2:00,"4,532,338.90","68,343.20",443915,53.50
10/21/2023 3:00,"4,163,746.80","63,043.60",444174,53.50
10/21/2023 4:00,"5,054,186.90","76,318.10",443930,53.50
10/21/2023 5:00,"7,547,907.60","113,223.10",443896,53.40
10/21/2023 6:00,"11,398,921.70","173,917.40",443992,53.40
10/21/2023 7:00,"15,526,709.30","238,459.00",443924,53.50
10/21/2023 8:00,"19,418,105.40","301,173.80",444175,53.60
10/21/2023 9:00,"22,426,181.50","354,321.40",443961,53.60
10/21/2023 10:00,"24,239,298.70","396,134.10",444136,53.40
10/21/2023 11:00,"25,188,486.90","424,307.40",443934,53.40
10/21/2023 12:00,"25,536,824.70","439,217.30",444176,53.40
10/21/2023 13:00,"25,646,039.10","445,870.40",444130,53.40
10/21/2023 14:00,"25,675,374.20","450,797.40",444127,53.40
10/21/2023 15:00,"25,441,010.60","449,216.20",443855,52.60
10/21/2023 16:00,"25,107,126.20","442,893.70",444153,53.50
10/21/2023 17:00,"24,361,940.60","426,027.50",443941,53.30
10/21/2023 18:00,"22,717,717.60","388,342.80",444189,53.20
10/21/2023 19:00,"20,376,223.20","334,107.90",443886,53.30
10/21/2023 20:00,"17,921,585.30","278,136.90",443936,53.40
10/21/2023 21:00,"16,657,784.30","250,148.60",444176,53.50
10/21/2023 22:00,"14,938,410.90","223,310.70",444131,53.40
10/21/2023 23:00,"11,646,678.70","174,170.10",443885,53.40
10/22/2023 0:00,"8,190,393.40","122,210.80",443874,53.50
10/22/2023 1:00,"5,667,076.80","84,959.70",444132,53.50
10/22/2023 2:00,"4,512,820.60","67,865.60",443894,53.50
10/22/2023 3:00,"3,636,154.90","54,858.90",444117,53.50
10/22/2023 4:00,"3,733,413.00","56,268.20",444096,53.40
10/22/2023 5:00,"5,004,304.50","75,033.60",444146,53.40
10/22/2023 6:00,"7,296,516.40","109,358.80",444056,53.40
10/22/2023 7:00,"10,041,177.60","150,453.40",444166,53.30
10/22/2023 8:00,"13,758,071.50","207,596.80",444126,53.40
10/22/2023 9:00,"18,385,025.90","281,426.20",444131,53.40
10/22/2023 10:00,"21,873,399.20","343,680.70",444166,53.50
10/22/2023 11:00,"23,624,950.60","383,599.10",444126,53.50
10/22/2023 12:00,"24,584,560.70","409,934.70",444086,53.40
10/22/2023 13:00,"25,076,252.90","423,531.50",444086,53.40
10/22/2023 14:00,"24,909,041.70","426,042.40",444116,53.40
10/22/2023 15:00,"24,587,116.40","417,289.20",444141,53.40
10/22/2023 16:00,"24,172,848.90","406,568.60",444086,53.40
10/22/2023 17:00,"23,464,891.80","393,521.80",444166,53.30
10/22/2023 18:00,"21,986,443.60","367,372.10",444106,53.30
10/22/2023 19:00,"19,959,739.00","329,147.20",444091,53.30
10/22/2023 20:00,"17,590,988.30","280,927.30",444101,53.30
10/22/2023 21:00,"14,601,758.80","220,345.70",444156,53.40
10/22/2023 22:00,"11,054,027.70","165,382.30",444171,53.40
10/22/2023 23:00,"7,607,308.70","113,965.00",444111,53.40
10/23/2023 0:00,"5,263,376.20","79,093.80",444136,53.80
10/23/2023 1:00,"3,862,561.50","58,466.70",444111,53.70
10/23/2023 2:00,"3,568,127.50","54,270.60",444116,53.60
10/23/2023 3:00,"4,677,835.90","70,863.20",444160,53.50
10/23/2023 4:00,"8,492,917.60","127,672.80",444097,53.50
10/23/2023 5:00,"14,999,865.30","228,099.70",444137,53.50
10/23/2023 6:00,"20,056,258.50","344,187.30",444108,53.40
10/23/2023 7:00,"23,787,972.90","440,566.70",444147,53.40
10/23/2023 8:00,"23,402,503.50","438,790.20",444111,53.40
10/23/2023 9:00,"21,451,963.10","374,742.50",444101,53.50
10/23/2023 10:00,"21,237,959.50","356,829.50",444111,53.60
10/23/2023 11:00,"21,633,308.00","360,018.60",444106,53.70
10/23/2023 12:00,"22,443,945.70","373,418.40",444161,53.60
10/23/2023 13:00,"23,255,229.30","389,452.60",444096,53.60
10/23/2023 14:00,"25,004,954.40","427,934.00",444101,53.60
10/23/2023 15:00,"25,785,587.40","472,121.00",444142,53.60
10/23/2023 16:00,"25,715,175.80","493,685.60",444116,53.50
10/23/2023 17:00,"25,117,378.60","480,057.00",444116,53.50
10/23/2023 18:00,"21,584,716.50","375,195.30",444126,53.50
10/23/2023 19:00,"17,223,079.90","273,482.10",444137,53.50
10/23/2023 20:00,"14,157,059.20","217,059.70",444126,53.60
10/23/2023 21:00,"11,860,863.80","178,321.40",444131,53.50
10/23/2023 22:00,"9,196,736.50","139,148.10",444086,53.50
10/23/2023 23:00,"6,620,642.10","100,457.50",444131,53.50
10/24/2023 0:00,"4,707,540.90","71,551.50",444131,53.60
10/24/2023 1:00,"3,662,461.30","55,970.70",444091,53.70
10/24/2023 2:00,"3,528,389.60","54,081.90",444101,53.60
10/24/2023 3:00,"4,652,082.10","70,784.40",444171,53.50
10/24/2023 4:00,"8,510,631.40","127,712.30",444076,53.40
10/24/2023 5:00,"15,332,181.20","230,269.90",444086,53.40
10/24/2023 6:00,"20,743,242.70","359,290.90",444071,53.40
10/24/2023 7:00,"24,208,321.30","462,089.50",444091,53.30
10/24/2023 8:00,"23,682,657.00","472,532.00",444151,53.40
10/24/2023 9:00,"21,868,312.10","404,713.20",444126,53.50
10/24/2023 10:00,"21,150,065.60","364,518.90",444109,53.50
10/24/2023 11:00,"21,170,068.00","355,849.20",444031,53.40
10/24/2023 12:00,"21,958,005.70","365,948.90",444057,53.40
10/24/2023 13:00,"22,991,224.30","386,916.90",444035,53.40
10/24/2023 14:00,"24,810,817.80","434,360.30",444069,53.40
10/24/2023 15:00,"25,604,118.20","488,244.20",444054,53.40
10/24/2023 16:00,"25,711,063.20","521,885.00",444055,53.10
10/24/2023 17:00,"25,191,603.00","521,961.00",444044,53.30
10/24/2023 18:00,"22,253,591.50","422,138.50",444055,53.30
10/24/2023 19:00,"18,208,127.10","302,494.30",444049,53.40
10/24/2023 20:00,"14,945,545.10","231,128.90",444055,53.40
10/24/2023 21:00,"12,376,986.80","185,717.60",444029,53.40
10/24/2023 22:00,"9,661,867.70","145,656.60",444065,53.40
10/24/2023 23:00,"6,888,913.30","104,437.50",444056,53.50
10/25/2023 0:00,"4,809,225.10","72,875.00",444070,53.50
10/25/2023 1:00,"3,696,728.40","56,302.60",444066,53.50
10/25/2023 2:00,"3,576,202.10","54,541.30",444059,53.50
10/25/2023 3:00,"4,659,182.50","70,464.20",444042,53.40
10/25/2023 4:00,"8,530,841.50","127,671.80",444091,53.30
10/25/2023 5:00,"15,368,854.60","231,493.80",444026,53.30
10/25/2023 6:00,"20,497,120.80","357,056.40",443999,53.10
10/25/2023 7:00,"24,034,121.10","462,903.00",444059,53.10
10/25/2023 8:00,"23,604,407.70","468,010.50",444138,53.10
10/25/2023 9:00,"21,787,822.10","398,924.70",444019,53.20
10/25/2023 10:00,"21,140,455.80","364,184.30",444064,53.20
10/25/2023 11:00,"21,309,835.20","359,508.20",444054,52.90
10/25/2023 12:00,"22,228,146.10","372,554.70",443999,53.20
10/25/2023 13:00,"23,432,528.90","393,918.00",443950,52.50
10/25/2023 14:00,"25,178,000.10","439,547.70",444384,49.40
10/25/2023 15:00,"26,029,943.90","493,101.70",444366,52.20
10/25/2023 16:00,"26,004,149.80","524,177.40",444366,48.80
10/25/2023 17:00,"25,574,875.30","527,103.00",444306,45.00
10/25/2023 18:00,"22,631,858.40","427,515.00",444318,45.00
10/25/2023 19:00,"18,702,994.70","311,668.40",444294,45.00
10/25/2023 20:00,"15,505,767.40","240,469.20",444324,45.00
10/25/2023 21:00,"13,041,942.20","195,312.20",444306,45.00
10/25/2023 22:00,"10,009,993.10","149,793.40",444324,45.00
10/25/2023 23:00,"7,027,712.70","105,849.90",444078,45.00
10/26/2023 0:00,"4,982,949.90","75,424.20",444233,45.40
10/26/2023 1:00,"3,870,428.70","59,041.50",444318,45.30
10/26/2023 2:00,"3,721,261.90","56,739.70",444324,45.30
10/26/2023 3:00,"4,753,884.30","71,882.00",444078,45.30
10/26/2023 4:00,"8,590,736.20","128,778.80",444003,45.20
10/26/2023 5:00,"15,503,260.30","232,672.60",444310,45.20
10/26/2023 6:00,"20,992,541.40","359,710.60",444330,45.10
10/26/2023 7:00,"24,592,759.00","461,438.60",444312,45.10
10/26/2023 8:00,"24,068,146.70","469,713.40",444294,45.10
10/26/2023 9:00,"22,415,698.20","409,685.00",444312,52.80
10/26/2023 10:00,"21,899,320.30","376,995.70",444270,53.50
10/26/2023 11:00,"22,167,172.10","375,233.60",444269,53.50
10/26/2023 12:00,"23,023,518.30","387,853.80",444339,52.90
10/26/2023 13:00,"24,132,197.40","411,860.00",444297,53.50
10/26/2023 14:00,"25,621,502.90","460,883.00",444286,53.50
10/26/2023 15:00,"26,138,628.20","516,166.20",444253,53.50
10/26/2023 16:00,"26,169,091.10","548,209.50",444299,53.50
10/26/2023 17:00,"25,646,726.60","556,163.40",444292,53.50
10/26/2023 18:00,"23,281,324.00","464,090.00",444289,53.50
10/26/2023 19:00,"19,813,383.80","342,283.90",444260,53.50
10/26/2023 20:00,"16,695,010.60","262,551.10",444267,53.50
10/26/2023 21:00,"14,185,547.60","213,386.00",444255,53.50
10/26/2023 22:00,"11,187,914.60","168,929.50",444296,53.50
10/26/2023 23:00,"8,072,474.20","122,121.70",444060,53.60
10/27/2023 0:00,"5,719,258.50","86,793.50",444251,54.20
10/27/2023 1:00,"4,356,871.60","66,603.80",444265,54.20
10/27/2023 2:00,"4,036,173.70","61,822.20",444066,54.30
10/27/2023 3:00,"4,875,822.60","74,040.00",444311,54.20
10/27/2023 4:00,"8,277,700.30","124,186.00",444149,54.00
10/27/2023 5:00,"14,538,663.70","216,905.20",444218,54.00
10/27/2023 6:00,"19,894,548.30","327,843.00",443929,53.90
10/27/2023 7:00,"23,720,491.70","410,612.30",444230,53.90
10/27/2023 8:00,"23,660,824.20","409,005.50",444137,54.00
10/27/2023 9:00,"22,421,101.30","376,492.60",443910,54.00
10/27/2023 10:00,"22,801,758.60","382,573.10",444174,54.10
10/27/2023 11:00,"23,814,209.60","404,206.50",444169,53.70
10/27/2023 12:00,"24,816,101.10","428,204.20",444182,53.90
10/27/2023 13:00,"25,733,441.80","459,263.80",444157,54.00
10/27/2023 14:00,"26,494,268.70","502,871.20",444272,54.00
10/27/2023 15:00,"26,580,267.60","541,961.30",444212,49.30
10/27/2023 16:00,"26,456,038.80","551,844.00",444262,54.00
10/27/2023 17:00,"26,137,116.10","529,134.00",444229,53.90
10/27/2023 18:00,"24,262,418.60","450,998.70",444202,54.00
10/27/2023 19:00,"21,352,330.60","361,242.10",444257,54.00
10/27/2023 20:00,"18,290,605.30","289,864.80",444242,54.00
10/27/2023 21:00,"16,342,876.70","247,107.90",444243,54.00
10/27/2023 22:00,"13,855,951.60","208,782.70",444242,54.00
10/27/2023 23:00,"10,360,993.50","157,107.20",444025,54.00
10/28/2023 0:00,"7,364,028.10","111,188.40",444347,53.20
10/28/2023 1:00,"5,462,141.60","82,518.70",444767,53.20
10/28/2023 2:00,"4,767,707.50","72,072.80",444864,53.20
10/28/2023 3:00,"4,393,134.30","66,577.40",444612,53.20
10/28/2023 4:00,"5,115,671.40","77,245.70",444678,53.10
10/28/2023 5:00,"7,415,181.20","111,203.20",444753,53.10
10/28/2023 6:00,"11,098,734.00","169,279.80",444815,53.00
10/28/2023 7:00,"15,038,709.70","230,199.60",444845,53.00
10/28/2023 8:00,"18,839,951.00","290,563.60",444876,53.10
10/28/2023 9:00,"21,871,983.20","341,916.20",444850,53.20
10/28/2023 10:00,"23,852,961.20","384,468.20",444830,53.30
10/28/2023 11:00,"24,971,896.40","411,819.00",444864,53.20
10/28/2023 12:00,"25,370,045.60","427,407.70",444870,53.20
10/28/2023 13:00,"25,468,564.30","435,165.30",444870,53.20
10/28/2023 14:00,"25,623,196.40","441,885.50",444864,53.20
10/28/2023 15:00,"25,461,096.60","440,765.00",444864,53.20
10/28/2023 16:00,"25,038,487.60","434,042.00",444864,53.20
10/28/2023 17:00,"24,450,745.50","420,877.90",444864,53.20
10/28/2023 18:00,"22,999,587.50","390,284.50",444844,53.20
10/28/2023 19:00,"20,378,152.60","331,181.70",444805,53.10
10/28/2023 20:00,"17,942,964.30","278,682.80",444824,53.10
10/28/2023 21:00,"16,510,243.40","247,451.60",444552,53.10
10/28/2023 22:00,"14,693,909.40","219,285.50",444612,53.10
10/28/2023 23:00,"11,632,401.70","173,998.80",444618,53.10
10/29/2023 0:00,"8,468,999.40","126,344.40",444487,53.00
10/29/2023 1:00,"6,116,224.30","91,638.90",444870,53.00
10/29/2023 2:00,"5,001,854.20","75,130.50",444870,53.00
10/29/2023 3:00,"4,080,495.10","61,431.30",444864,53.00
10/29/2023 4:00,"3,880,605.60","58,502.20",444810,53.00
10/29/2023 5:00,"4,942,814.60","74,112.50",444667,52.90
10/29/2023 6:00,"7,085,103.00","106,458.70",444844,52.90
10/29/2023 7:00,"9,699,456.30","145,640.40",444606,52.90
10/29/2023 8:00,"13,349,532.00","201,735.70",444864,52.90
10/29/2023 9:00,"17,920,344.70","274,788.70",444870,52.90
10/29/2023 10:00,"21,473,828.10","335,287.10",444864,52.70
10/29/2023 11:00,"23,372,420.00","374,207.60",444870,52.70
10/29/2023 12:00,"24,535,921.30","402,917.20",444833,52.60
10/29/2023 13:00,"24,940,974.50","413,346.50",444870,52.60
10/29/2023 14:00,"24,762,944.90","413,027.30",444870,52.60
10/29/2023 15:00,"24,436,414.20","407,430.90",444870,52.60
10/29/2023 16:00,"24,103,034.50","399,245.20",444876,52.60
10/29/2023 17:00,"23,453,295.40","388,933.50",444870,52.60
10/29/2023 18:00,"22,112,060.00","364,949.20",444825,52.60
10/29/2023 19:00,"20,045,497.50","325,313.80",444748,52.50
10/29/2023 20:00,"17,530,933.00","277,489.60",444425,52.50
10/29/2023 21:00,"14,858,520.80","223,615.90",444477,52.50
10/29/2023 22:00,"11,291,503.90","168,947.40",444793,52.60
10/29/2023 23:00,"7,797,819.20","116,917.50",444810,52.60
10/30/2023 0:00,"5,274,474.20","79,173.00",444763,52.30
10/30/2023 1:00,"3,852,332.20","58,299.30",444870,52.10
10/30/2023 2:00,"3,585,842.00","54,426.90",444864,52.30
10/30/2023 3:00,"4,632,552.30","69,888.80",444850,52.20
10/30/2023 4:00,"8,434,835.30","125,894.10",444598,52.20
10/30/2023 5:00,"14,910,177.60","224,901.10",444870,52.10
10/30/2023 6:00,"20,064,520.00","340,248.50",444876,52.00
10/30/2023 7:00,"23,560,783.70","430,911.10",444870,51.80
10/30/2023 8:00,"23,143,265.20","433,963.60",444876,52.00
10/30/2023 9:00,"21,469,801.20","376,950.60",444870,52.00
10/30/2023 10:00,"20,991,911.30","353,421.60",444618,52.00
10/30/2023 11:00,"21,517,762.70","358,699.60",444864,52.00
10/30/2023 12:00,"22,347,425.30","371,362.80",444870,52.00
10/30/2023 13:00,"23,228,387.60","389,076.00",444864,52.00
10/30/2023 14:00,"24,931,538.20","430,672.60",444870,52.00
10/30/2023 15:00,"25,704,485.30","478,734.80",444870,52.00
10/30/2023 16:00,"25,597,282.90","497,579.10",444870,52.00
10/30/2023 17:00,"25,013,781.90","485,023.90",444864,51.90
10/30/2023 18:00,"21,728,916.20","384,644.20",444870,51.90
10/30/2023 19:00,"17,459,570.90","279,474.50",444789,51.80
10/30/2023 20:00,"14,282,653.40","219,347.80",444598,51.80
10/30/2023 21:00,"11,925,700.00","179,215.00",444864,51.90
10/30/2023 22:00,"9,268,241.30","139,296.50",444593,51.80
10/30/2023 23:00,"6,626,498.60","100,027.90",444606,51.90
10/31/2023 0:00,"4,643,987.90","70,212.50",444770,52.40
10/31/2023 1:00,"3,615,981.00","55,083.70",444618,52.40
10/31/2023 2:00,"3,506,643.00","53,606.90",444864,52.40
10/31/2023 3:00,"4,573,323.70","69,211.50",444870,52.20
10/31/2023 4:00,"8,305,502.10","124,156.80",444552,52.20
10/31/2023 5:00,"15,032,685.00","224,687.50",444870,52.10
10/31/2023 6:00,"20,442,134.20","348,340.60",444858,52.10
10/31/2023 7:00,"23,937,329.20","444,240.30",444864,52.10
10/31/2023 8:00,"23,269,748.00","441,257.80",444876,52.20
10/31/2023 9:00,"21,271,749.80","373,636.20",444876,52.30
10/31/2023 10:00,"20,539,586.60","346,633.10",444864,52.30
10/31/2023 11:00,"20,699,691.10","344,430.60",444870,52.30
10/31/2023 12:00,"21,696,101.80","360,250.80",444864,52.30
10/31/2023 13:00,"22,887,959.50","381,926.70",444864,52.30
10/31/2023 14:00,"24,645,682.40","431,788.30",444870,52.30
10/31/2023 15:00,"25,587,964.80","496,775.00",444870,52.20
10/31/2023 16:00,"25,403,559.20","531,164.20",444624,52.20
10/31/2023 17:00,"24,452,112.00","518,949.60",444864,52.20
10/31/2023 18:00,"21,082,657.20","396,631.50",444844,52.20
10/31/2023 19:00,"16,553,966.20","267,266.60",444604,52.30
10/31/2023 20:00,"14,547,136.00","222,071.60",444900,52.30
10/31/2023 21:00,"13,206,340.30","197,415.50",444630,49.40
10/31/2023 22:00,"10,347,500.80","155,052.30",444888,52.30
10/31/2023 23:00,"7,301,586.10","109,564.60",444654,52.40
11/1/2023 0:00,"5,222,305.80","78,601.70",444906,52.70
11/1/2023 1:00,"4,048,222.90","61,270.10",444924,52.80
11/1/2023 2:00,"3,846,456.30","58,295.90",444672,52.70
11/1/2023 3:00,"4,771,389.70","71,987.10",444918,52.70
11/1/2023 4:00,"8,534,444.50","127,103.40",444924,52.60
11/1/2023 5:00,"15,292,745.20","228,353.60",444918,52.50
11/1/2023 6:00,"20,717,679.50","353,574.40",444918,52.40
11/1/2023 7:00,"24,298,343.30","453,547.60",444906,52.40
11/1/2023 8:00,"23,712,143.30","460,166.50",444894,52.50
11/1/2023 9:00,"22,027,790.20","396,961.70",444912,52.60
11/1/2023 10:00,"21,444,312.20","367,105.10",444843,52.60
11/1/2023 11:00,"21,632,889.20","364,602.30",444832,52.60
11/1/2023 12:00,"22,477,752.80","377,067.10",444720,52.60
11/1/2023 13:00,"23,480,564.50","396,184.80",444437,52.60
11/1/2023 14:00,"25,100,560.20","439,829.10",444684,52.60
11/1/2023 15:00,"25,841,891.60","490,252.60",444689,52.50
11/1/2023 16:00,"25,811,312.70","520,688.20",444636,52.50
11/1/2023 17:00,"25,363,382.60","521,182.40",444596,52.50
11/1/2023 18:00,"22,522,641.20","424,800.00",444662,52.40
11/1/2023 19:00,"18,359,975.70","305,252.60",444630,52.50
11/1/2023 20:00,"15,278,351.90","235,844.90",444580,52.50
11/1/2023 21:00,"12,809,198.70","192,055.40",444525,52.40
11/1/2023 22:00,"9,933,139.90","149,023.50",444308,52.50
11/1/2023 23:00,"7,100,615.30","107,133.30",444585,52.60
11/2/2023 0:00,"5,013,412.30","75,944.20",444560,52.90
11/2/2023 1:00,"3,797,726.80","58,011.90",444550,53.00
11/2/2023 2:00,"3,617,885.10","55,275.70",444550,53.00
11/2/2023 3:00,"4,692,243.00","71,110.00",444560,52.80
11/2/2023 4:00,"8,475,229.30","126,821.90",444328,52.80
11/2/2023 5:00,"15,363,068.80","229,548.70",444560,52.80
11/2/2023 6:00,"20,794,389.40","355,917.60",444535,52.70
11/2/2023 7:00,"24,276,058.30","454,330.10",444575,52.70
11/2/2023 8:00,"24,011,134.90","466,310.20",444575,52.90
11/2/2023 9:00,"22,083,953.60","400,180.20",444545,52.90
11/2/2023 10:00,"21,612,805.00","369,954.60",444560,52.90
11/2/2023 11:00,"22,015,113.40","371,643.90",444600,52.80
11/2/2023 12:00,"22,934,043.60","386,258.80",444555,52.90
11/2/2023 13:00,"23,933,755.20","407,253.10",444288,52.90
11/2/2023 14:00,"25,373,578.10","452,521.60",444318,52.90
11/2/2023 15:00,"26,061,943.80","508,874.90",444570,52.80
11/2/2023 16:00,"26,023,607.60","538,106.50",444560,52.80
11/2/2023 17:00,"25,684,553.50","542,621.00",444580,52.70
11/2/2023 18:00,"23,013,219.00","445,902.20",444570,52.50
11/2/2023 19:00,"19,205,441.00","324,314.20",444303,52.60
11/2/2023 20:00,"16,137,484.30","252,319.20",444590,52.70
11/2/2023 21:00,"13,796,150.90","207,656.40",444368,52.70
11/2/2023 22:00,"10,858,183.40","162,909.40",444585,52.60
11/2/2023 23:00,"7,856,087.90","118,415.90",444308,52.70
11/3/2023 0:00,"5,442,803.60","82,250.40",444570,53.40
11/3/2023 1:00,"4,082,537.70","62,334.60",444575,53.30
11/3/2023 2:00,"3,848,754.50","58,796.00",444293,53.30
11/3/2023 3:00,"4,753,793.10","72,297.30",444585,53.20
11/3/2023 4:00,"8,189,843.30","122,737.80",444545,53.20
11/3/2023 5:00,"14,550,753.30","217,879.60",444595,53.00
11/3/2023 6:00,"19,868,667.80","328,618.30",444570,53.00
11/3/2023 7:00,"23,660,178.60","412,687.10",444590,52.90
11/3/2023 8:00,"23,553,127.70","418,944.50",444590,53.00
11/3/2023 9:00,"22,262,473.60","380,383.00",444555,53.00
11/3/2023 10:00,"22,558,843.80","381,392.70",444565,53.00
11/3/2023 11:00,"23,588,307.60","401,649.20",444570,52.90
11/3/2023 12:00,"24,597,049.00","427,418.60",444565,53.00
11/3/2023 13:00,"25,490,573.40","456,648.40",444565,53.00
11/3/2023 14:00,"26,527,353.70","500,801.30",444545,53.10
11/3/2023 15:00,"26,656,970.50","538,275.10",444560,53.00
11/3/2023 16:00,"26,323,907.10","542,399.70",444575,53.00
11/3/2023 17:00,"26,058,174.50","526,004.20",444600,52.90
11/3/2023 18:00,"24,207,346.10","447,016.40",444555,52.90
11/3/2023 19:00,"21,084,882.40","352,512.30",444585,52.90
11/3/2023 20:00,"17,901,174.80","278,493.10",444590,53.00
11/3/2023 21:00,"15,811,609.70","236,386.60",444597,53.10
11/3/2023 22:00,"13,403,811.80","200,867.10",444570,53.10
11/3/2023 23:00,"10,040,363.40","150,964.10",444595,53.10
11/4/2023 0:00,"7,001,230.10","105,440.30",444555,54.30
11/4/2023 1:00,"5,064,222.90","76,690.10",444590,54.30
11/4/2023 2:00,"4,269,285.60","64,845.40",444339,54.30
11/4/2023 3:00,"3,996,386.40","60,878.50",444630,54.30
11/4/2023 4:00,"4,955,333.50","74,976.10",444540,54.20
11/4/2023 5:00,"7,420,421.60","111,131.70",444570,54.10
11/4/2023 6:00,"11,192,386.60","170,281.50",444565,54.10
11/4/2023 7:00,"15,271,188.20","234,166.60",444570,54.10
11/4/2023 8:00,"19,023,520.00","294,307.60",444610,54.20
11/4/2023 9:00,"21,962,563.10","345,451.60",444580,54.20
11/4/2023 10:00,"23,770,693.00","384,768.70",444565,54.20
11/4/2023 11:00,"24,921,859.30","413,504.80",444565,54.20
11/4/2023 12:00,"25,454,584.20","430,915.90",444625,54.10
11/4/2023 13:00,"25,526,187.30","436,527.80",444580,54.10
11/4/2023 14:00,"25,440,178.60","439,670.00",444545,54.10
11/4/2023 15:00,"25,092,763.00","435,749.00",444581,54.20
11/4/2023 16:00,"24,740,115.50","429,438.40",444343,54.20
11/4/2023 17:00,"24,060,058.30","413,621.90",444333,54.20
11/4/2023 18:00,"22,342,990.40","378,452.30",444585,54.10
11/4/2023 19:00,"19,520,093.90","316,055.00",444570,54.00
11/4/2023 20:00,"17,092,243.90","265,292.30",444575,54.10
11/4/2023 21:00,"15,908,748.00","238,932.00",444585,54.10
11/4/2023 22:00,"14,211,498.80","212,539.70",444540,54.20
11/4/2023 23:00,"11,096,694.80","165,829.50",444358,54.20
11/5/2023 0:00,"7,695,998.00","115,175.30",444597,54.50
11/5/2023 1:00,"5,101,834.00","76,606.90",441536,54.30
11/5/2023 2:00,"3,345,288.70","50,550.90",444565,50.00
11/5/2023 3:00,"3,020,577.90","45,663.50",444560,54.40
11/5/2023 4:00,"3,524,241.30","53,192.20",444328,54.40
11/5/2023 5:00,"5,070,057.60","75,889.80",444645,54.30
11/5/2023 6:00,"7,775,483.80","115,699.90",444595,54.30
11/5/2023 7:00,"10,791,226.80","160,957.50",444587,54.30
11/5/2023 8:00,"14,703,187.80","221,111.50",444597,54.40
11/5/2023 9:00,"19,049,811.60","291,228.00",444665,54.40
11/5/2023 10:00,"22,079,334.50","345,352.30",444600,54.30
11/5/2023 11:00,"23,473,294.60","376,555.10",444600,54.40
11/5/2023 12:00,"24,173,787.80","394,446.90",444662,54.40
11/5/2023 13:00,"24,437,328.20","403,971.40",444610,54.40
11/5/2023 14:00,"24,374,346.30","404,722.80",444595,54.40
11/5/2023 15:00,"23,990,117.50","398,316.00",444585,54.40
11/5/2023 16:00,"23,483,465.70","390,715.40",444560,54.30
11/5/2023 17:00,"22,978,681.20","390,040.10",444555,54.30
11/5/2023 18:00,"20,950,092.20","350,457.30",444273,54.30
11/5/2023 19:00,"18,588,804.90","299,753.00",444545,54.30
11/5/2023 20:00,"16,077,384.30","254,745.30",444480,54.30
11/5/2023 21:00,"13,479,460.50","203,727.30",444565,54.30
11/5/2023 22:00,"10,136,059.30","152,476.70",444540,54.30
11/5/2023 23:00,"7,130,911.60","107,183.80",444278,54.40
11/6/2023 0:00,"4,930,143.40","74,144.60",444495,54.10
11/6/2023 1:00,"3,696,375.60","55,987.10",444495,54.10
11/6/2023 2:00,"3,430,347.00","52,166.60",444520,54.10
11/6/2023 3:00,"4,575,137.60","69,179.30",444485,54.00
11/6/2023 4:00,"8,544,356.20","127,909.10",444525,54.10
11/6/2023 5:00,"15,312,154.00","231,539.40",444510,54.00
11/6/2023 6:00,"20,777,240.80","358,175.70",444511,54.00
11/6/2023 7:00,"24,104,667.80","459,788.20",444535,53.00
11/6/2023 8:00,"23,463,066.70","457,090.70",444570,53.00
11/6/2023 9:00,"21,618,141.90","384,267.40",444550,53.00
11/6/2023 10:00,"21,296,690.70","362,824.40",444520,52.90
11/6/2023 11:00,"21,476,310.10","359,162.90",444530,52.90
11/6/2023 12:00,"22,175,521.90","368,449.10",444505,53.00
11/6/2023 13:00,"23,121,503.10","386,066.60",444475,53.00
11/6/2023 14:00,"24,745,873.40","425,868.10",444520,52.90
11/6/2023 15:00,"25,568,810.00","471,972.80",444515,52.70
11/6/2023 16:00,"25,445,470.40","495,832.40",444480,52.90
11/6/2023 17:00,"24,764,220.40","497,571.30",444525,52.90
11/6/2023 18:00,"20,911,714.90","379,935.70",444530,52.90
11/6/2023 19:00,"16,467,917.10","261,847.10",444537,52.90
11/6/2023 20:00,"13,374,362.00","205,977.50",444495,53.00
11/6/2023 21:00,"11,253,374.60","169,575.30",444510,52.90
11/6/2023 22:00,"8,781,354.60","132,163.20",444565,52.90
11/6/2023 23:00,"6,301,632.70","95,428.40",444268,52.90
11/7/2023 0:00,"4,484,293.60","68,199.70",444520,53.20
11/7/2023 1:00,"3,512,180.80","53,869.90",444590,53.20
11/7/2023 2:00,"3,454,176.80","53,057.20",444550,53.20
11/7/2023 3:00,"4,597,005.30","69,762.20",444535,53.10
11/7/2023 4:00,"8,530,280.80","127,954.90",444500,53.00
11/7/2023 5:00,"15,520,112.00","234,088.50",444485,52.90
11/7/2023 6:00,"21,194,265.20","370,109.20",444535,53.00
11/7/2023 7:00,"24,687,253.80","478,754.90",444485,53.00
11/7/2023 8:00,"23,758,375.70","480,047.00",444551,53.00
11/7/2023 9:00,"21,895,760.10","411,133.00",444505,53.10
11/7/2023 10:00,"21,210,971.70","368,535.80",444515,53.10
11/7/2023 11:00,"21,208,617.10","357,400.80",444515,53.10
11/7/2023 12:00,"21,951,810.70","365,824.20",444460,53.10
11/7/2023 13:00,"22,973,405.70","385,004.00",444713,53.10
11/7/2023 14:00,"24,858,402.90","434,331.10",444846,53.10
11/7/2023 15:00,"25,678,226.90","490,056.10",444834,53.00
11/7/2023 16:00,"25,593,095.10","524,856.40",444846,53.00
11/7/2023 17:00,"24,903,925.50","541,046.60",444870,52.70
11/7/2023 18:00,"21,556,155.30","429,569.40",444858,53.00
11/7/2023 19:00,"17,464,413.30","292,178.90",444858,53.10
11/7/2023 20:00,"14,254,843.80","220,285.40",444846,53.00
11/7/2023 21:00,"11,858,668.30","178,715.40",444821,53.00
11/7/2023 22:00,"9,300,423.60","140,268.40",444810,53.10
11/7/2023 23:00,"6,647,700.20","100,819.20",444606,53.10
11/8/2023 0:00,"4,714,952.60","71,418.50",444788,53.10
11/8/2023 1:00,"3,616,806.50","55,398.00",444840,53.10
11/8/2023 2:00,"3,518,276.60","53,943.40",444582,52.70
11/8/2023 3:00,"4,516,882.30","68,407.90",444828,44.70
11/8/2023 4:00,"8,558,394.00","128,517.70",444780,52.80
11/8/2023 5:00,"15,735,031.00","237,795.00",444800,52.90
11/8/2023 6:00,"21,381,977.90","369,673.20",444791,52.70
11/8/2023 7:00,"24,744,697.60","480,072.00",444846,52.30
11/8/2023 8:00,"23,879,924.00","484,228.00",444876,52.80
11/8/2023 9:00,"22,229,389.00","417,310.20",444822,52.80
11/8/2023 10:00,"21,542,105.50","374,713.00",444834,51.80
11/8/2023 11:00,"21,696,519.40","366,868.00",444852,51.80
11/8/2023 12:00,"22,406,729.10","376,327.30",444840,51.90
11/8/2023 13:00,"23,559,190.70","399,415.60",444864,52.00
11/8/2023 14:00,"25,167,239.80","448,111.40",444840,51.90
11/8/2023 15:00,"25,921,022.40","503,202.20",444846,51.60
11/8/2023 16:00,"25,760,424.10","537,315.60",444828,51.90
11/8/2023 17:00,"25,187,544.00","553,929.80",444840,51.90
11/8/2023 18:00,"22,187,593.20","447,578.60",444815,51.90
11/8/2023 19:00,"18,155,251.40","307,891.70",444817,51.90
11/8/2023 20:00,"15,159,588.10","235,802.60",444840,51.90
11/8/2023 21:00,"12,653,637.30","190,276.50",444785,51.90
11/8/2023 22:00,"9,816,315.90","147,747.40",444810,51.90
11/8/2023 23:00,"6,912,727.60","104,631.90",444828,52.00
11/9/2023 0:00,"4,825,598.60","73,213.00",444763,51.80
11/9/2023 1:00,"3,709,129.40","56,711.50",444803,51.80
11/9/2023 2:00,"3,609,499.20","55,364.60",444834,51.80
11/9/2023 3:00,"4,719,887.30","71,725.30",444809,51.70
11/9/2023 4:00,"8,596,438.30","129,228.70",444692,51.60
11/9/2023 5:00,"15,512,106.80","234,550.40",444822,51.60
11/9/2023 6:00,"21,084,503.90","363,336.70",444822,51.50
11/9/2023 7:00,"24,550,375.80","468,756.90",444834,51.70
11/9/2023 8:00,"23,837,264.40","470,854.30",444846,51.60
11/9/2023 9:00,"22,483,042.00","415,105.10",444852,51.70
11/9/2023 10:00,"22,157,379.30","386,112.50",444840,51.60
11/9/2023 11:00,"22,520,786.80","382,466.20",444840,51.60
11/9/2023 12:00,"23,430,820.10","396,523.90",444804,51.60
11/9/2023 13:00,"24,443,235.40","421,253.40",444814,51.60
11/9/2023 14:00,"25,941,382.70","473,237.20",444810,51.50
11/9/2023 15:00,"26,476,392.60","529,754.70",444834,51.60
11/9/2023 16:00,"26,324,606.00","565,246.00",444828,51.50
11/9/2023 17:00,"25,594,106.60","586,312.70",444834,51.50
11/9/2023 18:00,"23,130,624.60","483,031.80",444803,51.50
11/9/2023 19:00,"19,806,609.30","347,266.00",444796,51.50
11/9/2023 20:00,"17,013,375.50","271,264.20",444803,51.60
11/9/2023 21:00,"14,585,335.20","221,268.20",444840,51.60
11/9/2023 22:00,"11,418,458.10","171,053.00",444834,51.60
11/9/2023 23:00,"8,175,613.70","122,735.90",444816,51.70
11/10/2023 0:00,"5,517,728.70","83,109.40",444751,53.80
11/10/2023 1:00,"4,151,625.50","63,218.00",444792,53.90
11/10/2023 2:00,"3,897,911.20","59,530.20",444828,53.80
11/10/2023 3:00,"4,718,600.40","71,733.30",444846,53.70
11/10/2023 4:00,"7,949,243.20","118,950.20",444761,53.60
11/10/2023 5:00,"13,889,167.10","206,046.70",444798,52.90
11/10/2023 6:00,"18,933,890.70","302,992.90",444828,52.80
11/10/2023 7:00,"21,901,998.50","362,395.20",444834,52.90
11/10/2023 8:00,"22,543,196.30","375,085.40",444828,52.90
11/10/2023 9:00,"23,373,568.50","388,781.10",444803,52.90
11/10/2023 10:00,"24,453,757.00","416,927.70",444828,52.90
11/10/2023 11:00,"25,140,034.30","440,068.00",444834,51.90
11/10/2023 12:00,"25,636,581.50","457,699.10",444828,50.60
11/10/2023 13:00,"26,102,826.20","478,450.20",444797,50.60
11/10/2023 14:00,"26,643,747.30","512,707.80",444834,50.70
11/10/2023 15:00,"26,685,087.50","532,405.00",444834,50.60
11/10/2023 16:00,"26,220,535.60","521,671.10",444822,52.90
11/10/2023 17:00,"25,595,771.00","512,259.50",444828,52.90
11/10/2023 18:00,"23,291,798.40","429,939.50",444804,52.80
11/10/2023 19:00,"19,931,916.10","324,501.90",444809,52.90
11/10/2023 20:00,"17,043,812.50","261,934.80",444816,53.00
11/10/2023 21:00,"15,222,883.80","226,771.00",444828,53.00
11/10/2023 22:00,"13,054,021.70","194,305.30",444828,53.00
11/10/2023 23:00,"9,654,565.90","144,101.30",444834,53.10
11/11/2023 0:00,"6,692,263.80","100,292.60",444735,53.10
11/11/2023 1:00,"4,857,995.00","73,468.10",444822,53.20
11/11/2023 2:00,"4,179,418.60","63,236.10",444828,53.20
11/11/2023 3:00,"3,916,173.30","59,367.40",444834,53.00
11/11/2023 4:00,"4,845,621.30","73,211.80",444772,52.90
11/11/2023 5:00,"7,342,351.90","109,836.40",444844,53.00
11/11/2023 6:00,"11,180,950.60","168,547.70",444912,52.90
11/11/2023 7:00,"15,276,513.60","232,827.70",444912,53.00
11/11/2023 8:00,"19,021,875.70","293,121.10",444924,53.00
11/11/2023 9:00,"22,119,238.00","347,785.60",444888,53.10
11/11/2023 10:00,"24,090,750.20","390,204.10",444900,53.10
11/11/2023 11:00,"24,929,735.80","415,839.10",444869,53.00
11/11/2023 12:00,"25,239,787.30","428,562.20",444868,53.00
11/11/2023 13:00,"25,269,882.60","430,894.20",444845,53.00
11/11/2023 14:00,"25,222,513.30","435,230.20",444858,53.00
11/11/2023 15:00,"25,237,167.50","437,278.00",444864,53.00
11/11/2023 16:00,"24,951,798.10","436,912.70",444862,53.00
11/11/2023 17:00,"24,304,757.30","433,611.30",444918,53.00
11/11/2023 18:00,"22,114,324.90","377,405.40",444894,53.00
11/11/2023 19:00,"18,818,112.60","296,376.50",444894,53.00
11/11/2023 20:00,"16,482,016.80","251,823.40",444851,53.00
11/11/2023 21:00,"15,607,239.00","232,710.20",444912,53.00
11/11/2023 22:00,"13,925,068.70","207,378.60",444918,53.00
11/11/2023 23:00,"10,611,045.40","158,064.40",444918,53.00
11/12/2023 0:00,"7,384,124.20","110,283.10",444828,53.10
11/12/2023 1:00,"5,075,287.90","76,117.00",444894,53.10
11/12/2023 2:00,"4,048,940.20","60,900.40",444900,53.20
11/12/2023 3:00,"3,390,961.40","51,215.20",444912,53.10
11/12/2023 4:00,"3,619,385.40","54,673.00",444778,53.10
11/12/2023 5:00,"5,024,802.30","75,494.80",444742,53.10
11/12/2023 6:00,"7,565,226.00","113,106.90",444771,53.00
11/12/2023 7:00,"10,407,895.90","155,647.90",444846,53.00
11/12/2023 8:00,"14,178,885.80","213,530.40",444834,53.10
11/12/2023 9:00,"18,738,999.40","286,556.30",444840,53.10
11/12/2023 10:00,"22,038,066.80","347,087.50",444828,53.10
11/12/2023 11:00,"23,547,647.70","381,014.60",444822,53.00
11/12/2023 12:00,"24,452,539.20","404,849.90",444816,53.00
11/12/2023 13:00,"25,114,885.30","421,551.00",444828,53.00
11/12/2023 14:00,"25,064,044.90","422,051.70",444804,53.00
11/12/2023 15:00,"24,782,632.50","416,467.10",444858,53.00
11/12/2023 16:00,"24,317,644.20","408,724.20",444864,53.00
11/12/2023 17:00,"23,556,274.60","403,227.50",444888,53.00
11/12/2023 18:00,"21,294,137.60","358,809.40",444660,53.00
11/12/2023 19:00,"18,909,660.60","303,071.60",444918,53.00
11/12/2023 20:00,"16,600,935.20","260,484.60",444924,53.10
11/12/2023 21:00,"13,890,616.50","208,112.60",444924,53.00
11/12/2023 22:00,"10,556,959.40","157,539.00",444918,53.10
11/12/2023 23:00,"7,319,381.00","109,768.50",444672,53.10
11/13/2023 0:00,"5,040,888.20","75,613.30",444912,53.00
11/13/2023 1:00,"3,667,902.40","55,478.60",444912,53.00
11/13/2023 2:00,"3,406,155.80","51,659.50",444894,53.00
11/13/2023 3:00,"4,548,059.90","68,554.20",444875,52.90
11/13/2023 4:00,"8,506,873.70","126,881.90",444636,52.80
11/13/2023 5:00,"15,198,831.10","229,120.00",444657,52.70
11/13/2023 6:00,"20,533,515.50","348,641.40",444649,52.70
11/13/2023 7:00,"24,205,516.60","443,475.00",444662,52.50
11/13/2023 8:00,"23,556,099.70","436,208.00",444590,52.50
11/13/2023 9:00,"21,666,011.50","374,398.10",444581,52.60
11/13/2023 10:00,"21,328,767.20","357,783.80",444545,52.60
11/13/2023 11:00,"21,726,662.30","362,156.50",444590,52.60
11/13/2023 12:00,"22,512,607.10","374,191.20",444576,52.60
11/13/2023 13:00,"23,377,886.70","391,341.80",444608,52.70
11/13/2023 14:00,"24,944,452.10","430,574.50",444617,52.80
11/13/2023 15:00,"25,877,917.10","475,273.60",444571,52.80
11/13/2023 16:00,"25,575,136.30","493,624.90",444560,52.80
11/13/2023 17:00,"24,790,740.80","494,434.60",444632,52.20
11/13/2023 18:00,"21,003,511.50","378,318.00",444540,50.40
11/13/2023 19:00,"16,648,214.20","264,224.10",444585,50.50
11/13/2023 20:00,"13,670,990.10","209,727.00",444575,52.10
11/13/2023 21:00,"11,493,125.80","172,381.70",444565,52.80
11/13/2023 22:00,"8,944,922.10","134,084.80",444560,52.90
11/13/2023 23:00,"6,353,664.60","95,959.40",444360,52.90
11/14/2023 0:00,"4,505,111.60","68,402.80",444969,54.00
11/14/2023 1:00,"3,533,386.90","54,560.30",444915,53.90
11/14/2023 2:00,"3,456,069.80","52,941.90",444918,53.90
11/14/2023 3:00,"4,586,483.70","69,580.60",444958,53.90
11/14/2023 4:00,"8,514,512.70","127,490.60",445009,53.80
11/14/2023 5:00,"15,423,445.60","232,781.00",444903,53.70
11/14/2023 6:00,"20,905,183.10","362,567.20",444898,53.60
11/14/2023 7:00,"24,317,965.60","470,035.00",444933,53.80
11/14/2023 8:00,"23,642,354.30","472,219.70",444939,53.70
11/14/2023 9:00,"21,788,032.20","402,600.10",444888,53.80
11/14/2023 10:00,"21,036,326.90","366,867.10",444898,53.70
11/14/2023 11:00,"21,079,952.10","358,633.20",444923,53.70
11/14/2023 12:00,"21,959,572.40","369,519.10",444923,53.80
11/14/2023 13:00,"22,881,091.30","387,631.50",444916,53.80
11/14/2023 14:00,"24,624,656.10","437,258.60",444903,53.80
11/14/2023 15:00,"25,549,219.60","492,069.30",444938,53.80
11/14/2023 16:00,"25,416,483.80","521,786.60",444913,53.70
11/14/2023 17:00,"24,722,050.00","534,624.10",444938,53.70
11/14/2023 18:00,"21,484,979.20","422,086.50",444938,53.70
11/14/2023 19:00,"17,349,543.00","289,223.50",444908,53.70
11/14/2023 20:00,"14,422,486.50","224,115.50",444928,53.80
11/14/2023 21:00,"12,075,789.50","183,027.50",444928,53.80
11/14/2023 22:00,"9,503,507.40","143,816.00",444878,53.80
11/14/2023 23:00,"6,766,668.90","102,617.40",444661,53.90
11/15/2023 0:00,"4,675,430.00","70,862.40",444953,53.90
11/15/2023 1:00,"3,607,020.60","55,293.70",444943,53.80
11/15/2023 2:00,"3,503,699.90","53,761.00",444903,53.80
11/15/2023 3:00,"4,637,471.60","70,558.60",444938,53.80
11/15/2023 4:00,"8,594,105.90","128,597.60",444898,53.70
11/15/2023 5:00,"15,422,189.80","231,458.30",444893,53.60
11/15/2023 6:00,"20,860,504.50","356,513.60",444923,53.60
11/15/2023 7:00,"24,659,095.80","458,276.20",444898,53.70
11/15/2023 8:00,"23,936,656.70","450,805.20",444971,53.00
11/15/2023 9:00,"21,830,498.90","383,610.60",444933,53.70
11/15/2023 10:00,"21,007,598.20","362,385.70",444898,53.70
11/15/2023 11:00,"21,289,394.30","370,991.90",444918,53.70
11/15/2023 12:00,"21,929,874.60","383,833.80",444903,53.60
11/15/2023 13:00,"22,895,904.10","400,774.50",444933,53.70
11/15/2023 14:00,"24,374,014.70","441,407.00",444918,53.70
11/15/2023 15:00,"25,114,364.80","490,050.30",444918,53.70
11/15/2023 16:00,"24,549,595.90","519,621.10",444971,53.60
11/15/2023 17:00,"23,489,285.80","535,357.80",444928,53.50
11/15/2023 18:00,"20,598,554.70","420,488.70",444915,53.50
11/15/2023 19:00,"16,938,892.50","293,971.20",444914,53.40
11/15/2023 20:00,"14,319,777.00","228,468.40",444948,53.50
11/15/2023 21:00,"12,121,757.60","185,883.40",444918,53.50
11/15/2023 22:00,"9,521,936.50","145,157.30",444888,53.50
11/15/2023 23:00,"6,857,010.10","105,249.20",444938,53.60
11/16/2023 0:00,"4,738,544.50","71,561.50",445484,54.00
11/16/2023 1:00,"3,651,442.90","55,547.90",445535,54.20
11/16/2023 2:00,"3,547,706.70","54,003.00",445565,54.20
11/16/2023 3:00,"4,632,413.00","69,996.90",445550,54.10
11/16/2023 4:00,"8,471,141.80","126,534.30",445515,54.10
11/16/2023 5:00,"15,246,334.60","229,056.20",445540,54.00
11/16/2023 6:00,"20,752,246.20","351,916.70",445560,54.00
11/16/2023 7:00,"24,610,395.10","454,131.40",445510,53.90
11/16/2023 8:00,"23,928,285.70","451,129.20",445576,54.10
11/16/2023 9:00,"22,077,816.60","392,208.00",445513,54.00
11/16/2023 10:00,"21,540,255.00","367,730.90",445553,54.10
11/16/2023 11:00,"21,990,349.00","370,757.60",445541,54.10
11/16/2023 12:00,"22,888,687.10","384,431.00",445530,54.10
11/16/2023 13:00,"23,818,300.40","404,095.80",445510,54.00
11/16/2023 14:00,"25,483,077.20","450,945.30",445525,54.00
11/16/2023 15:00,"26,068,174.90","501,887.80",445574,54.00
11/16/2023 16:00,"25,940,258.30","533,135.90",445540,54.00
11/16/2023 17:00,"25,144,088.10","546,986.00",445530,54.00
11/16/2023 18:00,"22,222,578.20","434,710.10",445525,54.00
11/16/2023 19:00,"18,333,760.20","305,962.30",445505,54.10
11/16/2023 20:00,"15,663,993.90","243,327.50",445505,54.10
11/16/2023 21:00,"13,445,722.20","202,914.40",445540,54.10
11/16/2023 22:00,"10,579,742.00","159,486.80",445570,54.10
11/16/2023 23:00,"7,635,077.10","115,322.20",445490,54.10
11/17/2023 0:00,"5,364,677.10","81,085.10",445488,53.90
11/17/2023 1:00,"4,066,094.10","61,819.70",445496,53.90
11/17/2023 2:00,"3,837,060.90","58,436.50",445486,53.90
11/17/2023 3:00,"4,636,424.80","69,941.60",445466,44.50
11/17/2023 4:00,"8,303,130.80","124,146.70",445511,53.70
11/17/2023 5:00,"14,663,675.80","221,141.30",445511,53.60
11/17/2023 6:00,"19,996,723.70","328,649.70",445536,53.60
11/17/2023 7:00,"23,831,196.40","412,852.40",445272,53.70
11/17/2023 8:00,"23,540,723.40","413,606.30",445527,53.80
11/17/2023 9:00,"22,410,893.60","383,318.60",445496,53.70
11/17/2023 10:00,"22,778,315.60","386,751.10",445516,53.40
11/17/2023 11:00,"23,752,724.90","405,434.10",445511,51.00
11/17/2023 12:00,"24,838,767.80","430,740.40",445543,53.00
11/17/2023 13:00,"25,613,741.20","458,648.70",445496,53.00
11/17/2023 14:00,"26,383,410.40","506,430.40",445501,53.40
11/17/2023 15:00,"26,346,670.90","546,098.80",445501,53.40
11/17/2023 16:00,"25,993,263.30","552,258.60",445516,53.40
11/17/2023 17:00,"25,380,839.50","548,515.20",445486,53.40
11/17/2023 18:00,"23,136,419.70","451,712.20",445516,53.40
11/17/2023 19:00,"20,138,763.50","341,893.50",445466,53.40
11/17/2023 20:00,"17,309,960.90","271,004.70",445516,53.40
11/17/2023 21:00,"15,319,741.30","230,899.70",445491,53.40
11/17/2023 22:00,"13,151,638.90","197,642.70",445506,53.50
11/17/2023 23:00,"9,879,544.00","148,445.60",445254,53.50
11/18/2023 0:00,"6,955,252.50","104,542.80",445596,54.20
11/18/2023 1:00,"5,086,567.90","76,895.10",445616,54.20
11/18/2023 2:00,"4,367,413.00","66,105.10",445651,54.20
11/18/2023 3:00,"4,102,863.90","62,315.50",445359,54.10
11/18/2023 4:00,"5,027,485.60","76,167.00",445597,54.00
11/18/2023 5:00,"7,323,320.30","110,653.60",445606,54.00
11/18/2023 6:00,"10,996,340.70","167,992.90",445606,54.00
11/18/2023 7:00,"14,904,131.70","229,065.00",445637,54.00
11/18/2023 8:00,"18,669,292.80","289,484.50",445632,54.00
11/18/2023 9:00,"21,892,469.80","345,447.70",445623,54.00
11/18/2023 10:00,"23,857,496.40","387,019.70",445668,54.00
11/18/2023 11:00,"24,882,065.40","413,969.20",445616,54.00
11/18/2023 12:00,"25,315,170.40","427,079.40",445666,54.00
11/18/2023 13:00,"25,277,946.10","428,436.60",445631,54.00
11/18/2023 14:00,"25,145,351.50","429,625.60",445641,54.00
11/18/2023 15:00,"24,907,832.70","427,823.00",445626,54.10
11/18/2023 16:00,"24,477,152.10","424,541.10",445627,54.10
11/18/2023 17:00,"23,553,422.20","414,130.10",445671,54.10
11/18/2023 18:00,"21,292,603.20","355,269.10",445641,54.00
11/18/2023 19:00,"18,135,398.20","283,273.90",445641,54.00
11/18/2023 20:00,"16,069,265.70","247,033.40",445631,54.00
11/18/2023 21:00,"15,091,478.20","227,064.10",445651,54.00
11/18/2023 22:00,"13,580,882.80","203,557.30",445621,54.00
11/18/2023 23:00,"10,567,402.30","158,327.10",445399,54.00
11/19/2023 0:00,"7,438,720.50","111,557.50",445622,54.50
11/19/2023 1:00,"5,231,067.90","78,643.30",445606,54.50
11/19/2023 2:00,"4,167,806.10","62,735.90",445606,54.50
11/19/2023 3:00,"3,481,980.70","52,684.40",445646,54.40
11/19/2023 4:00,"3,700,833.00","55,886.10",445612,54.50
11/19/2023 5:00,"5,073,653.70","76,249.30",445606,54.40
11/19/2023 6:00,"7,638,702.40","114,474.10",445621,54.30
11/19/2023 7:00,"10,501,440.80","157,600.80",445586,54.30
11/19/2023 8:00,"14,297,910.00","216,339.30",445664,54.40
11/19/2023 9:00,"18,859,005.50","289,867.10",445636,54.50
11/19/2023 10:00,"22,124,990.40","348,377.10",445626,54.40
11/19/2023 11:00,"23,782,653.00","381,754.60",445639,54.40
11/19/2023 12:00,"24,470,941.40","398,808.80",445602,54.30
11/19/2023 13:00,"24,723,973.10","408,417.10",445616,54.30
11/19/2023 14:00,"24,636,062.70","408,056.10",445642,54.40
11/19/2023 15:00,"24,208,243.50","400,193.20",445637,54.30
11/19/2023 16:00,"23,941,168.70","398,041.90",445659,54.40
11/19/2023 17:00,"23,191,787.30","393,672.80",445644,54.30
11/19/2023 18:00,"20,904,962.60","347,743.10",445427,54.30
11/19/2023 19:00,"18,557,122.70","298,234.50",445618,54.30
11/19/2023 20:00,"16,329,552.90","258,441.80",445636,54.40
11/19/2023 21:00,"13,781,913.20","208,016.90",445671,54.40
11/19/2023 22:00,"10,617,249.60","159,435.80",445642,54.40
11/19/2023 23:00,"7,310,873.90","109,815.80",445621,54.40
11/20/2023 0:00,"4,959,949.40","74,685.80",445627,54.20
11/20/2023 1:00,"3,693,075.90","56,054.60",445616,54.10
11/20/2023 2:00,"3,466,411.60","52,730.50",445364,54.10
11/20/2023 3:00,"4,599,667.70","69,666.50",445591,54.10
11/20/2023 4:00,"8,427,944.00","126,376.60",445689,53.90
11/20/2023 5:00,"14,790,734.40","222,734.20",445738,53.90
11/20/2023 6:00,"19,624,272.40","329,241.70",445644,53.70
11/20/2023 7:00,"22,776,588.40","401,773.50",445653,53.70
11/20/2023 8:00,"22,460,777.30","393,516.80",445749,53.50
11/20/2023 9:00,"21,843,798.10","371,036.50",445693,53.50
11/20/2023 10:00,"22,216,621.20","375,468.80",445648,53.30
11/20/2023 11:00,"22,709,040.90","384,874.10",445688,53.20
11/20/2023 12:00,"23,335,037.40","397,201.70",445678,53.20
11/20/2023 13:00,"24,074,560.40","414,333.00",445698,52.90
11/20/2023 14:00,"25,290,335.70","447,566.20",445758,52.80
11/20/2023 15:00,"25,648,609.50","483,346.80",445499,53.00
11/20/2023 16:00,"25,478,968.30","502,010.10",445494,53.00
11/20/2023 17:00,"24,834,806.40","505,146.90",445494,53.10
11/20/2023 18:00,"21,252,875.40","390,345.60",445252,53.50
11/20/2023 19:00,"17,233,505.60","278,528.70",445504,53.70
11/20/2023 20:00,"14,289,133.00","220,419.90",445519,53.80
11/20/2023 21:00,"12,024,358.10","180,765.20",445459,53.70
11/20/2023 22:00,"9,458,676.10","142,344.10",445449,53.80
11/20/2023 23:00,"6,712,826.30","101,543.40",445272,53.80
11/21/2023 0:00,"4,759,798.80","72,039.00",445777,52.20
11/21/2023 1:00,"3,693,021.50","56,362.60",445830,52.30
11/21/2023 2:00,"3,547,358.90","54,384.40",445785,52.20
11/21/2023 3:00,"4,659,580.60","70,771.40",445856,52.20
11/21/2023 4:00,"8,364,171.10","125,276.90",445780,52.10
11/21/2023 5:00,"15,048,849.10","225,223.10",445835,52.10
11/21/2023 6:00,"20,233,846.90","340,258.80",445790,52.00
11/21/2023 7:00,"23,263,259.50","415,036.50",445835,52.10
11/21/2023 8:00,"23,037,520.40","410,408.40",445820,52.10
11/21/2023 9:00,"22,576,084.30","390,234.20",445825,52.10
11/21/2023 10:00,"22,929,947.00","394,018.90",445805,52.10
11/21/2023 11:00,"23,435,013.00","401,534.40",445820,52.10
11/21/2023 12:00,"24,233,763.20","418,513.10",445994,52.10
11/21/2023 13:00,"25,049,147.30","438,235.70",446034,52.10
11/21/2023 14:00,"26,163,357.70","479,860.30",446034,52.10
11/21/2023 15:00,"26,489,723.20","521,522.70",445989,52.10
11/21/2023 16:00,"26,164,790.70","538,411.20",446019,52.00
11/21/2023 17:00,"25,286,862.30","548,314.90",445999,51.90
11/21/2023 18:00,"22,500,243.80","443,549.40",446064,51.90
11/21/2023 19:00,"18,940,426.50","319,590.50",446060,52.00
11/21/2023 20:00,"16,167,497.70","254,833.80",446014,52.00
11/21/2023 21:00,"13,715,438.30","208,899.30",446044,52.10
11/21/2023 22:00,"10,944,981.20","166,002.10",445999,52.10
11/21/2023 23:00,"7,750,978.80","116,956.30",445792,52.10
11/22/2023 0:00,"5,414,488.90","81,438.90",445994,53.10
11/22/2023 1:00,"4,132,258.20","62,553.20",446004,53.20
11/22/2023 2:00,"3,851,073.70","58,325.50",446055,53.20
11/22/2023 3:00,"4,842,094.30","73,086.10",446004,53.10
11/22/2023 4:00,"8,448,130.40","125,929.70",445752,53.00
11/22/2023 5:00,"14,979,340.60","222,322.60",446014,52.90
11/22/2023 6:00,"19,930,270.70","324,819.50",446009,52.90
11/22/2023 7:00,"22,892,893.40","390,605.30",446014,53.00
11/22/2023 8:00,"22,888,237.90","388,600.10",446067,53.00
11/22/2023 9:00,"23,217,957.30","387,139.30",446070,53.10
11/22/2023 10:00,"24,209,270.80","406,621.60",445866,53.00
11/22/2023 11:00,"24,874,195.90","428,587.40",446004,47.20
11/22/2023 12:00,"25,702,771.10","462,399.10",446014,53.00
11/22/2023 13:00,"26,012,646.00","485,241.60",446019,53.10
11/22/2023 14:00,"26,595,028.60","515,560.10",445989,53.10
11/22/2023 15:00,"26,626,796.60","534,114.10",445984,53.00
11/22/2023 16:00,"26,114,839.60","522,412.80",446029,53.00
11/22/2023 17:00,"25,003,356.70","497,774.80",446024,53.00
11/22/2023 18:00,"22,510,721.30","407,971.80",446064,53.10
11/22/2023 19:00,"19,785,462.40","321,597.10",446034,53.10
11/22/2023 20:00,"17,381,328.40","267,778.00",445807,53.10
11/22/2023 21:00,"14,990,086.50","221,745.70",446034,53.00
11/22/2023 22:00,"12,262,131.20","179,581.40",446024,53.10
11/22/2023 23:00,"9,088,238.70","131,973.00",445762,53.10
11/23/2023 0:00,"6,519,428.10","94,904.20",446520,53.50
11/23/2023 1:00,"4,706,200.50","68,795.40",446546,53.60
11/23/2023 2:00,"4,005,256.90","58,968.60",446556,53.70
11/23/2023 3:00,"3,939,138.30","58,464.30",446581,53.70
11/23/2023 4:00,"5,330,826.70","78,825.00",446603,53.50
11/23/2023 5:00,"8,684,167.40","126,809.60",446576,53.40
11/23/2023 6:00,"12,020,481.30","185,685.00",446586,53.40
11/23/2023 7:00,"14,527,375.90","233,487.80",446546,53.50
11/23/2023 8:00,"16,243,910.20","262,243.10",446621,53.60
11/23/2023 9:00,"18,563,796.90","292,409.10",446632,53.60
11/23/2023 10:00,"20,988,432.90","330,050.90",446622,53.30
11/23/2023 11:00,"22,815,335.30","368,370.80",446591,53.60
11/23/2023 12:00,"23,494,550.30","389,536.00",446607,53.60
11/23/2023 13:00,"23,433,366.30","396,672.30",446571,53.60
11/23/2023 14:00,"23,034,335.70","394,325.90",446596,53.60
11/23/2023 15:00,"21,866,712.60","376,574.10",446566,53.60
11/23/2023 16:00,"20,651,138.10","359,589.80",446616,53.50
11/23/2023 17:00,"20,099,681.30","359,786.40",446596,53.50
11/23/2023 18:00,"18,634,357.70","314,024.10",446581,53.40
11/23/2023 19:00,"18,056,566.10","283,113.90",446611,53.40
11/23/2023 20:00,"17,525,425.90","269,360.40",446596,53.40
11/23/2023 21:00,"16,489,703.00","245,394.00",446314,53.40
11/23/2023 22:00,"13,148,840.40","193,043.80",446591,53.40
11/23/2023 23:00,"9,135,500.70","133,023.10",446339,53.50
11/24/2023 0:00,"5,845,866.20","85,382.40",446571,53.90
11/24/2023 1:00,"3,917,719.50","57,751.60",446314,54.00
11/24/2023 2:00,"3,233,161.20","48,239.40",446631,53.80
11/24/2023 3:00,"3,520,545.30","52,616.80",446601,53.70
11/24/2023 4:00,"5,349,021.80","79,181.30",446597,53.80
11/24/2023 5:00,"9,137,161.50","133,647.00",446638,53.70
11/24/2023 6:00,"12,853,032.30","198,148.50",446647,53.60
11/24/2023 7:00,"15,822,998.70","250,671.90",446618,53.80
11/24/2023 8:00,"17,772,906.40","283,386.70",446596,53.80
11/24/2023 9:00,"20,162,783.00","318,517.90",446611,53.80
11/24/2023 10:00,"22,735,172.10","364,128.20",446626,53.90
11/24/2023 11:00,"24,271,406.70","399,920.90",446621,53.90
11/24/2023 12:00,"24,653,407.50","415,306.70",446571,53.90
11/24/2023 13:00,"24,937,010.90","424,347.20",446541,53.90
11/24/2023 14:00,"25,131,232.10","434,920.60",446561,53.80
11/24/2023 15:00,"24,808,478.30","434,817.40",446596,53.80
11/24/2023 16:00,"24,354,531.80","429,285.70",446596,53.80
11/24/2023 17:00,"23,577,396.30","417,935.80",446566,53.80
11/24/2023 18:00,"21,313,104.60","355,926.30",446601,53.80
11/24/2023 19:00,"18,502,563.90","288,775.00",446581,53.80
11/24/2023 20:00,"16,187,702.00","245,567.70",446596,53.80
11/24/2023 21:00,"14,562,410.90","214,619.70",446566,53.80
11/24/2023 22:00,"12,342,358.40","181,483.60",446592,53.80
11/24/2023 23:00,"8,990,405.70","132,704.50",446314,53.80
11/25/2023 0:00,"6,259,022.20","92,983.90",446566,53.80
11/25/2023 1:00,"4,598,691.90","68,792.50",446561,53.80
11/25/2023 2:00,"3,951,042.90","59,345.00",446551,53.80
11/25/2023 3:00,"3,683,709.80","55,512.20",446576,53.70
11/25/2023 4:00,"4,421,345.30","66,273.30",446615,53.70
11/25/2023 5:00,"6,457,898.60","96,076.80",446618,53.60
11/25/2023 6:00,"9,627,272.90","144,195.20",446581,53.50
11/25/2023 7:00,"13,141,835.80","198,058.00",446546,53.70
11/25/2023 8:00,"16,863,386.50","255,970.70",446319,53.80
11/25/2023 9:00,"20,763,003.00","319,491.90",446345,53.80
11/25/2023 10:00,"23,789,257.70","375,677.60",446621,53.90
11/25/2023 11:00,"25,390,570.00","413,564.60",446596,53.90
11/25/2023 12:00,"25,751,772.30","430,960.80",446556,53.80
11/25/2023 13:00,"25,908,617.40","438,918.00",446576,53.80
11/25/2023 14:00,"26,057,393.10","444,090.60",446581,53.80
11/25/2023 15:00,"25,867,753.10","444,230.40",446541,53.80
11/25/2023 16:00,"25,495,573.80","440,386.70",446586,53.80
11/25/2023 17:00,"24,646,851.80","430,911.90",446561,53.80
11/25/2023 18:00,"22,506,301.40","376,102.90",446571,53.80
11/25/2023 19:00,"19,707,031.70","311,241.90",446561,53.80
11/25/2023 20:00,"17,388,807.60","268,662.60",446591,53.80
11/25/2023 21:00,"16,017,473.20","239,989.00",446319,53.80
11/25/2023 22:00,"13,987,088.70","207,636.10",446596,53.70
11/25/2023 23:00,"10,565,199.20","156,817.60",446591,53.80
11/26/2023 0:00,"7,449,755.10","110,679.30",446546,53.50
11/26/2023 1:00,"5,208,003.70","77,724.40",446566,53.60
11/26/2023 2:00,"4,159,189.60","62,300.60",446309,53.60
11/26/2023 3:00,"3,548,003.20","53,346.60",446587,53.60
11/26/2023 4:00,"3,860,935.00","57,914.20",446572,53.00
11/26/2023 5:00,"5,320,896.70","79,351.70",446646,52.80
11/26/2023 6:00,"7,755,359.50","115,270.00",446626,52.70
11/26/2023 7:00,"10,552,772.10","156,913.10",446596,52.90
11/26/2023 8:00,"14,340,766.50","215,242.20",446662,52.90
11/26/2023 9:00,"18,884,162.90","288,077.90",446769,53.00
11/26/2023 10:00,"22,346,198.70","349,187.50",446656,53.00
11/26/2023 11:00,"24,112,288.30","384,550.70",446607,53.00
11/26/2023 12:00,"25,157,218.10","410,892.50",446592,52.90
11/26/2023 13:00,"25,523,365.90","423,708.50",446607,52.90
11/26/2023 14:00,"25,409,095.00","424,759.20",446835,52.90
11/26/2023 15:00,"24,902,820.90","417,173.40",446610,52.90
11/26/2023 16:00,"24,098,455.30","404,157.60",446868,52.90
11/26/2023 17:00,"23,154,426.20","391,292.30",446868,52.80
11/26/2023 18:00,"21,014,426.90","346,124.90",446868,52.90
11/26/2023 19:00,"18,726,900.10","299,855.30",446868,52.90
11/26/2023 20:00,"16,810,007.70","265,136.00",446868,52.90
11/26/2023 21:00,"14,346,979.90","214,888.20",446868,52.80
11/26/2023 22:00,"11,089,709.20","164,787.80",446868,52.80
11/26/2023 23:00,"7,592,009.10","112,950.10",446616,52.80
11/27/2023 0:00,"5,109,741.00","76,289.40",446868,53.00
11/27/2023 1:00,"3,760,642.20","56,612.50",446868,52.90
11/27/2023 2:00,"3,467,409.80","52,494.40",446868,52.90
11/27/2023 3:00,"4,471,560.90","67,064.70",446664,44.20
11/27/2023 4:00,"8,540,094.30","127,014.30",446868,51.50
11/27/2023 5:00,"15,095,654.40","225,479.80",446868,52.60
11/27/2023 6:00,"20,250,688.50","338,232.10",446886,52.50
11/27/2023 7:00,"23,943,808.00","431,857.70",446868,52.50
11/27/2023 8:00,"23,429,646.30","435,101.70",446832,52.60
11/27/2023 9:00,"21,613,793.20","374,380.40",446808,52.60
11/27/2023 10:00,"21,393,409.70","360,362.50",446782,52.70
11/27/2023 11:00,"21,838,388.90","363,629.20",446688,52.70
11/27/2023 12:00,"22,689,586.10","376,357.20",446776,52.90
11/27/2023 13:00,"23,498,818.70","392,386.00",446796,52.90
11/27/2023 14:00,"25,046,698.30","431,467.60",446844,53.00
11/27/2023 15:00,"25,880,773.90","480,608.10",446836,53.00
11/27/2023 16:00,"25,652,945.90","502,995.50",446832,52.90
11/27/2023 17:00,"24,764,287.40","502,721.60",446865,51.60
11/27/2023 18:00,"21,126,414.10","381,625.20",446777,51.70
11/27/2023 19:00,"16,721,640.00","266,387.00",446640,52.50
11/27/2023 20:00,"13,644,134.20","209,569.60",446668,53.00
11/27/2023 21:00,"11,464,786.30","172,334.70",446321,53.00
11/27/2023 22:00,"8,969,128.70","134,952.50",446608,53.00
11/27/2023 23:00,"6,431,407.20","97,191.60",446397,53.00
11/28/2023 0:00,"4,583,152.00","69,722.70",446692,53.00
11/28/2023 1:00,"3,606,329.00","55,199.40",446802,53.00
11/28/2023 2:00,"3,502,194.80","53,898.70",446832,53.00
11/28/2023 3:00,"4,580,248.20","69,910.20",446826,52.80
11/28/2023 4:00,"8,397,663.80","126,383.80",446697,52.80
11/28/2023 5:00,"15,279,107.30","230,530.80",446765,52.70
11/28/2023 6:00,"20,730,780.20","355,357.60",446856,52.70
11/28/2023 7:00,"24,349,791.10","458,198.40",446844,52.80
11/28/2023 8:00,"23,587,818.90","464,429.60",446826,52.90
11/28/2023 9:00,"21,793,853.70","399,779.20",446769,52.90
11/28/2023 10:00,"21,057,259.90","362,642.40",446742,52.90
11/28/2023 11:00,"21,054,019.70","354,946.60",446781,52.90
11/28/2023 12:00,"21,877,783.60","365,603.90",446518,52.90
11/28/2023 13:00,"22,865,400.70","384,129.10",446794,52.90
11/28/2023 14:00,"24,661,584.20","433,838.10",446814,52.90
11/28/2023 15:00,"25,560,143.80","489,249.10",446808,52.80
11/28/2023 16:00,"25,416,198.90","524,230.60",446542,52.80
11/28/2023 17:00,"24,567,031.30","535,972.50",446788,52.80
11/28/2023 18:00,"21,445,586.80","422,634.10",446644,52.80
11/28/2023 19:00,"17,429,915.90","290,264.30",446690,52.80
11/28/2023 20:00,"14,230,972.70","220,215.00",446814,52.90
11/28/2023 21:00,"11,936,285.20","180,292.40",446783,52.80
11/28/2023 22:00,"9,373,624.10","141,462.80",446768,52.80
11/28/2023 23:00,"6,651,618.20","101,082.20",446738,52.80
11/29/2023 0:00,"4,701,102.60","71,479.70",446777,53.20
11/29/2023 1:00,"3,635,232.60","55,706.30",446856,53.20
11/29/2023 2:00,"3,498,034.90","53,800.60",446856,53.20
11/29/2023 3:00,"4,577,905.90","70,102.30",446868,53.10
11/29/2023 4:00,"8,413,525.40","127,085.90",446524,53.00
11/29/2023 5:00,"15,205,265.00","234,525.20",446751,53.00
11/29/2023 6:00,"20,544,292.70","358,057.20",446862,53.00
11/29/2023 7:00,"24,501,933.40","461,676.60",446856,52.90
11/29/2023 8:00,"23,865,734.00","459,368.10",446856,53.10
11/29/2023 9:00,"21,870,390.60","391,408.60",446862,53.20
11/29/2023 10:00,"21,114,004.20","361,319.20",446856,53.20
11/29/2023 11:00,"21,238,665.30","359,012.20",446874,53.20
11/29/2023 12:00,"22,109,527.70","370,768.50",446827,53.20
11/29/2023 13:00,"23,120,715.80","390,342.80",446535,53.20
11/29/2023 14:00,"24,878,218.80","438,068.40",446818,53.10
11/29/2023 15:00,"25,616,515.00","491,737.00",446701,53.10
11/29/2023 16:00,"25,528,963.30","525,529.20",446765,53.00
11/29/2023 17:00,"24,576,450.50","535,612.40",446836,52.90
11/29/2023 18:00,"21,517,487.90","422,320.40",446831,53.00
11/29/2023 19:00,"17,495,772.50","290,472.60",446810,53.10
11/29/2023 20:00,"14,544,445.70","226,822.70",446844,53.10
11/29/2023 21:00,"12,381,603.90","189,180.70",446880,53.10
11/29/2023 22:00,"9,661,717.80","148,046.80",446862,53.10
11/29/2023 23:00,"6,808,637.80","106,064.20",446830,53.10
11/30/2023 0:00,"4,799,306.50","74,417.50",446847,53.60
11/30/2023 1:00,"3,744,634.40","58,816.90",446916,53.60
11/30/2023 2:00,"3,571,184.30","56,243.00",446916,53.60
11/30/2023 3:00,"4,607,567.90","72,080.50",446910,53.50
11/30/2023 4:00,"8,415,418.70","131,088.40",446735,53.40
11/30/2023 5:00,"15,126,396.80","244,873.30",446903,53.30
11/30/2023 6:00,"20,376,151.50","360,307.70",446916,53.30
11/30/2023 7:00,"24,450,158.30","466,115.70",446934,53.30
11/30/2023 8:00,"23,912,649.40","471,919.80",446876,53.40
11/30/2023 9:00,"21,913,257.30","409,149.80",446934,53.50
11/30/2023 10:00,"21,375,111.40","386,008.50",446928,53.50
11/30/2023 11:00,"21,643,536.30","386,568.20",446900,53.50
11/30/2023 12:00,"22,463,227.10","400,627.30",446896,53.50
11/30/2023 13:00,"23,532,112.30","423,473.40",446910,53.50
11/30/2023 14:00,"25,237,576.90","475,201.70",446644,53.40
11/30/2023 15:00,"25,964,320.70","534,163.00",446845,53.40
11/30/2023 16:00,"25,718,922.80","565,817.20",446888,53.40
11/30/2023 17:00,"24,774,678.60","578,228.70",446922,53.40
11/30/2023 18:00,"22,020,626.00","463,033.00",446877,53.40
11/30/2023 19:00,"18,393,480.70","326,091.20",446877,53.50
11/30/2023 20:00,"15,400,155.40","251,042.00",446588,53.40
11/30/2023 21:00,"13,339,028.30","208,816.00",446922,53.40
11/30/2023 22:00,"10,604,872.80","165,832.20",446876,53.50
11/30/2023 23:00,"7,509,053.50","118,337.70",446650,53.30
12/1/2023 0:00,"5,402,348.40","84,788.90",446845,53.50
12/1/2023 1:00,"4,122,932.40","65,160.50",446891,53.50
12/1/2023 2:00,"3,820,840.50","60,201.30",446922,53.50
12/1/2023 3:00,"4,642,594.30","72,547.50",446922,53.40
12/1/2023 4:00,"8,095,856.90","125,676.70",446755,53.20
12/1/2023 5:00,"14,356,850.40","225,413.60",446780,53.20
12/1/2023 6:00,"19,646,133.20","327,531.60",446791,52.70
12/1/2023 7:00,"23,626,163.80","415,335.30",446932,50.90
12/1/2023 8:00,"23,382,980.70","418,276.70",446976,47.80
12/1/2023 9:00,"22,118,613.40","382,850.90",446724,50.20
12/1/2023 10:00,"22,400,936.30","387,939.00",446851,53.40
12/1/2023 11:00,"23,243,720.10","404,701.20",446850,53.30
12/1/2023 12:00,"24,201,089.70","426,756.30",446771,53.30
12/1/2023 13:00,"25,099,382.90","453,398.70",446906,53.30
12/1/2023 14:00,"26,183,443.40","502,836.90",446837,53.30
12/1/2023 15:00,"26,395,403.10","545,426.30",446803,53.40
12/1/2023 16:00,"26,100,301.80","558,820.90",446803,53.40
12/1/2023 17:00,"25,446,038.50","554,261.80",446917,53.40
12/1/2023 18:00,"23,253,138.40","451,816.50",446914,53.40
12/1/2023 19:00,"19,900,025.20","333,752.90",446827,53.50
12/1/2023 20:00,"17,017,551.80","268,095.50",446862,53.50
12/1/2023 21:00,"15,349,510.10","234,500.60",446794,53.50
12/1/2023 22:00,"12,984,541.20","197,976.10",446843,53.50
12/1/2023 23:00,"9,627,294.80","146,744.40",446551,53.50
12/2/2023 0:00,"6,794,300.60","103,077.00",446790,53.70
12/2/2023 1:00,"4,975,202.30","75,748.60",446934,53.60
12/2/2023 2:00,"4,243,698.90","64,761.20",446934,53.60
12/2/2023 3:00,"3,954,878.80","60,393.80",446662,52.50
12/2/2023 4:00,"4,879,217.70","74,314.90",446556,53.60
12/2/2023 5:00,"7,281,975.30","110,418.00",446606,53.50
12/2/2023 6:00,"11,047,477.00","169,053.40",446854,53.30
12/2/2023 7:00,"15,004,034.00","230,761.20",446832,53.40
12/2/2023 8:00,"18,480,037.40","287,232.70",446657,53.60
12/2/2023 9:00,"21,358,034.90","337,250.70",446771,53.60
12/2/2023 10:00,"23,186,227.20","374,203.20",446604,53.60
12/2/2023 11:00,"24,129,853.50","399,161.30",446825,53.60
12/2/2023 12:00,"24,772,327.50","415,460.10",446625,53.60
12/2/2023 13:00,"24,957,764.90","422,442.40",446887,53.50
12/2/2023 14:00,"25,046,638.00","425,570.40",446876,53.50
12/2/2023 15:00,"24,927,954.80","428,795.30",446851,53.50
12/2/2023 16:00,"24,769,667.40","433,938.50",446877,53.50
12/2/2023 17:00,"23,748,463.70","425,898.50",446613,53.50
12/2/2023 18:00,"21,247,433.20","361,293.50",446882,53.50
12/2/2023 19:00,"18,213,781.90","286,981.50",446815,53.50
12/2/2023 20:00,"16,128,605.20","247,638.20",446634,53.60
12/2/2023 21:00,"15,374,819.60","230,948.50",446886,53.60
12/2/2023 22:00,"13,925,343.80","208,540.50",446896,53.60
12/2/2023 23:00,"10,631,718.20","159,302.40",446645,53.60
12/3/2023 0:00,"7,339,220.30","110,010.60",446885,53.90
12/3/2023 1:00,"5,069,132.20","76,293.10",446928,53.90
12/3/2023 2:00,"4,015,792.20","60,607.10",446916,53.90
12/3/2023 3:00,"3,354,820.40","50,845.30",446676,53.90
12/3/2023 4:00,"3,522,448.70","53,367.60",446742,53.90
12/3/2023 5:00,"4,840,365.70","72,963.50",446782,53.80
12/3/2023 6:00,"7,231,083.90","108,707.30",446852,53.70
12/3/2023 7:00,"9,831,845.90","147,984.40",446575,53.80
12/3/2023 8:00,"13,351,317.20","202,416.40",446878,53.90
12/3/2023 9:00,"17,618,360.10","270,152.50",446896,53.90
12/3/2023 10:00,"20,873,873.00","325,748.00",446896,54.00
12/3/2023 11:00,"22,620,891.60","358,364.10",446916,54.00
12/3/2023 12:00,"23,639,985.80","380,479.30",446916,54.00
12/3/2023 13:00,"23,965,698.60","390,001.70",446905,53.90
12/3/2023 14:00,"23,796,142.90","386,325.40",446916,53.90
12/3/2023 15:00,"23,384,125.60","379,461.70",446928,54.00
12/3/2023 16:00,"23,054,399.60","375,011.30",446916,53.90
12/3/2023 17:00,"22,494,455.30","373,242.20",446910,54.00
12/3/2023 18:00,"20,216,428.60","328,292.20",446910,54.00
12/3/2023 19:00,"17,904,672.90","282,643.10",446771,54.00
12/3/2023 20:00,"15,783,450.60","247,359.00",446874,54.00
12/3/2023 21:00,"13,403,095.30","202,047.80",446779,54.00
12/3/2023 22:00,"10,191,416.00","152,646.70",446854,54.00
12/3/2023 23:00,"6,988,748.60","104,906.50",446537,54.00
12/4/2023 0:00,"4,805,069.00","72,382.80",446811,54.10
12/4/2023 1:00,"3,566,493.20","54,138.80",446896,54.10
12/4/2023 2:00,"3,352,801.10","51,172.00",446910,54.10
12/4/2023 3:00,"4,500,775.50","68,279.40",446885,54.00
12/4/2023 4:00,"8,422,611.00","126,215.40",446442,53.90
12/4/2023 5:00,"14,954,215.20","225,584.50",446739,53.90
12/4/2023 6:00,"19,971,163.90","338,953.00",446630,51.50
12/4/2023 7:00,"23,828,702.10","433,026.30",446976,48.20
12/4/2023 8:00,"23,334,071.70","434,335.80",446964,50.70
12/4/2023 9:00,"21,322,211.10","370,709.30",446919,54.00
12/4/2023 10:00,"20,907,972.00","351,758.40",446922,54.00
12/4/2023 11:00,"21,139,983.40","352,195.80",446928,53.80
12/4/2023 12:00,"21,831,682.90","364,225.30",446940,53.70
12/4/2023 13:00,"22,775,750.00","381,822.10",446922,53.80
12/4/2023 14:00,"24,456,660.10","424,529.60",446934,53.30
12/4/2023 15:00,"25,411,137.10","474,407.50",446878,53.50
12/4/2023 16:00,"25,286,912.00","497,098.80",446940,53.40
12/4/2023 17:00,"24,515,204.00","497,750.50",446694,51.90
12/4/2023 18:00,"20,871,302.30","377,701.40",446917,49.70
12/4/2023 19:00,"16,610,388.50","264,609.00",446888,52.20
12/4/2023 20:00,"13,566,928.00","208,832.90",446928,53.30
12/4/2023 21:00,"11,497,737.50","173,222.60",446940,53.40
12/4/2023 22:00,"8,971,037.20","135,268.90",446940,53.30
12/4/2023 23:00,"6,338,405.40","96,090.60",446670,53.40
12/5/2023 0:00,"4,560,374.00","69,181.30",444522,53.70
12/5/2023 1:00,"3,566,549.00","54,565.10",444408,53.80
12/5/2023 2:00,"3,461,181.30","53,115.90",444402,53.70
12/5/2023 3:00,"4,549,631.70","69,111.40",444402,53.70
12/5/2023 4:00,"8,344,535.30","124,930.40",444288,53.50
12/5/2023 5:00,"15,194,181.70","229,595.50",444356,53.50
12/5/2023 6:00,"20,595,856.00","354,557.80",444101,53.40
12/5/2023 7:00,"24,120,059.40","461,963.60",444374,53.40
12/5/2023 8:00,"23,558,575.00","476,893.30",444302,53.50
12/5/2023 9:00,"21,823,273.20","408,875.80",444354,53.60
12/5/2023 10:00,"21,071,909.00","364,550.40",444047,53.60
12/5/2023 11:00,"21,094,700.00","354,944.70",444251,53.60
12/5/2023 12:00,"21,715,317.20","363,240.20",444367,53.50
12/5/2023 13:00,"22,779,805.80","385,181.10",444351,53.50
12/5/2023 14:00,"24,692,168.80","435,050.00",444377,53.40
12/5/2023 15:00,"25,437,887.30","490,047.50",444402,53.40
12/5/2023 16:00,"25,363,782.90","524,275.50",444352,53.40
12/5/2023 17:00,"24,542,610.10","538,217.40",444396,53.40
12/5/2023 18:00,"21,448,917.60","425,529.90",444420,53.40
12/5/2023 19:00,"17,484,513.30","290,593.20",444417,53.30
12/5/2023 20:00,"14,404,913.40","222,369.00",444456,48.60
12/5/2023 21:00,"12,152,884.30","182,674.60",444456,47.10
12/5/2023 22:00,"9,524,228.40","143,017.00",444456,47.10
12/5/2023 23:00,"6,821,225.10","103,394.10",444414,51.90
12/6/2023 0:00,"4,864,524.70","74,013.40",444395,54.00
12/6/2023 1:00,"3,617,857.80","55,461.70",444576,52.70
12/6/2023 2:00,"3,413,624.00","52,159.70",444576,48.50
12/6/2023 3:00,"4,548,706.80","69,023.80",444546,51.80
12/6/2023 4:00,"8,408,670.90","126,301.70",444128,54.00
12/6/2023 5:00,"15,240,474.60","231,481.00",444365,53.90
12/6/2023 6:00,"20,665,746.30","354,288.40",444528,53.90
12/6/2023 7:00,"24,203,565.50","458,077.50",444534,54.00
12/6/2023 8:00,"23,614,883.10","468,801.80",444522,54.00
12/6/2023 9:00,"21,894,748.80","404,582.20",444522,53.90
12/6/2023 10:00,"21,240,393.80","368,434.20",444516,53.90
12/6/2023 11:00,"21,291,609.80","362,881.80",444522,53.90
12/6/2023 12:00,"22,057,135.70","373,998.80",444522,53.90
12/6/2023 13:00,"23,050,439.60","397,590.20",444510,53.90
12/6/2023 14:00,"24,627,880.30","453,604.00",444522,53.90
12/6/2023 15:00,"25,193,899.00","508,404.50",444492,53.90
12/6/2023 16:00,"24,912,731.00","538,626.20",444510,53.90
12/6/2023 17:00,"24,154,622.90","549,196.50",444510,53.80
12/6/2023 18:00,"21,521,832.50","436,422.10",444528,53.90
12/6/2023 19:00,"17,759,891.70","301,484.60",444493,53.90
12/6/2023 20:00,"14,899,871.70","233,410.80",444528,53.90
12/6/2023 21:00,"12,641,071.60","193,968.90",444528,53.90
12/6/2023 22:00,"9,846,130.10","151,276.00",444522,53.90
12/6/2023 23:00,"6,976,238.00","107,562.20",444276,53.80
12/7/2023 0:00,"4,860,366.40","74,994.90",444481,53.50
12/7/2023 1:00,"3,711,559.40","58,233.10",444522,53.50
12/7/2023 2:00,"3,546,842.10","55,818.80",444516,53.50
12/7/2023 3:00,"4,572,350.30","71,238.80",444472,53.40
12/7/2023 4:00,"8,304,698.50","129,040.70",444456,53.30
12/7/2023 5:00,"14,983,968.90","241,604.90",444528,53.30
12/7/2023 6:00,"20,414,491.70","359,319.30",444282,53.30
12/7/2023 7:00,"24,306,441.20","466,560.60",444522,53.30
12/7/2023 8:00,"23,840,540.20","476,011.10",444540,53.30
12/7/2023 9:00,"21,985,782.40","414,268.00",444497,53.40
12/7/2023 10:00,"21,543,041.30","390,048.20",444270,53.40
12/7/2023 11:00,"21,889,033.30","391,359.40",444528,53.60
12/7/2023 12:00,"22,540,633.30","402,209.50",444522,54.10
12/7/2023 13:00,"23,651,230.30","428,964.70",444528,54.10
12/7/2023 14:00,"25,159,674.70","486,156.00",444516,54.00
12/7/2023 15:00,"25,794,348.60","545,072.00",444528,54.00
12/7/2023 16:00,"25,488,490.60","572,207.80",444522,54.10
12/7/2023 17:00,"24,676,111.70","579,767.50",444528,54.00
12/7/2023 18:00,"21,966,537.50","461,936.10",444245,54.10
12/7/2023 19:00,"18,474,130.10","325,731.70",444522,54.10
12/7/2023 20:00,"15,832,510.70","257,523.60",444510,54.00
12/7/2023 21:00,"13,653,435.40","214,046.30",444522,54.00
12/7/2023 22:00,"10,665,865.50","166,982.50",444270,54.00
12/7/2023 23:00,"7,494,155.20","117,672.50",444503,54.00
12/8/2023 0:00,"5,219,901.90","81,290.20",444452,53.70
12/8/2023 1:00,"3,974,992.10","62,665.20",444528,53.70
12/8/2023 2:00,"3,754,843.70","59,105.70",444516,53.60
12/8/2023 3:00,"4,655,593.80","72,746.70",444522,53.60
12/8/2023 4:00,"8,062,281.60","124,459.20",444447,53.50
12/8/2023 5:00,"14,292,824.50","223,781.70",444516,53.40
12/8/2023 6:00,"19,637,696.30","327,235.90",444528,53.30
12/8/2023 7:00,"23,570,498.30","414,020.50",444516,53.40
12/8/2023 8:00,"23,439,857.10","421,512.30",444570,53.50
12/8/2023 9:00,"22,079,798.10","385,473.30",444576,53.60
12/8/2023 10:00,"22,355,832.30","388,697.80",444576,53.60
12/8/2023 11:00,"23,408,731.70","410,379.40",444558,53.60
12/8/2023 12:00,"24,159,466.20","429,786.30",444528,53.60
12/8/2023 13:00,"25,153,794.30","456,021.30",444522,53.60
12/8/2023 14:00,"26,157,303.90","504,454.50",444516,53.50
12/8/2023 15:00,"26,283,732.90","548,429.30",444516,53.50
12/8/2023 16:00,"25,878,192.60","558,940.80",444528,53.50
12/8/2023 17:00,"25,438,135.80","555,569.50",444528,53.50
12/8/2023 18:00,"23,283,578.10","457,222.20",444245,53.50
12/8/2023 19:00,"19,983,026.60","339,642.70",444491,53.60
12/8/2023 20:00,"17,372,718.70","276,805.90",444516,53.60
12/8/2023 21:00,"15,661,450.10","240,801.50",444522,53.60
12/8/2023 22:00,"13,323,259.80","202,599.40",444522,53.60
12/8/2023 23:00,"9,944,632.80","150,877.50",444276,53.50
12/9/2023 0:00,"6,868,215.00","103,752.10",444431,54.40
12/9/2023 1:00,"4,985,857.10","75,601.40",444522,54.40
12/9/2023 2:00,"4,243,214.00","64,622.40",444522,54.40
12/9/2023 3:00,"3,971,602.50","60,641.90",444522,54.30
12/9/2023 4:00,"4,875,237.30","73,926.10",444486,54.30
12/9/2023 5:00,"7,274,665.70","110,013.40",444516,54.20
12/9/2023 6:00,"11,022,265.00","168,181.50",444522,54.20
12/9/2023 7:00,"14,901,217.60","229,082.80",444528,54.30
12/9/2023 8:00,"18,414,404.70","285,604.20",444504,50.20
12/9/2023 9:00,"21,530,230.70","340,985.30",444522,49.80
12/9/2023 10:00,"23,534,596.60","381,428.20",444522,49.80
12/9/2023 11:00,"24,550,792.70","406,050.20",444516,50.30
12/9/2023 12:00,"24,925,729.10","419,411.80",444528,53.30
12/9/2023 13:00,"24,872,589.10","422,455.30",444522,54.00
12/9/2023 14:00,"25,071,996.50","432,411.90",444516,54.20
12/9/2023 15:00,"25,176,471.00","441,164.70",444510,54.30
12/9/2023 16:00,"24,981,105.80","448,899.60",444522,54.30
12/9/2023 17:00,"24,253,074.50","444,915.70",444522,54.30
12/9/2023 18:00,"21,873,096.00","382,358.40",444264,54.40
12/9/2023 19:00,"18,690,796.60","299,440.90",444497,54.40
12/9/2023 20:00,"16,613,375.60","256,054.30",444552,54.40
12/9/2023 21:00,"15,966,271.40","240,151.70",444546,54.10
12/9/2023 22:00,"14,281,683.20","214,245.90",444558,54.00
12/9/2023 23:00,"10,874,943.70","162,724.30",444306,54.10
12/10/2023 0:00,"7,603,328.00","113,777.10",444570,54.00
12/10/2023 1:00,"5,222,171.70","78,569.80",444576,54.00
12/10/2023 2:00,"4,103,931.90","61,801.10",444564,54.00
12/10/2023 3:00,"3,368,669.70","50,908.40",444576,53.90
12/10/2023 4:00,"3,544,500.30","53,578.30",444576,53.90
12/10/2023 5:00,"4,797,385.40","72,159.20",444570,53.80
12/10/2023 6:00,"7,148,897.70","107,349.40",444564,53.60
12/10/2023 7:00,"9,746,429.80","146,328.10",444515,53.80
12/10/2023 8:00,"13,349,619.20","201,603.30",444564,53.90
12/10/2023 9:00,"17,878,388.10","273,532.70",444564,53.90
12/10/2023 10:00,"21,219,603.50","331,677.90",444534,53.90
12/10/2023 11:00,"22,901,213.20","367,020.50",444503,53.90
12/10/2023 12:00,"23,859,646.60","386,867.20",444429,53.90
12/10/2023 13:00,"23,943,440.90","389,856.60",444410,53.90
12/10/2023 14:00,"23,911,141.50","389,324.90",444395,53.90
12/10/2023 15:00,"23,666,673.20","384,062.60",444225,53.90
12/10/2023 16:00,"23,595,123.00","386,406.50",444291,53.90
12/10/2023 17:00,"22,829,807.30","384,141.50",444254,53.90
12/10/2023 18:00,"20,478,471.00","334,467.60",444304,54.00
12/10/2023 19:00,"18,246,542.00","289,226.20",444194,54.10
12/10/2023 20:00,"16,335,012.50","255,495.10",444209,54.10
12/10/2023 21:00,"13,810,990.50","208,107.90",444259,54.10
12/10/2023 22:00,"10,475,184.70","157,321.20",444199,54.10
12/10/2023 23:00,"7,055,566.60","106,132.90",444254,54.10
12/11/2023 0:00,"4,766,807.50","71,757.20",444199,54.80
12/11/2023 1:00,"3,526,297.10","53,516.80",444199,54.80
12/11/2023 2:00,"3,342,856.40","51,047.30",444239,54.70
12/11/2023 3:00,"4,468,199.30","67,720.70",444234,54.70
12/11/2023 4:00,"8,317,509.00","124,337.10",444204,54.60
12/11/2023 5:00,"14,863,450.90","223,930.10",444229,54.50
12/11/2023 6:00,"20,019,824.30","338,146.00",444222,54.50
12/11/2023 7:00,"23,677,349.70","427,801.40",444284,54.60
12/11/2023 8:00,"23,139,631.80","427,773.20",444199,54.70
12/11/2023 9:00,"21,206,167.40","366,173.30",444289,54.70
12/11/2023 10:00,"21,028,315.70","352,222.40",444264,54.80
12/11/2023 11:00,"21,342,727.50","353,986.30",444224,54.00
12/11/2023 12:00,"21,835,042.50","362,906.30",444230,54.60
12/11/2023 13:00,"22,811,519.00","383,170.20",444224,54.60
12/11/2023 14:00,"24,707,799.60","427,372.20",444199,54.60
12/11/2023 15:00,"25,486,575.90","473,395.80",444281,54.60
12/11/2023 16:00,"25,292,849.60","496,136.40",444219,54.60
12/11/2023 17:00,"24,377,078.50","491,809.90",444234,54.50
12/11/2023 18:00,"20,714,945.90","372,576.60",444219,54.50
12/11/2023 19:00,"16,510,209.50","261,892.30",444199,54.60
12/11/2023 20:00,"13,550,484.60","208,164.60",444259,54.60
12/11/2023 21:00,"11,532,549.30","173,841.70",444234,54.60
12/11/2023 22:00,"8,974,682.90","135,384.60",444249,54.60
12/11/2023 23:00,"6,367,254.90","96,300.30",444310,54.60
12/12/2023 0:00,"4,533,464.80","68,849.70",444254,55.20
12/12/2023 1:00,"3,566,317.10","54,646.60",444279,55.10
12/12/2023 2:00,"3,460,728.00","53,023.10",444244,55.10
12/12/2023 3:00,"4,533,275.00","68,869.60",444204,55.00
12/12/2023 4:00,"8,322,780.00","124,795.40",444229,54.90
12/12/2023 5:00,"14,986,840.00","225,955.40",444199,54.80
12/12/2023 6:00,"20,347,713.50","348,927.90",444209,54.80
12/12/2023 7:00,"24,065,034.10","452,514.10",444274,54.90
12/12/2023 8:00,"23,536,967.60","459,686.70",444254,55.00
12/12/2023 9:00,"21,735,896.00","393,995.90",444225,55.00
12/12/2023 10:00,"21,152,230.60","362,188.00",444239,54.70
12/12/2023 11:00,"21,251,856.50","356,088.10",444254,54.90
12/12/2023 12:00,"21,861,250.30","363,205.50",444209,54.90
12/12/2023 13:00,"22,876,425.90","383,544.70",444184,54.90
12/12/2023 14:00,"24,793,893.10","435,393.50",444219,54.90
12/12/2023 15:00,"25,550,637.90","493,356.20",444214,54.90
12/12/2023 16:00,"25,411,618.10","525,860.20",444240,54.90
12/12/2023 17:00,"24,550,964.60","534,682.00",444244,54.90
12/12/2023 18:00,"21,467,300.10","420,775.90",444265,54.90
12/12/2023 19:00,"17,483,513.20","288,009.10",444310,54.90
12/12/2023 20:00,"14,574,405.30","224,525.40",444255,54.90
12/12/2023 21:00,"12,266,874.30","184,545.90",444255,54.90
12/12/2023 22:00,"9,623,419.60","144,774.90",444229,54.90
12/12/2023 23:00,"6,843,599.90","103,453.80",444250,54.90
12/13/2023 0:00,"4,777,613.50","72,734.30",444324,55.10
12/13/2023 1:00,"3,655,578.00","56,059.20",444280,55.10
12/13/2023 2:00,"3,491,677.30","53,552.60",444185,55.10
12/13/2023 3:00,"4,527,490.50","68,749.00",444194,53.00
12/13/2023 4:00,"8,372,403.10","125,458.80",444281,54.90
12/13/2023 5:00,"15,177,341.60","230,218.80",444229,54.90
12/13/2023 6:00,"20,603,214.60","353,183.60",444184,54.80
12/13/2023 7:00,"24,281,617.60","454,587.50",444249,54.90
12/13/2023 8:00,"23,743,692.20","461,163.80",444311,55.00
12/13/2023 9:00,"21,996,337.20","397,097.50",444224,55.00
12/13/2023 10:00,"21,464,916.50","370,346.40",444230,55.00
12/13/2023 11:00,"21,638,641.10","368,960.80",444199,55.00
12/13/2023 12:00,"22,362,959.40","378,756.70",444259,55.00
12/13/2023 13:00,"23,461,557.50","399,958.80",444249,55.00
12/13/2023 14:00,"25,180,976.40","450,259.80",444264,55.00
12/13/2023 15:00,"25,838,852.00","506,898.50",444249,55.00
12/13/2023 16:00,"25,632,529.80","538,033.30",444239,55.00
12/13/2023 17:00,"24,822,701.50","548,193.10",444234,55.00
12/13/2023 18:00,"21,859,655.60","432,554.70",444284,55.00
12/13/2023 19:00,"17,987,528.20","304,022.70",444040,55.10
12/13/2023 20:00,"15,293,795.90","238,690.80",444055,55.00
12/13/2023 21:00,"13,019,243.20","198,630.30",444055,55.00
12/13/2023 22:00,"10,006,303.50","152,940.10",443995,55.00
12/13/2023 23:00,"7,106,219.30","109,523.30",443838,55.10
12/14/2023 0:00,"5,062,862.60","78,168.10",444113,55.30
12/14/2023 1:00,"3,973,739.90","62,114.90",444101,55.20
12/14/2023 2:00,"3,829,658.10","59,861.10",444121,55.20
12/14/2023 3:00,"4,844,723.90","75,312.40",444106,55.10
12/14/2023 4:00,"8,504,724.60","131,614.20",444126,55.00
12/14/2023 5:00,"14,979,364.70","239,964.50",444151,54.90
12/14/2023 6:00,"20,222,736.50","350,936.80",444111,54.80
12/14/2023 7:00,"23,693,447.20","450,388.10",444121,55.00
12/14/2023 8:00,"23,330,023.10","462,100.80",444106,55.10
12/14/2023 9:00,"21,841,254.10","406,622.60",444138,55.00
12/14/2023 10:00,"21,560,661.20","387,684.70",444162,54.40
12/14/2023 11:00,"22,246,623.60","392,944.70",444468,48.70
12/14/2023 12:00,"22,813,612.40","403,930.50",444468,49.90
12/14/2023 13:00,"23,943,299.60","433,405.60",444420,53.30
12/14/2023 14:00,"25,342,249.30","483,810.30",444444,53.40
12/14/2023 15:00,"26,004,782.50","543,255.30",444456,53.30
12/14/2023 16:00,"25,803,668.90","572,585.20",444413,53.20
12/14/2023 17:00,"24,862,158.50","581,203.90",444408,53.20
12/14/2023 18:00,"22,153,868.70","464,808.10",444378,53.20
12/14/2023 19:00,"18,630,397.60","325,892.00",444395,53.30
12/14/2023 20:00,"16,073,925.30","260,188.20",444414,53.30
12/14/2023 21:00,"13,999,744.50","219,033.50",444408,53.30
12/14/2023 22:00,"11,020,782.20","171,601.20",444414,53.30
12/14/2023 23:00,"7,778,066.30","121,366.90",444162,53.30
12/15/2023 0:00,"5,375,588.10","83,527.30",444340,53.40
12/15/2023 1:00,"4,077,444.10","64,039.90",444414,53.40
12/15/2023 2:00,"3,790,113.10","59,427.40",444420,53.30
12/15/2023 3:00,"4,622,958.40","71,616.20",444383,50.90
12/15/2023 4:00,"8,033,251.20","123,538.10",444268,53.10
12/15/2023 5:00,"14,160,735.30","220,265.10",444389,53.10
12/15/2023 6:00,"19,529,450.20","322,380.80",444414,53.10
12/15/2023 7:00,"23,642,089.20","410,096.10",444618,53.10
12/15/2023 8:00,"23,470,288.50","415,537.00",444618,53.20
12/15/2023 9:00,"22,421,166.00","388,928.50",444618,53.20
12/15/2023 10:00,"23,040,342.70","400,200.60",444593,53.20
12/15/2023 11:00,"24,093,971.90","422,485.70",444612,53.20
12/15/2023 12:00,"24,886,261.40","443,480.30",444630,53.20
12/15/2023 13:00,"25,666,945.30","470,500.40",444630,53.20
12/15/2023 14:00,"26,616,934.60","519,125.60",444366,53.20
12/15/2023 15:00,"26,710,594.70","558,787.90",444605,53.20
12/15/2023 16:00,"26,410,270.60","564,998.90",444594,53.20
12/15/2023 17:00,"25,822,919.60","560,902.60",444611,53.20
12/15/2023 18:00,"23,579,099.10","460,861.50",444618,53.20
12/15/2023 19:00,"20,686,030.80","351,072.80",444597,53.20
12/15/2023 20:00,"18,119,758.30","286,594.20",444618,53.20
12/15/2023 21:00,"16,393,328.40","250,387.60",444618,53.20
12/15/2023 22:00,"13,853,105.00","210,094.50",444612,53.20
12/15/2023 23:00,"10,286,030.70","155,161.30",444618,53.20
12/16/2023 0:00,"7,128,539.50","107,242.10",444549,53.60
12/16/2023 1:00,"5,202,047.80","78,600.10",444612,53.60
12/16/2023 2:00,"4,364,093.50","65,992.50",444630,53.60
12/16/2023 3:00,"4,083,525.40","61,851.20",444630,53.60
12/16/2023 4:00,"5,028,029.80","75,899.50",444629,53.50
12/16/2023 5:00,"7,412,743.30","111,525.80",444642,53.50
12/16/2023 6:00,"11,100,208.80","169,072.90",444582,53.40
12/16/2023 7:00,"14,893,787.40","227,927.90",444612,53.40
12/16/2023 8:00,"18,713,894.70","289,067.70",444618,53.50
12/16/2023 9:00,"22,010,429.60","345,853.20",444612,53.40
12/16/2023 10:00,"24,172,802.10","391,142.10",444366,53.50
12/16/2023 11:00,"25,139,634.00","419,403.70",444624,53.40
12/16/2023 12:00,"25,634,812.80","438,099.50",444599,53.40
12/16/2023 13:00,"25,771,291.70","449,845.10",444588,53.40
12/16/2023 14:00,"25,787,690.20","456,052.20",444618,53.40
12/16/2023 15:00,"25,589,455.30","458,508.20",444618,53.50
12/16/2023 16:00,"25,408,646.70","463,066.90",444618,53.50
12/16/2023 17:00,"24,539,808.50","458,682.30",444612,53.40
12/16/2023 18:00,"22,496,381.70","397,238.10",444336,53.50
12/16/2023 19:00,"19,288,950.70","310,336.30",444602,53.50
12/16/2023 20:00,"17,204,720.90","266,854.20",444354,53.50
12/16/2023 21:00,"16,387,795.40","247,488.60",444618,53.50
12/16/2023 22:00,"14,814,677.30","223,925.20",444597,53.40
12/16/2023 23:00,"11,425,354.20","171,875.40",444351,53.50
12/17/2023 0:00,"7,793,074.10","116,435.50",444521,53.60
12/17/2023 1:00,"5,378,581.10","80,723.40",444618,53.60
12/17/2023 2:00,"4,183,905.40","62,842.70",444612,53.60
12/17/2023 3:00,"3,418,752.90","51,572.30",444612,53.50
12/17/2023 4:00,"3,585,775.40","54,071.00",444351,53.60
12/17/2023 5:00,"4,816,823.10","72,412.40",444527,53.50
12/17/2023 6:00,"7,099,715.00","106,742.10",444593,53.40
12/17/2023 7:00,"9,641,966.70","144,881.20",444618,53.40
12/17/2023 8:00,"13,285,349.20","200,611.30",444624,53.50
12/17/2023 9:00,"17,906,289.20","273,664.20",444618,53.50
12/17/2023 10:00,"21,435,409.40","333,750.10",444599,53.50
12/17/2023 11:00,"23,266,435.50","371,078.40",444612,53.50
12/17/2023 12:00,"24,184,958.40","395,938.80",444630,53.50
12/17/2023 13:00,"24,418,794.60","408,865.00",444618,53.50
12/17/2023 14:00,"24,232,351.50","405,687.40",444618,53.50
12/17/2023 15:00,"23,883,174.20","396,898.30",444624,53.50
12/17/2023 16:00,"23,653,236.20","391,733.90",444618,53.40
12/17/2023 17:00,"22,484,473.60","378,971.30",444336,53.30
12/17/2023 18:00,"20,286,374.20","332,175.80",444550,53.30
12/17/2023 19:00,"17,984,198.50","284,810.00",444515,53.30
12/17/2023 20:00,"16,308,953.90","256,314.30",444451,53.30
12/17/2023 21:00,"14,199,815.80","214,888.90",444531,53.30
12/17/2023 22:00,"10,912,501.70","164,460.50",444527,53.30
12/17/2023 23:00,"7,414,152.60","111,144.50",444508,53.40
12/18/2023 0:00,"4,958,413.60","74,538.90",444477,54.00
12/18/2023 1:00,"3,617,727.90","54,881.60",444558,54.00
12/18/2023 2:00,"3,371,808.70","51,399.50",444598,53.90
12/18/2023 3:00,"4,423,969.50","67,155.60",444315,53.90
12/18/2023 4:00,"8,099,276.70","122,202.70",444567,53.70
12/18/2023 5:00,"14,229,209.50","217,306.90",444618,53.70
12/18/2023 6:00,"19,018,449.90","325,330.10",444624,53.70
12/18/2023 7:00,"22,615,194.70","405,421.00",444690,53.60
12/18/2023 8:00,"22,406,107.80","400,869.60",444672,53.60
12/18/2023 9:00,"21,062,266.70","357,615.40",444618,53.80
12/18/2023 10:00,"21,253,532.80","354,762.10",444612,53.80
12/18/2023 11:00,"21,805,218.70","363,408.10",444618,53.80
12/18/2023 12:00,"22,443,649.40","374,119.90",444618,53.90
12/18/2023 13:00,"23,266,444.90","393,625.20",444618,53.80
12/18/2023 14:00,"24,549,499.90","432,685.20",444591,53.90
12/18/2023 15:00,"25,054,541.00","470,262.20",444612,53.90
12/18/2023 16:00,"24,744,880.50","485,290.20",444606,53.90
12/18/2023 17:00,"23,753,192.40","483,029.80",444612,53.90
12/18/2023 18:00,"20,465,316.50","373,555.10",444588,53.80
12/18/2023 19:00,"16,597,096.40","267,618.00",444522,53.80
12/18/2023 20:00,"13,848,250.30","213,385.70",444672,49.90
12/18/2023 21:00,"11,910,006.20","178,656.70",444672,49.00
12/18/2023 22:00,"9,354,880.60","140,159.90",444672,48.90
12/18/2023 23:00,"6,643,507.50","99,880.40",444420,49.00
12/19/2023 0:00,"3,766,958.60","57,237.80",354252,61.00
12/19/2023 1:00,"2,930,908.70","44,921.00",346032,62.00
12/19/2023 2:00,"2,815,492.90","43,146.50",346032,61.90
12/19/2023 3:00,"3,669,034.10","55,758.80",346032,61.80
12/19/2023 4:00,"6,459,363.30","97,365.40",346032,61.70
12/19/2023 5:00,"11,090,992.40","168,136.60",346032,61.70
12/19/2023 6:00,"15,192,700.60","255,249.00",346032,61.60
12/19/2023 7:00,"18,347,060.00","322,328.40",346032,61.80
12/19/2023 8:00,"18,152,604.30","320,740.60",346032,62.00
12/19/2023 9:00,"16,979,469.50","285,001.50",346032,62.00
12/19/2023 10:00,"16,909,087.60","279,078.00",346032,62.30
12/19/2023 11:00,"17,313,213.70","286,350.60",346032,62.40
12/19/2023 12:00,"17,824,418.50","296,224.70",346032,62.20
12/19/2023 13:00,"18,732,915.20","309,080.80",346032,62.50
12/19/2023 14:00,"20,054,012.10","340,931.70",346032,62.50
12/19/2023 15:00,"20,596,247.50","374,501.20",346032,62.40
12/19/2023 16:00,"20,397,267.30","388,374.80",346032,61.90
12/19/2023 17:00,"19,606,318.30","389,752.40",346032,61.90
12/19/2023 18:00,"16,642,323.90","294,248.40",346032,62.00
12/19/2023 19:00,"13,337,719.90","211,361.00",346032,62.00
12/19/2023 20:00,"11,183,558.70","171,546.90",346032,62.00
12/19/2023 21:00,"9,616,110.80","144,269.70",346032,61.70
12/19/2023 22:00,"7,600,346.40","113,794.10",346032,61.70
12/19/2023 23:00,"5,358,758.70","80,560.10",346032,61.70
12/20/2023 0:00,"3,791,815.80","57,107.10",346032,62.30
12/20/2023 1:00,"2,968,246.50","45,070.30",346032,62.30
12/20/2023 2:00,"2,838,152.90","43,243.10",346032,62.20
12/20/2023 3:00,"3,640,534.10","55,001.20",345780,62.20
12/20/2023 4:00,"6,361,130.30","94,919.30",346032,62.10
12/20/2023 5:00,"11,006,683.20","163,647.80",346032,62.00
12/20/2023 6:00,"14,941,750.50","245,106.30",346032,61.90
12/20/2023 7:00,"17,870,751.30","311,570.50",346032,62.00
12/20/2023 8:00,"17,637,063.00","313,377.70",346038,62.30
12/20/2023 9:00,"16,828,725.60","288,830.90",346032,62.40
12/20/2023 10:00,"16,953,334.90","284,657.10",346032,62.30
12/20/2023 11:00,"17,560,381.30","291,239.50",346032,58.90
12/20/2023 12:00,"18,219,247.20","300,781.40",346032,58.00
12/20/2023 13:00,"18,992,096.40","316,164.50",346032,58.40
12/20/2023 14:00,"20,076,976.20","348,170.40",346032,58.50
12/20/2023 15:00,"20,354,970.60","378,960.50",346032,62.00
12/20/2023 16:00,"19,972,603.40","391,229.50",346032,62.30
12/20/2023 17:00,"19,165,547.00","389,307.90",346032,62.30
12/20/2023 18:00,"16,576,246.90","299,310.00",346032,62.30
12/20/2023 19:00,"13,392,720.60","218,442.40",346032,62.30
12/20/2023 20:00,"11,357,101.50","179,072.50",346032,62.20
12/20/2023 21:00,"9,854,345.80","151,235.30",346032,62.00
12/20/2023 22:00,"7,733,721.60","117,113.40",346032,62.00
12/20/2023 23:00,"5,509,040.00","83,063.00",345780,62.10
12/21/2023 0:00,"3,921,852.40","59,095.10",346032,62.80
12/21/2023 1:00,"3,055,115.50","46,305.50",346032,62.80
12/21/2023 2:00,"2,914,155.10","44,280.40",346032,62.70
12/21/2023 3:00,"3,715,643.60","56,076.30",346032,62.50
12/21/2023 4:00,"6,353,207.90","94,940.20",346032,62.30
12/21/2023 5:00,"10,957,024.30","162,659.80",346038,62.10
12/21/2023 6:00,"14,969,262.20","240,229.60",346050,62.20
12/21/2023 7:00,"18,033,714.30","299,322.50",346056,62.50
12/21/2023 8:00,"17,993,596.10","298,563.40",346038,62.70
12/21/2023 9:00,"17,437,338.40","285,989.90",346032,62.60
12/21/2023 10:00,"18,055,030.90","296,386.90",346032,62.70
12/21/2023 11:00,"18,832,101.70","309,532.70",346032,62.80
12/21/2023 12:00,"19,422,232.60","320,439.40",346032,62.80
12/21/2023 13:00,"20,172,649.70","335,644.40",346032,62.80
12/21/2023 14:00,"21,153,127.80","366,911.90",346032,62.70
12/21/2023 15:00,"21,311,466.10","395,164.70",346032,62.70
12/21/2023 16:00,"21,020,583.00","405,287.10",346032,62.70
12/21/2023 17:00,"20,202,531.50","402,398.50",346032,62.70
12/21/2023 18:00,"17,643,374.30","314,656.00",346032,62.40
12/21/2023 19:00,"14,556,140.20","232,923.30",346032,62.70
12/21/2023 20:00,"12,611,073.10","194,360.00",346032,62.70
12/21/2023 21:00,"11,181,477.90","167,502.30",346032,62.60
12/21/2023 22:00,"8,929,432.20","133,836.90",346032,62.50
12/21/2023 23:00,"6,276,126.20","94,733.10",346032,62.70
12/22/2023 0:00,"5,457,537.80","83,663.20",436221,55.90
12/22/2023 1:00,"4,237,702.30","64,930.60",444420,55.40
12/22/2023 2:00,"3,900,850.40","59,522.60",444420,55.30
12/22/2023 3:00,"4,541,441.80","68,809.40",444216,53.70
12/22/2023 4:00,"7,365,307.90","109,779.50",443887,48.20
12/22/2023 5:00,"12,706,917.60","187,527.30",444069,55.20
12/22/2023 6:00,"17,313,182.90","274,593.80",443998,55.10
12/22/2023 7:00,"20,729,890.20","338,490.20",444033,55.20
12/22/2023 8:00,"21,456,372.10","353,423.60",444028,55.20
12/22/2023 9:00,"22,154,281.70","363,635.90",444124,55.30
12/22/2023 10:00,"23,582,714.00","396,476.10",444093,55.30
12/22/2023 11:00,"24,698,897.80","428,658.70",444149,55.30
12/22/2023 12:00,"25,463,675.40","454,779.20",444163,55.40
12/22/2023 13:00,"25,805,334.30","475,239.10",444083,55.30
12/22/2023 14:00,"26,332,273.10","503,159.60",444144,55.40
12/22/2023 15:00,"26,089,969.70","508,238.20",444158,55.30
12/22/2023 16:00,"25,555,129.40","495,046.30",444033,55.30
12/22/2023 17:00,"24,998,981.30","478,730.40",444053,55.30
12/22/2023 18:00,"22,945,984.00","402,143.60",444013,55.30
12/22/2023 19:00,"20,030,052.40","320,279.80",444028,55.30
12/22/2023 20:00,"17,523,888.30","269,257.70",444018,55.80
12/22/2023 21:00,"15,767,662.60","234,570.80",444003,56.40
12/22/2023 22:00,"13,341,116.60","198,414.90",444028,56.70
12/22/2023 23:00,"9,992,227.80","148,917.10",444063,57.00
12/23/2023 0:00,"7,119,356.50","105,802.20",444099,53.90
12/23/2023 1:00,"5,210,124.30","77,720.30",444028,53.80
12/23/2023 2:00,"4,388,706.80","65,761.70",444039,53.80
12/23/2023 3:00,"4,030,794.40","60,572.40",443993,53.80
12/23/2023 4:00,"4,806,336.60","71,850.00",444079,53.70
12/23/2023 5:00,"6,931,902.60","102,833.60",443998,53.70
12/23/2023 6:00,"10,238,969.20","153,765.50",444028,53.70
12/23/2023 7:00,"13,953,201.60","210,383.70",444028,53.60
12/23/2023 8:00,"17,964,294.70","272,832.70",444018,53.80
12/23/2023 9:00,"22,048,280.20","340,339.20",444033,53.90
12/23/2023 10:00,"24,748,998.10","394,961.00",444018,53.90
12/23/2023 11:00,"26,039,025.80","431,493.70",444023,53.90
12/23/2023 12:00,"26,323,503.30","447,853.10",444068,54.00
12/23/2023 13:00,"26,175,296.00","451,027.20",444023,54.00
12/23/2023 14:00,"26,183,286.90","450,941.70",444033,54.00
12/23/2023 15:00,"25,925,668.10","444,744.30",444038,53.90
12/23/2023 16:00,"25,172,748.20","430,346.90",444033,53.90
12/23/2023 17:00,"24,055,385.90","408,629.10",444068,53.80
12/23/2023 18:00,"21,797,101.60","353,716.10",444093,53.90
12/23/2023 19:00,"18,986,887.80","294,239.30",444053,53.80
12/23/2023 20:00,"17,056,080.80","259,969.10",444039,53.80
12/23/2023 21:00,"15,811,125.00","235,163.90",443998,53.80
12/23/2023 22:00,"13,709,058.10","203,033.20",443786,53.80
12/23/2023 23:00,"10,277,476.70","152,420.50",443806,53.80
12/24/2023 0:00,"7,172,411.10","107,431.40",444064,55.50
12/24/2023 1:00,"4,974,658.80","74,487.50",444033,55.50
12/24/2023 2:00,"3,941,003.70","59,124.80",444039,55.50
12/24/2023 3:00,"3,263,868.50","49,155.60",444048,55.40
12/24/2023 4:00,"3,418,243.80","51,349.10",443993,55.40
12/24/2023 5:00,"4,517,362.00","67,482.70",444028,55.30
12/24/2023 6:00,"6,414,091.70","95,779.10",444023,55.20
12/24/2023 7:00,"8,720,554.40","129,781.50",444028,55.20
12/24/2023 8:00,"12,279,563.40","182,927.80",444013,55.40
12/24/2023 9:00,"16,814,609.50","253,148.40",444003,55.50
12/24/2023 10:00,"20,207,464.50","308,433.10",444033,55.50
12/24/2023 11:00,"21,972,042.90","340,230.50",443973,55.50
12/24/2023 12:00,"23,036,517.80","361,543.50",444028,55.50
12/24/2023 13:00,"23,320,164.60","369,401.40",444038,55.50
12/24/2023 14:00,"23,287,497.10","371,869.70",444028,55.50
12/24/2023 15:00,"22,927,924.80","365,603.40",444018,55.50
12/24/2023 16:00,"22,079,617.50","350,732.50",444058,55.50
12/24/2023 17:00,"20,793,916.40","333,430.10",444058,55.50
12/24/2023 18:00,"18,547,520.20","292,031.20",444018,55.50
12/24/2023 19:00,"16,320,606.40","251,028.00",444028,55.50
12/24/2023 20:00,"15,231,623.50","232,881.00",444043,55.50
12/24/2023 21:00,"14,095,227.10","207,684.10",443988,55.50
12/24/2023 22:00,"11,870,917.10","174,268.50",443983,55.50
12/24/2023 23:00,"8,931,502.30","130,863.70",444003,55.50
12/25/2023 0:00,"6,623,976.30","97,070.80",444069,55.60
12/25/2023 1:00,"5,317,878.80","77,739.50",444048,55.60
12/25/2023 2:00,"3,750,658.60","55,286.60",443978,55.60
12/25/2023 3:00,"3,046,012.20","45,492.10",444059,55.60
12/25/2023 4:00,"3,842,804.70","57,218.80",444099,55.60
12/25/2023 5:00,"6,227,530.10","92,095.30",444008,55.50
12/25/2023 6:00,"8,426,202.00","131,793.50",444006,55.40
12/25/2023 7:00,"10,102,258.30","165,248.70",444003,55.30
12/25/2023 8:00,"11,814,622.60","192,706.20",443998,55.30
12/25/2023 9:00,"14,364,661.50","226,148.50",444028,55.60
12/25/2023 10:00,"17,315,263.60","269,056.40",444013,55.60
12/25/2023 11:00,"19,882,130.90","309,440.60",444008,55.60
12/25/2023 12:00,"21,517,693.20","339,459.40",444013,55.60
12/25/2023 13:00,"22,356,975.90","357,089.50",444083,55.60
12/25/2023 14:00,"22,722,080.00","367,856.20",444008,55.60
12/25/2023 15:00,"22,009,165.50","361,685.30",443988,55.60
12/25/2023 16:00,"21,042,923.00","349,162.50",443998,55.60
12/25/2023 17:00,"20,115,716.10","340,087.20",444038,55.60
12/25/2023 18:00,"18,559,566.20","301,241.20",444033,55.60
12/25/2023 19:00,"17,455,324.40","270,900.50",444023,55.60
12/25/2023 20:00,"16,295,678.30","248,988.10",444048,55.60
12/25/2023 21:00,"14,923,019.60","218,487.00",444038,55.60
12/25/2023 22:00,"11,194,886.40","162,056.70",444023,55.60
12/25/2023 23:00,"7,356,754.40","106,738.30",443776,55.60
12/26/2023 0:00,"4,752,022.90","69,798.10",444044,55.60
12/26/2023 1:00,"3,408,064.80","50,540.40",444058,55.60
12/26/2023 2:00,"3,066,336.00","45,805.60",444038,55.60
12/26/2023 3:00,"3,849,449.70","57,297.90",444048,55.50
12/26/2023 4:00,"6,758,448.70","99,024.30",443988,55.40
12/26/2023 5:00,"11,918,316.80","172,498.10",444033,55.30
12/26/2023 6:00,"15,833,595.70","246,802.80",443998,55.20
12/26/2023 7:00,"18,405,057.10","297,737.80",444063,55.30
12/26/2023 8:00,"19,335,889.40","315,641.30",444013,55.50
12/26/2023 9:00,"20,771,218.00","335,196.30",444028,55.50
12/26/2023 10:00,"22,837,011.60","369,729.60",444053,55.50
12/26/2023 11:00,"24,319,428.20","401,734.40",444018,55.40
12/26/2023 12:00,"24,875,732.70","420,268.90",444028,55.40
12/26/2023 13:00,"25,466,441.70","437,369.60",443788,55.40
12/26/2023 14:00,"26,268,664.40","460,557.50",444053,55.30
12/26/2023 15:00,"26,501,014.50","477,843.80",444063,55.30
12/26/2023 16:00,"25,715,325.10","470,650.60",443993,55.40
12/26/2023 17:00,"24,702,682.40","459,365.10",444008,54.50
12/26/2023 18:00,"21,419,068.70","367,443.10",444018,51.90
12/26/2023 19:00,"18,004,280.70","282,732.20",444058,51.90
12/26/2023 20:00,"15,345,661.90","233,538.10",444003,51.90
12/26/2023 21:00,"13,205,862.40","194,754.70",444028,51.90
12/26/2023 22:00,"10,442,472.50","153,835.80",444073,51.90
12/26/2023 23:00,"7,324,822.50","108,745.00",444013,51.90
12/27/2023 0:00,"4,989,590.50","74,478.70",444060,52.20
12/27/2023 1:00,"3,748,261.10","56,331.40",444043,52.20
12/27/2023 2:00,"3,494,952.20","52,759.40",444038,52.20
12/27/2023 3:00,"4,371,082.00","65,684.80",444053,52.10
12/27/2023 4:00,"7,635,595.50","112,934.80",444120,52.00
12/27/2023 5:00,"13,414,865.60","196,866.50",444023,51.90
12/27/2023 6:00,"17,751,015.00","281,996.60",444028,51.80
12/27/2023 7:00,"20,455,904.30","337,447.10",444013,51.80
12/27/2023 8:00,"20,839,123.70","347,126.10",444008,52.00
12/27/2023 9:00,"21,407,605.50","353,037.60",444008,52.10
12/27/2023 10:00,"22,720,474.50","374,981.50",443799,53.80
12/27/2023 11:00,"23,835,223.50","399,363.50",444043,49.40
12/27/2023 12:00,"24,493,584.10","415,247.60",444033,55.60
12/27/2023 13:00,"24,971,804.90","432,450.00",444058,55.60
12/27/2023 14:00,"25,880,456.30","465,698.40",444043,55.60
12/27/2023 15:00,"26,031,500.30","488,268.10",444068,55.60
12/27/2023 16:00,"25,491,196.70","489,608.70",444059,55.60
12/27/2023 17:00,"24,470,445.40","479,489.00",444098,55.60
12/27/2023 18:00,"21,175,640.90","377,462.40",444033,55.50
12/27/2023 19:00,"17,586,518.50","280,153.90",444008,55.60
12/27/2023 20:00,"14,836,409.60","227,096.70",444028,55.60
12/27/2023 21:00,"12,891,027.20","192,339.70",444089,55.60
12/27/2023 22:00,"10,248,529.20","152,968.30",444088,55.60
12/27/2023 23:00,"7,164,150.40","107,421.40",444008,55.60
12/28/2023 0:00,"4,993,586.60","74,837.80",444074,55.80
12/28/2023 1:00,"3,816,195.80","57,711.60",444043,55.80
12/28/2023 2:00,"3,565,131.20","54,204.50",443978,55.80
12/28/2023 3:00,"4,415,087.20","66,882.50",444048,55.70
12/28/2023 4:00,"7,562,288.90","112,805.70",443787,55.70
12/28/2023 5:00,"13,304,422.50","197,032.40",444038,55.50
12/28/2023 6:00,"17,693,794.00","282,035.80",444008,55.50
12/28/2023 7:00,"20,411,573.20","334,970.40",444058,55.50
12/28/2023 8:00,"20,820,284.20","344,641.30",444136,55.60
12/28/2023 9:00,"21,542,735.90","355,966.50",444047,55.70
12/28/2023 10:00,"22,957,887.30","379,827.80",444105,55.70
12/28/2023 11:00,"23,903,086.60","404,735.80",443847,55.70
12/28/2023 12:00,"24,546,043.00","420,428.90",444060,55.70
12/28/2023 13:00,"25,162,353.30","434,260.80",444089,54.30
12/28/2023 14:00,"26,131,496.00","464,752.90",444068,53.40
12/28/2023 15:00,"26,475,345.60","489,413.00",443846,53.40
12/28/2023 16:00,"26,096,384.00","493,189.70",444114,55.10
12/28/2023 17:00,"25,213,812.50","491,430.70",444134,55.70
12/28/2023 18:00,"22,076,977.60","392,833.70",444078,55.70
12/28/2023 19:00,"18,525,565.10","295,601.50",444134,55.70
12/28/2023 20:00,"15,721,897.00","241,036.40",443790,55.70
12/28/2023 21:00,"13,703,485.00","205,011.60",444059,55.70
12/28/2023 22:00,"11,115,001.30","166,376.10",444056,55.80
12/28/2023 23:00,"7,878,115.30","117,603.80",443852,55.80
12/29/2023 0:00,"5,463,253.60","82,352.40",444369,55.70
12/29/2023 1:00,"4,109,746.70","62,159.10",444292,55.70
12/29/2023 2:00,"3,814,851.20","58,018.90",444373,55.60
12/29/2023 3:00,"4,446,254.00","67,280.70",444261,55.60
12/29/2023 4:00,"7,219,439.80","107,896.60",444304,55.50
12/29/2023 5:00,"12,252,499.60","181,745.90",444244,55.40
12/29/2023 6:00,"16,467,465.70","261,562.90",444316,55.30
12/29/2023 7:00,"19,302,886.90","313,252.60",444326,55.40
12/29/2023 8:00,"20,225,779.70","331,750.30",444069,55.30
12/29/2023 9:00,"21,353,014.40","349,350.80",444261,55.60
12/29/2023 10:00,"23,168,595.30","383,733.70",444297,55.60
12/29/2023 11:00,"24,823,249.20","420,882.20",444241,55.50
12/29/2023 12:00,"25,671,101.70","447,224.90",444328,55.30
12/29/2023 13:00,"26,101,387.20","465,884.20",444299,55.20
12/29/2023 14:00,"26,548,553.20","488,755.10",444331,55.60
12/29/2023 15:00,"26,235,215.10","494,467.90",444362,55.60
12/29/2023 16:00,"25,587,732.40","481,522.90",444322,55.60
12/29/2023 17:00,"24,531,168.70","463,057.30",444321,55.60
12/29/2023 18:00,"22,136,953.50","389,390.30",444291,55.60
12/29/2023 19:00,"19,139,782.00","308,823.20",444301,55.60
12/29/2023 20:00,"16,420,273.90","256,263.00",444291,55.60
12/29/2023 21:00,"14,539,167.20","221,303.60",444316,55.60
12/29/2023 22:00,"12,248,213.90","185,322.50",444386,55.60
12/29/2023 23:00,"9,186,974.90","138,710.20",444291,55.60
12/30/2023 0:00,"6,529,240.90","98,309.80",444296,55.80
12/30/2023 1:00,"4,872,969.40","73,602.20",444338,55.80
12/30/2023 2:00,"4,185,854.60","63,318.40",444286,55.70
12/30/2023 3:00,"3,883,951.90","58,902.30",444306,55.70
12/30/2023 4:00,"4,546,992.90","68,824.10",444306,55.60
12/30/2023 5:00,"6,309,635.70","95,413.00",444261,55.50
12/30/2023 6:00,"8,981,869.00","138,593.60",444301,55.50
12/30/2023 7:00,"11,985,092.20","186,072.40",444306,55.40
12/30/2023 8:00,"15,370,684.10","240,787.70",444326,55.40
12/30/2023 9:00,"18,952,000.00","300,582.90",444291,55.50
12/30/2023 10:00,"21,898,092.90","352,163.50",444301,55.60
12/30/2023 11:00,"23,935,329.20","390,004.30",444266,55.60
12/30/2023 12:00,"24,723,785.30","407,554.60",444282,55.60
12/30/2023 13:00,"25,049,474.00","415,022.90",444296,55.60
12/30/2023 14:00,"25,051,327.30","416,199.50",444281,55.60
12/30/2023 15:00,"24,769,269.90","409,874.70",444271,55.60
12/30/2023 16:00,"23,965,343.90","395,239.80",444291,55.60
12/30/2023 17:00,"22,906,238.90","376,331.20",444331,55.50
12/30/2023 18:00,"20,573,719.40","328,198.60",444311,55.50
12/30/2023 19:00,"17,649,913.60","271,829.60",444307,55.50
12/30/2023 20:00,"15,676,574.70","238,529.80",444266,55.50
12/30/2023 21:00,"14,331,129.70","213,210.10",444386,55.50
12/30/2023 22:00,"12,320,356.00","182,804.70",444286,55.50
12/30/2023 23:00,"9,491,307.00","141,165.10",444044,55.50
12/31/2023 0:00,"6,735,850.30","100,495.40",444311,55.20
12/31/2023 1:00,"4,791,578.20","71,865.00",444356,55.20
12/31/2023 2:00,"3,971,091.00","59,678.20",444396,55.30
12/31/2023 3:00,"3,368,249.20","50,874.10",444266,55.20
12/31/2023 4:00,"3,445,244.80","51,958.30",444286,55.20
12/31/2023 5:00,"4,510,801.20","67,779.70",444301,55.10
12/31/2023 6:00,"6,303,833.70","94,626.40",444296,55.00
12/31/2023 7:00,"8,324,499.00","124,809.40",444321,55.00
12/31/2023 8:00,"11,385,299.70","171,543.90",444046,55.20
12/31/2023 9:00,"15,472,971.30","235,455.60",444256,55.20
12/31/2023 10:00,"18,484,499.20","284,618.50",444296,55.20
12/31/2023 11:00,"20,152,511.70","314,467.60",444286,55.20
12/31/2023 12:00,"21,186,274.30","333,474.60",444401,55.20
12/31/2023 13:00,"21,872,167.90","345,998.90",444276,55.20
12/31/2023 14:00,"21,978,326.70","347,883.60",444346,55.20
12/31/2023 15:00,"21,440,655.80","338,983.50",444311,55.20
12/31/2023 16:00,"20,672,343.90","325,811.30",444341,55.20
12/31/2023 17:00,"19,720,549.80","311,758.80",444074,55.30
12/31/2023 18:00,"17,954,085.10","280,555.40",444347,55.20
12/31/2023 19:00,"15,594,336.20","240,228.60",444071,55.20
12/31/2023 20:00,"13,587,514.10","209,554.80",444396,55.20
12/31/2023 21:00,"11,785,078.50","176,264.20",444342,55.10
12/31/2023 22:00,"9,765,661.80","145,603.50",444327,55.10
12/31/2023 23:00,"6,962,439.50","103,842.40",444054,55.10
1/1/2024 0:00,"6,864,086.80","103,233.80",444341,55.30
1/1/2024 1:00,"7,429,320.20","112,180.70",444328,55.30
1/1/2024 2:00,"5,499,017.00","82,671.00",444307,55.10
1/1/2024 3:00,"4,391,303.00","65,944.70",444276,55.20
1/1/2024 4:00,"4,731,623.20","70,829.60",444306,55.30
1/1/2024 5:00,"7,000,397.20","104,451.20",444297,55.20
1/1/2024 6:00,"9,144,804.30","143,378.00",444254,55.20
1/1/2024 7:00,"10,634,421.30","174,573.10",444251,55.10
1/1/2024 8:00,"11,875,773.40","195,944.60",444351,55.10
1/1/2024 9:00,"13,938,012.70","223,265.50",444331,55.10
1/1/2024 10:00,"16,819,949.20","266,990.80",444286,55.10
1/1/2024 11:00,"19,784,462.80","315,362.80",444329,55.10
1/1/2024 12:00,"21,519,533.80","346,804.70",444332,55.10
1/1/2024 13:00,"22,530,956.60","365,626.20",444271,55.10
1/1/2024 14:00,"22,985,201.20","377,369.80",444297,55.00
1/1/2024 15:00,"22,695,914.70","379,648.40",444312,54.20
1/1/2024 16:00,"21,879,765.60","371,637.10",444307,55.00
1/1/2024 17:00,"21,121,068.50","363,268.50",444317,55.10
1/1/2024 18:00,"19,295,422.70","318,363.60",444267,55.10
1/1/2024 19:00,"16,543,182.60","260,045.00",444256,55.10
1/1/2024 20:00,"14,121,063.70","218,073.40",444261,55.10
1/1/2024 21:00,"11,833,820.10","177,520.50",444306,55.10
1/1/2024 22:00,"9,385,483.00","140,613.40",444291,55.20
1/1/2024 23:00,"6,532,252.20","98,454.30",444086,55.20
1/2/2024 0:00,"4,471,798.90","67,225.40",444327,54.80
1/2/2024 1:00,"3,375,042.90","51,166.90",444308,54.70
1/2/2024 2:00,"3,179,276.10","48,275.60",444282,54.70
1/2/2024 3:00,"4,198,011.20","63,392.20",444283,54.60
1/2/2024 4:00,"7,706,257.60","115,049.50",444286,54.60
1/2/2024 5:00,"13,850,699.60","207,918.90",444256,54.50
1/2/2024 6:00,"18,410,381.60","293,273.80",444306,54.50
1/2/2024 7:00,"21,327,693.70","351,520.10",444266,54.50
1/2/2024 8:00,"21,242,979.90","353,609.90",444286,54.40
1/2/2024 9:00,"20,724,799.50","342,988.00",444321,54.60
1/2/2024 10:00,"21,418,747.50","353,469.30",444292,54.60
1/2/2024 11:00,"22,316,604.60","368,796.90",444357,54.60
1/2/2024 12:00,"23,181,543.60","384,871.00",444276,54.60
1/2/2024 13:00,"24,156,824.60","402,815.30",444281,54.60
1/2/2024 14:00,"25,456,937.10","437,570.00",444266,54.60
1/2/2024 15:00,"26,034,019.80","472,891.30",444277,54.60
1/2/2024 16:00,"25,619,882.40","481,466.30",444287,54.60
1/2/2024 17:00,"24,651,879.40","475,326.20",444281,54.60
1/2/2024 18:00,"20,752,740.60","366,993.60",444246,54.60
1/2/2024 19:00,"16,582,916.90","268,707.40",444221,54.70
1/2/2024 20:00,"13,742,000.70","215,010.70",444277,54.70
1/2/2024 21:00,"11,733,394.40","178,471.20",444201,54.70
1/2/2024 22:00,"9,526,367.60","144,067.30",444246,54.70
1/2/2024 23:00,"6,835,825.60","103,350.00",444291,54.70
1/3/2024 0:00,"4,792,460.20","72,606.20",444226,55.20
1/3/2024 1:00,"3,699,056.50","56,419.50",444346,55.30
1/3/2024 2:00,"3,500,553.20","53,458.30",444241,55.20
1/3/2024 3:00,"4,458,642.50","67,727.40",444282,55.10
1/3/2024 4:00,"7,948,302.20","120,318.40",444262,55.00
1/3/2024 5:00,"13,981,459.20","217,269.20",444267,55.00
1/3/2024 6:00,"18,619,703.10","317,912.70",444256,54.90
1/3/2024 7:00,"21,775,072.00","386,051.70",444276,54.90
1/3/2024 8:00,"21,597,767.40","381,784.90",444287,54.90
1/3/2024 9:00,"20,698,795.40","352,643.30",444231,54.90
1/3/2024 10:00,"20,699,927.30","344,503.90",444277,55.00
1/3/2024 11:00,"21,247,462.10","350,844.10",444311,55.00
1/3/2024 12:00,"22,273,022.10","368,344.30",444306,55.00
1/3/2024 13:00,"23,212,796.60","384,872.80",444242,55.00
1/3/2024 14:00,"24,707,447.80","417,613.90",444291,55.00
1/3/2024 15:00,"25,430,566.70","451,969.00",444376,54.70
1/3/2024 16:00,"25,380,099.50","471,074.00",444316,54.60
1/3/2024 17:00,"24,715,330.40","477,677.50",444316,54.60
1/3/2024 18:00,"20,979,840.50","368,553.10",444316,54.60
1/3/2024 19:00,"16,676,118.40","263,789.30",444261,54.60
1/3/2024 20:00,"13,881,060.50","212,252.60",444286,54.50
1/3/2024 21:00,"11,951,759.70","179,441.30",444287,54.50
1/3/2024 22:00,"9,426,718.40","141,556.80",444507,54.40
1/3/2024 23:00,"6,719,612.00","101,270.40",444455,54.40
1/4/2024 0:00,"4,733,155.50","71,660.00",444274,54.60
1/4/2024 1:00,"3,655,626.50","55,867.80",444384,54.50
1/4/2024 2:00,"3,504,872.10","53,604.70",444368,54.50
1/4/2024 3:00,"4,477,933.60","68,057.60",444308,54.40
1/4/2024 4:00,"7,960,543.20","119,444.30",444416,54.40
1/4/2024 5:00,"14,462,480.70","217,172.00",444552,54.30
1/4/2024 6:00,"19,415,030.50","316,430.70",444606,54.30
1/4/2024 7:00,"22,624,387.20","386,678.30",444624,54.40
1/4/2024 8:00,"22,536,895.80","388,012.20",444624,54.50
1/4/2024 9:00,"21,515,371.80","363,126.70",444624,54.50
1/4/2024 10:00,"21,617,720.20","361,435.40",444624,54.50
1/4/2024 11:00,"22,154,323.60","369,263.80",444624,54.50
1/4/2024 12:00,"22,912,495.00","381,715.90",444624,54.50
1/4/2024 13:00,"23,876,648.30","400,779.30",444624,54.50
1/4/2024 14:00,"25,239,578.30","440,263.20",444624,54.50
1/4/2024 15:00,"25,911,390.30","482,199.00",444624,54.60
1/4/2024 16:00,"25,752,253.10","507,063.20",444624,54.60
1/4/2024 17:00,"25,203,527.80","518,634.40",444624,54.60
1/4/2024 18:00,"21,937,458.60","413,097.10",444624,52.90
1/4/2024 19:00,"18,003,946.40","293,010.00",444624,54.50
1/4/2024 20:00,"15,002,823.10","231,688.70",444624,54.60
1/4/2024 21:00,"12,777,610.40","191,971.20",444624,54.60
1/4/2024 22:00,"10,214,640.20","153,000.00",444624,54.00
1/4/2024 23:00,"7,256,449.00","109,236.30",444624,54.50
1/5/2024 0:00,"5,038,707.70","76,395.30",444624,48.30
1/5/2024 1:00,"3,816,388.10","57,946.30",444624,48.30
1/5/2024 2:00,"3,600,138.70","54,716.00",444624,48.20
1/5/2024 3:00,"4,418,001.70","66,871.50",444372,48.10
1/5/2024 4:00,"7,640,868.20","114,445.60",444624,48.10
1/5/2024 5:00,"13,650,719.20","204,507.30",444624,48.00
1/5/2024 6:00,"18,524,613.90","296,052.70",444624,48.00
1/5/2024 7:00,"21,702,768.30","357,210.60",444624,48.00
1/5/2024 8:00,"21,783,396.20","363,926.70",444624,47.60
1/5/2024 9:00,"21,300,960.80","354,470.20",444624,47.10
1/5/2024 10:00,"22,042,669.60","369,197.40",444624,47.20
1/5/2024 11:00,"23,178,871.00","392,506.50",444624,47.50
1/5/2024 12:00,"24,084,651.60","414,275.10",444624,47.30
1/5/2024 13:00,"24,814,035.00","438,862.90",444624,47.00
1/5/2024 14:00,"25,746,406.80","477,574.00",444624,47.00
1/5/2024 15:00,"26,003,690.40","508,066.70",444624,46.30
1/5/2024 16:00,"25,786,079.60","509,282.50",444624,47.20
1/5/2024 17:00,"25,263,694.50","501,745.00",444624,47.00
1/5/2024 18:00,"22,726,930.00","409,680.00",444624,44.80
1/5/2024 19:00,"19,485,377.90","314,419.10",444624,44.60
1/5/2024 20:00,"16,663,543.50","257,035.70",444624,44.60
1/5/2024 21:00,"14,732,443.50","220,605.00",444624,44.60
1/5/2024 22:00,"12,440,372.10","185,863.30",444624,44.60
1/5/2024 23:00,"9,131,992.90","136,619.60",444372,44.60
1/6/2024 0:00,"6,424,153.80","96,244.30",444624,44.80
1/6/2024 1:00,"4,707,445.50","70,987.40",444624,44.80
1/6/2024 2:00,"4,043,663.10","61,037.80",444624,44.80
1/6/2024 3:00,"3,777,370.00","57,198.10",444624,44.70
1/6/2024 4:00,"4,637,678.20","69,896.70",444624,44.60
1/6/2024 5:00,"6,851,271.00","102,623.90",444624,44.60
1/6/2024 6:00,"10,217,612.00","154,615.50",444624,44.50
1/6/2024 7:00,"13,645,263.50","207,924.60",444624,44.50
1/6/2024 8:00,"17,157,094.30","264,224.80",444624,44.50
1/6/2024 9:00,"20,301,063.30","317,814.20",444624,44.60
1/6/2024 10:00,"22,530,062.90","360,612.90",444624,44.00
1/6/2024 11:00,"23,921,570.90","391,870.20",444624,42.90
1/6/2024 12:00,"24,457,929.90","407,947.80",444624,42.70
1/6/2024 13:00,"24,546,077.10","416,885.40",444624,42.80
1/6/2024 14:00,"24,515,730.60","420,529.50",444624,43.00
1/6/2024 15:00,"24,229,765.20","416,737.40",444624,42.80
1/6/2024 16:00,"23,662,573.20","403,135.70",444624,45.20
1/6/2024 17:00,"22,720,614.30","385,121.50",444624,45.20
1/6/2024 18:00,"20,600,370.20","335,018.20",444624,45.20
1/6/2024 19:00,"17,674,794.90","273,240.10",444624,45.30
1/6/2024 20:00,"15,777,757.60","241,450.90",444624,45.10
1/6/2024 21:00,"14,761,278.60","220,816.50",444624,45.20
1/6/2024 22:00,"12,895,086.10","191,817.70",444624,45.10
1/6/2024 23:00,"9,817,074.60","146,158.60",444372,44.90
1/7/2024 0:00,"6,840,937.80","101,951.70",444624,45.00
1/7/2024 1:00,"4,758,431.90","71,385.00",444624,45.10
1/7/2024 2:00,"3,792,009.10","57,080.90",444624,45.20
1/7/2024 3:00,"3,142,601.10","47,748.20",444420,45.10
1/7/2024 4:00,"3,347,438.10","50,424.70",444624,43.90
1/7/2024 5:00,"4,618,626.90","69,468.60",444624,45.00
1/7/2024 6:00,"6,769,780.00","101,639.20",444624,45.00
1/7/2024 7:00,"9,078,211.10","136,708.70",444624,45.00
1/7/2024 8:00,"12,387,986.40","187,420.40",444624,45.10
1/7/2024 9:00,"16,649,919.90","254,891.60",444624,45.10
1/7/2024 10:00,"20,211,051.50","314,316.70",444624,45.00
1/7/2024 11:00,"22,147,967.40","350,597.40",444624,45.00
1/7/2024 12:00,"23,333,596.60","374,983.20",444624,44.90
1/7/2024 13:00,"23,758,433.60","386,200.40",444624,44.90
1/7/2024 14:00,"23,602,288.20","385,315.80",444624,44.90
1/7/2024 15:00,"23,356,583.30","380,173.90",444624,44.90
1/7/2024 16:00,"23,094,646.30","377,187.00",444624,44.90
1/7/2024 17:00,"22,515,593.20","372,187.50",444624,45.00
1/7/2024 18:00,"20,425,021.70","331,725.10",444624,45.00
1/7/2024 19:00,"17,932,195.80","283,841.70",444624,45.00
1/7/2024 20:00,"15,864,717.40","249,662.90",444372,45.00
1/7/2024 21:00,"13,468,019.10","205,470.30",444372,45.00
1/7/2024 22:00,"10,301,945.00","156,342.90",444624,45.00
1/7/2024 23:00,"6,970,975.30","105,753.30",444624,45.00
1/8/2024 0:00,"4,735,181.80","71,627.70",444624,44.70
1/8/2024 1:00,"3,625,690.40","55,479.40",444372,44.70
1/8/2024 2:00,"3,293,426.60","50,882.20",444624,44.60
1/8/2024 3:00,"4,225,092.90","65,765.50",444624,44.60
1/8/2024 4:00,"7,747,254.20","121,875.00",444624,44.50
1/8/2024 5:00,"13,885,310.50","225,679.20",444624,44.50
1/8/2024 6:00,"18,801,429.40","326,722.80",444642,44.40
1/8/2024 7:00,"22,169,683.40","410,081.50",444624,44.50
1/8/2024 8:00,"21,757,237.40","408,792.70",444624,44.60
1/8/2024 9:00,"20,079,186.70","359,076.70",444624,44.60
1/8/2024 10:00,"19,995,939.60","349,486.60",444624,44.60
1/8/2024 11:00,"20,453,921.40","356,577.60",444582,44.70
1/8/2024 12:00,"21,535,665.60","375,577.40",444588,44.60
1/8/2024 13:00,"22,421,825.80","392,620.50",444588,44.60
1/8/2024 14:00,"24,129,650.30","432,085.80",444576,44.60
1/8/2024 15:00,"25,094,420.60","473,752.60",444546,44.60
1/8/2024 16:00,"24,956,913.50","491,720.90",444588,44.70
1/8/2024 17:00,"24,035,807.60","477,793.90",444582,44.60
1/8/2024 18:00,"20,307,503.30","366,527.20",444588,44.70
1/8/2024 19:00,"16,049,617.00","262,701.60",444561,44.60
1/8/2024 20:00,"13,448,799.80","214,850.40",444552,44.70
1/8/2024 21:00,"11,363,547.80","176,877.90",444552,44.70
1/8/2024 22:00,"8,838,708.30","137,365.20",444588,44.70
1/8/2024 23:00,"6,287,570.10","98,515.90",444336,44.60
1/9/2024 0:00,"4,372,347.70","68,676.40",444400,54.00
1/9/2024 1:00,"3,446,871.70","54,639.80",444588,54.00
1/9/2024 2:00,"3,373,905.60","53,116.90",444588,53.90
1/9/2024 3:00,"4,388,178.90","68,297.60",444588,53.80
1/9/2024 4:00,"8,001,801.10","122,919.60",444573,53.70
1/9/2024 5:00,"14,526,442.30","225,798.70",444582,53.50
1/9/2024 6:00,"20,029,870.50","340,752.00",444582,53.50
1/9/2024 7:00,"23,651,923.10","442,058.10",444582,53.80
1/9/2024 8:00,"23,119,007.60","457,212.90",444582,53.80
1/9/2024 9:00,"21,067,071.20","392,195.90",444594,53.80
1/9/2024 10:00,"20,178,325.60","352,964.80",444582,53.80
1/9/2024 11:00,"20,165,744.50","345,157.70",444582,53.80
1/9/2024 12:00,"21,040,954.70","355,912.10",444594,53.80
1/9/2024 13:00,"22,131,375.00","376,015.90",444582,53.80
1/9/2024 14:00,"24,061,088.00","421,895.40",444576,53.80
1/9/2024 15:00,"25,280,669.80","473,712.20",444570,53.80
1/9/2024 16:00,"25,347,253.30","499,961.70",444582,53.80
1/9/2024 17:00,"24,493,695.90","503,386.20",444570,53.70
1/9/2024 18:00,"20,983,659.90","394,014.40",444582,53.80
1/9/2024 19:00,"16,570,095.90","269,380.70",444570,53.70
1/9/2024 20:00,"13,624,199.10","211,260.00",444588,53.80
1/9/2024 21:00,"11,410,500.60","172,736.60",444576,53.80
1/9/2024 22:00,"8,930,585.80","135,222.60",444564,53.80
1/9/2024 23:00,"6,392,695.90","97,262.50",444582,53.80
1/10/2024 0:00,"4,513,523.10","68,606.80",444484,53.80
1/10/2024 1:00,"3,528,372.40","54,314.40",444576,53.00
1/10/2024 2:00,"3,431,492.30","52,654.50",444582,52.80
1/10/2024 3:00,"4,412,895.40","67,094.90",444570,52.80
1/10/2024 4:00,"8,038,066.10","120,969.40",444217,53.00
1/10/2024 5:00,"14,599,440.40","222,472.60",444515,52.80
1/10/2024 6:00,"20,065,920.80","339,426.50",444576,53.70
1/10/2024 7:00,"23,974,194.80","438,065.50",444540,54.00
1/10/2024 8:00,"23,366,476.10","442,974.80",444570,54.10
1/10/2024 9:00,"21,092,814.50","376,725.30",444576,53.90
1/10/2024 10:00,"20,248,539.40","346,146.50",444576,53.90
1/10/2024 11:00,"20,418,694.20","343,217.70",444576,53.90
1/10/2024 12:00,"21,189,775.30","354,735.00",444570,53.80
1/10/2024 13:00,"22,352,739.60","377,769.60",444594,53.30
1/10/2024 14:00,"24,163,135.90","422,325.20",444594,53.80
1/10/2024 15:00,"25,146,155.50","472,580.10",444564,53.80
1/10/2024 16:00,"25,221,082.30","500,903.50",444564,52.10
1/10/2024 17:00,"24,352,523.00","506,335.40",444570,51.30
1/10/2024 18:00,"20,995,652.80","398,889.00",444570,51.30
1/10/2024 19:00,"16,883,402.70","279,704.60",444564,51.30
1/10/2024 20:00,"14,114,005.10","219,182.20",444570,51.30
1/10/2024 21:00,"11,987,267.10","181,214.10",444576,51.30
1/10/2024 22:00,"9,325,045.60","140,357.20",444570,51.40
1/10/2024 23:00,"6,546,280.60","99,130.10",444570,51.40
1/11/2024 0:00,"4,569,196.20","69,199.20",444514,51.20
1/11/2024 1:00,"3,556,430.20","54,255.00",444582,51.20
1/11/2024 2:00,"3,433,280.50","52,435.60",444582,51.10
1/11/2024 3:00,"4,438,970.70","67,422.40",444576,51.10
1/11/2024 4:00,"8,119,006.20","122,009.10",444535,51.00
1/11/2024 5:00,"14,651,144.00","224,494.10",444570,50.90
1/11/2024 6:00,"20,107,260.60","342,466.70",444576,51.30
1/11/2024 7:00,"23,942,797.80","442,312.90",444570,52.10
1/11/2024 8:00,"23,499,877.50","454,857.00",444576,52.10
1/11/2024 9:00,"21,530,056.90","392,097.80",444576,52.30
1/11/2024 10:00,"20,871,803.70","359,016.50",444570,52.40
1/11/2024 11:00,"21,080,545.10","357,173.40",444576,52.60
1/11/2024 12:00,"22,070,695.90","372,842.40",444570,52.50
1/11/2024 13:00,"23,160,295.80","394,128.70",444582,52.50
1/11/2024 14:00,"24,923,997.60","441,871.50",444564,52.50
1/11/2024 15:00,"25,802,575.10","498,028.00",444576,52.50
1/11/2024 16:00,"25,689,500.10","528,849.90",444540,52.60
1/11/2024 17:00,"24,977,604.30","540,230.30",444570,52.60
1/11/2024 18:00,"22,008,533.50","430,403.20",444500,52.60
1/11/2024 19:00,"18,204,684.10","304,802.90",444534,52.60
1/11/2024 20:00,"15,322,625.80","240,297.10",444546,52.60
1/11/2024 21:00,"13,041,304.30","197,007.70",444570,52.60
1/11/2024 22:00,"10,160,335.60","152,837.80",444540,52.60
1/11/2024 23:00,"7,159,645.20","108,308.90",444576,52.60
1/12/2024 0:00,"4,904,335.60","74,328.10",444479,54.00
1/12/2024 1:00,"3,777,373.90","57,562.30",444564,54.10
1/12/2024 2:00,"3,619,620.70","55,172.40",444564,54.00
1/12/2024 3:00,"4,463,337.30","67,558.60",444324,54.00
1/12/2024 4:00,"7,747,178.60","116,158.00",444228,53.90
1/12/2024 5:00,"13,810,294.20","208,429.20",444564,53.80
1/12/2024 6:00,"19,055,946.60","311,458.80",444588,53.80
1/12/2024 7:00,"23,014,320.70","395,805.00",444570,53.90
1/12/2024 8:00,"22,969,399.60","402,578.10",444576,54.00
1/12/2024 9:00,"21,498,753.20","364,686.90",444469,54.00
1/12/2024 10:00,"21,821,727.30","368,697.30",444576,54.00
1/12/2024 11:00,"22,831,632.80","386,945.90",444515,53.90
1/12/2024 12:00,"23,961,183.10","411,574.10",444570,53.90
1/12/2024 13:00,"25,007,978.90","439,455.50",444576,53.90
1/12/2024 14:00,"26,089,346.00","483,604.30",444582,53.90
1/12/2024 15:00,"26,513,682.20","526,457.90",444570,53.90
1/12/2024 16:00,"26,129,891.50","535,915.20",444570,53.90
1/12/2024 17:00,"25,515,144.10","524,337.40",444546,53.90
1/12/2024 18:00,"23,063,300.00","433,865.70",444547,54.00
1/12/2024 19:00,"19,941,859.30","333,175.90",444534,54.00
1/12/2024 20:00,"17,208,000.50","270,782.30",444570,54.00
1/12/2024 21:00,"15,080,268.10","227,232.70",444535,54.00
1/12/2024 22:00,"12,445,117.00","186,182.90",444529,54.00
1/12/2024 23:00,"9,154,760.30","137,297.90",444318,54.00
1/13/2024 0:00,"6,457,322.80","97,036.20",444494,54.40
1/13/2024 1:00,"4,764,169.70","71,992.30",444570,54.40
1/13/2024 2:00,"4,127,991.50","62,357.40",444564,54.40
1/13/2024 3:00,"3,828,811.10","57,936.20",444283,54.40
1/13/2024 4:00,"4,687,647.60","70,674.90",444501,54.30
1/13/2024 5:00,"6,890,958.80","103,034.10",444570,54.30
1/13/2024 6:00,"10,301,815.20","155,777.50",444564,54.20
1/13/2024 7:00,"13,904,496.20","213,399.90",444570,54.30
1/13/2024 8:00,"17,424,447.40","270,624.70",444541,54.30
1/13/2024 9:00,"20,525,825.30","323,776.10",444576,54.40
1/13/2024 10:00,"22,566,036.80","363,372.90",444564,54.40
1/13/2024 11:00,"23,744,416.30","390,042.00",444582,54.40
1/13/2024 12:00,"24,264,448.90","406,542.40",444594,54.40
1/13/2024 13:00,"24,273,796.40","410,577.10",444324,54.40
1/13/2024 14:00,"24,225,401.60","409,976.60",444594,54.40
1/13/2024 15:00,"23,923,423.00","405,043.10",444594,54.40
1/13/2024 16:00,"23,551,501.70","399,463.00",444600,54.40
1/13/2024 17:00,"22,516,021.90","382,672.10",444606,54.40
1/13/2024 18:00,"20,349,072.00","334,607.00",444612,54.40
1/13/2024 19:00,"17,207,426.80","270,433.60",444606,54.30
1/13/2024 20:00,"15,351,166.70","238,375.00",444600,54.30
1/13/2024 21:00,"14,379,567.80","218,545.80",444594,54.30
1/13/2024 22:00,"12,543,498.40","189,623.60",444588,54.30
1/13/2024 23:00,"9,476,456.60","142,597.60",444552,54.40
1/14/2024 0:00,"6,765,653.40","101,428.60",444582,54.50
1/14/2024 1:00,"4,749,646.70","71,264.00",444559,54.50
1/14/2024 2:00,"3,859,313.50","58,013.50",444344,54.50
1/14/2024 3:00,"3,217,264.00","48,565.00",444448,54.50
1/14/2024 4:00,"3,435,262.00","51,749.80",444345,54.40
1/14/2024 5:00,"4,684,094.30","70,235.00",444158,54.40
1/14/2024 6:00,"6,957,085.50","104,361.20",444227,54.20
1/14/2024 7:00,"9,344,143.10","140,427.90",444267,54.30
1/14/2024 8:00,"12,627,186.40","191,275.20",444277,54.40
1/14/2024 9:00,"16,934,759.40","259,865.60",444227,54.40
1/14/2024 10:00,"20,360,499.50","316,610.30",444197,54.40
1/14/2024 11:00,"22,349,432.40","352,786.00",444287,52.20
1/14/2024 12:00,"23,551,502.50","377,535.40",444277,52.00
1/14/2024 13:00,"23,866,199.80","387,395.30",444307,52.00
1/14/2024 14:00,"23,487,254.50","382,364.60",444303,52.00
1/14/2024 15:00,"23,085,151.30","373,343.50",444282,51.90
1/14/2024 16:00,"22,665,060.70","364,594.00",444212,54.30
1/14/2024 17:00,"21,949,322.10","356,629.10",444278,54.30
1/14/2024 18:00,"19,864,203.30","320,054.30",444222,54.30
1/14/2024 19:00,"17,270,620.50","272,557.50",444222,54.40
1/14/2024 20:00,"15,635,475.10","245,581.60",444207,54.40
1/14/2024 21:00,"13,401,566.00","204,573.60",444192,54.30
1/14/2024 22:00,"10,382,236.70","158,141.50",444247,54.40
1/14/2024 23:00,"7,191,480.70","109,641.40",444282,54.40
1/15/2024 0:00,"4,877,527.00","74,137.30",444287,54.40
1/15/2024 1:00,"3,622,411.60","55,828.60",444287,54.40
1/15/2024 2:00,"3,287,746.60","51,159.10",444227,54.40
1/15/2024 3:00,"3,980,562.30","62,303.40",444257,54.30
1/15/2024 4:00,"6,877,236.60","108,245.90",444172,54.20
1/15/2024 5:00,"12,022,541.10","191,796.00",444257,54.10
1/15/2024 6:00,"16,251,804.20","271,029.80",444280,54.10
1/15/2024 7:00,"18,440,244.10","316,474.30",444257,54.20
1/15/2024 8:00,"19,063,569.50","331,560.50",444217,54.30
1/15/2024 9:00,"19,971,930.10","345,926.40",444262,54.40
1/15/2024 10:00,"21,482,016.30","373,636.50",444252,54.30
1/15/2024 11:00,"22,842,158.40","400,793.80",444222,54.30
1/15/2024 12:00,"23,602,208.10","417,872.80",444262,54.30
1/15/2024 13:00,"24,461,751.60","435,690.20",444267,54.30
1/15/2024 14:00,"25,329,028.90","459,275.80",444253,54.20
1/15/2024 15:00,"25,673,304.30","479,568.20",444252,54.20
1/15/2024 16:00,"25,225,303.10","474,895.10",444257,54.20
1/15/2024 17:00,"24,274,449.20","454,685.30",444222,54.20
1/15/2024 18:00,"20,917,143.50","366,706.90",444247,54.20
1/15/2024 19:00,"17,174,381.20","280,573.60",444248,54.30
1/15/2024 20:00,"14,407,184.80","230,188.30",444232,54.20
1/15/2024 21:00,"11,942,866.10","185,945.20",444285,54.20
1/15/2024 22:00,"9,067,242.20","140,667.60",444237,54.30
1/15/2024 23:00,"6,330,609.50","98,618.50",444267,54.30
1/16/2024 0:00,"4,407,146.80","68,214.00",444262,54.50
1/16/2024 1:00,"3,420,903.50","53,398.60",444237,54.50
1/16/2024 2:00,"3,325,405.70","51,777.00",444272,54.40
1/16/2024 3:00,"4,386,322.90","67,586.60",444232,54.40
1/16/2024 4:00,"8,148,315.80","124,387.70",444172,54.30
1/16/2024 5:00,"14,904,527.40","231,944.90",444272,54.10
1/16/2024 6:00,"20,316,293.30","349,107.00",444281,54.00
1/16/2024 7:00,"24,096,180.00","455,775.10",444301,54.00
1/16/2024 8:00,"23,435,709.40","468,586.70",444267,54.00
1/16/2024 9:00,"21,423,502.90","398,915.10",444197,54.00
1/16/2024 10:00,"20,532,443.00","356,998.20",444237,54.00
1/16/2024 11:00,"20,720,253.90","349,707.10",444286,54.00
1/16/2024 12:00,"21,432,083.30","359,471.90",444247,54.00
1/16/2024 13:00,"22,482,035.80","379,544.70",444287,54.10
1/16/2024 14:00,"24,229,809.20","424,753.70",444298,54.10
1/16/2024 15:00,"25,235,499.90","483,687.30",444232,54.20
1/16/2024 16:00,"25,084,252.80","515,762.90",444283,54.20
1/16/2024 17:00,"24,124,349.80","516,337.80",444326,54.10
1/16/2024 18:00,"20,757,160.00","408,075.70",444222,54.10
1/16/2024 19:00,"16,676,796.80","283,845.80",444217,54.10
1/16/2024 20:00,"13,717,027.10","218,262.40",444232,54.10
1/16/2024 21:00,"11,421,812.30","175,310.40",444259,54.10
1/16/2024 22:00,"8,911,410.70","135,896.60",444237,54.10
1/16/2024 23:00,"6,354,498.30","96,714.10",444317,54.20
1/17/2024 0:00,"4,420,208.90","67,199.60",444010,54.40
1/17/2024 1:00,"3,434,385.80","52,694.20",444038,54.40
1/17/2024 2:00,"3,353,861.40","51,413.00",444013,54.30
1/17/2024 3:00,"4,386,562.60","66,776.10",444117,54.20
1/17/2024 4:00,"8,130,782.90","122,486.10",444064,54.20
1/17/2024 5:00,"14,945,037.30","228,542.50",443850,54.10
1/17/2024 6:00,"20,318,280.10","346,717.90",444048,54.10
1/17/2024 7:00,"24,197,695.20","451,764.60",443796,54.10
1/17/2024 8:00,"23,719,097.00","463,138.80",444024,54.10
1/17/2024 9:00,"21,693,158.50","392,573.80",444028,54.20
1/17/2024 10:00,"20,817,896.60","355,695.40",443978,54.20
1/17/2024 11:00,"20,967,462.30","352,524.20",443998,54.20
1/17/2024 12:00,"21,722,691.10","365,100.60",443802,54.20
1/17/2024 13:00,"22,793,497.50","384,261.00",443801,54.20
1/17/2024 14:00,"24,554,410.00","427,296.40",444058,54.20
1/17/2024 15:00,"25,704,685.80","479,958.70",444013,54.20
1/17/2024 16:00,"25,583,352.80","505,441.50",443786,54.20
1/17/2024 17:00,"24,802,185.20","513,121.90",444044,54.20
1/17/2024 18:00,"21,588,787.10","411,331.00",443786,54.20
1/17/2024 19:00,"17,457,907.10","288,476.30",443816,54.20
1/17/2024 20:00,"14,668,432.60","231,052.60",443766,54.20
1/17/2024 21:00,"12,457,618.10","193,092.40",443816,54.20
1/17/2024 22:00,"9,761,724.00","152,760.20",443791,54.20
1/17/2024 23:00,"7,094,682.20","113,258.20",443786,54.20
1/18/2024 0:00,"4,549,972.50","68,800.60",443756,53.20
1/18/2024 1:00,"3,514,634.80","53,521.70",444028,53.10
1/18/2024 2:00,"3,390,429.40","51,669.80",444033,53.10
1/18/2024 3:00,"4,434,668.50","67,312.10",444058,53.10
1/18/2024 4:00,"8,096,158.10","121,727.40",443761,53.00
1/18/2024 5:00,"14,851,676.70","225,849.70",444068,52.90
1/18/2024 6:00,"20,403,956.90","345,369.50",444043,53.00
1/18/2024 7:00,"24,289,844.50","449,276.90",443978,52.90
1/18/2024 8:00,"23,954,910.20","457,564.60",443842,53.00
1/18/2024 9:00,"21,910,171.30","393,700.50",443766,53.00
1/18/2024 10:00,"21,145,597.60","362,134.50",443973,53.00
1/18/2024 11:00,"21,195,733.40","357,154.40",443885,53.00
1/18/2024 12:00,"21,974,998.40","369,721.90",443806,53.00
1/18/2024 13:00,"23,110,727.50","390,875.20",444069,53.10
1/18/2024 14:00,"24,816,734.10","437,197.40",443857,53.10
1/18/2024 15:00,"25,839,378.40","489,247.10",443851,53.10
1/18/2024 16:00,"25,999,609.40","522,671.40",444023,53.10
1/18/2024 17:00,"25,022,319.40","531,463.50",444080,53.10
1/18/2024 18:00,"22,036,483.90","430,023.90",444088,53.10
1/18/2024 19:00,"18,207,664.20","300,525.90",444130,53.10
1/18/2024 20:00,"15,292,030.40","236,240.00",444016,53.10
1/18/2024 21:00,"13,039,833.10","196,328.80",444097,53.10
1/18/2024 22:00,"10,186,113.40","153,242.10",444033,53.10
1/18/2024 23:00,"7,121,260.50","107,505.60",443973,53.20
1/19/2024 0:00,"4,905,608.70","74,553.70",444291,53.70
1/19/2024 1:00,"3,745,844.10","57,110.20",444320,53.80
1/19/2024 2:00,"3,582,331.90","54,571.30",444112,53.70
1/19/2024 3:00,"4,454,854.40","67,448.00",444122,53.70
1/19/2024 4:00,"7,823,886.60","116,887.60",444294,51.20
1/19/2024 5:00,"13,977,969.30","211,246.00",444087,53.50
1/19/2024 6:00,"19,296,734.80","316,651.90",444404,53.40
1/19/2024 7:00,"23,344,524.20","402,310.60",444384,53.40
1/19/2024 8:00,"23,362,713.40","407,313.80",444107,53.60
1/19/2024 9:00,"21,706,030.00","367,862.20",444102,53.60
1/19/2024 10:00,"21,824,984.50","366,490.10",444364,53.60
1/19/2024 11:00,"22,801,321.20","385,290.70",444339,53.20
1/19/2024 12:00,"23,790,123.10","406,027.60",444389,53.60
1/19/2024 13:00,"24,650,338.00","431,425.90",444380,53.60
1/19/2024 14:00,"25,803,736.10","478,209.60",444453,53.60
1/19/2024 15:00,"25,880,510.70","520,035.70",444379,53.60
1/19/2024 16:00,"25,635,748.70","527,944.20",444381,53.60
1/19/2024 17:00,"24,981,459.50","511,362.40",444445,53.60
1/19/2024 18:00,"22,669,966.90","422,392.60",444389,53.70
1/19/2024 19:00,"19,345,303.30","316,758.60",444137,53.70
1/19/2024 20:00,"16,659,887.10","260,022.30",444132,53.70
1/19/2024 21:00,"14,653,638.50","220,795.90",444400,53.70
1/19/2024 22:00,"12,189,721.30","182,849.50",444112,53.60
1/19/2024 23:00,"9,046,752.80","136,261.60",444182,53.60
1/20/2024 0:00,"6,397,483.80","96,181.00",444364,54.10
1/20/2024 1:00,"4,705,640.90","71,103.50",444389,54.10
1/20/2024 2:00,"4,057,723.70","61,410.40",444394,54.10
1/20/2024 3:00,"3,737,114.00","56,596.70",444419,54.10
1/20/2024 4:00,"4,596,162.60","69,218.90",444375,54.00
1/20/2024 5:00,"6,746,830.80","100,911.70",444374,54.00
1/20/2024 6:00,"10,102,131.70","152,216.60",444389,53.90
1/20/2024 7:00,"13,749,143.60","208,315.10",444394,53.90
1/20/2024 8:00,"17,235,272.10","265,024.60",444432,53.90
1/20/2024 9:00,"20,299,450.70","317,871.10",444541,53.60
1/20/2024 10:00,"22,020,442.80","358,176.00",444544,53.60
1/20/2024 11:00,"23,170,872.50","389,137.30",444750,51.20
1/20/2024 12:00,"23,505,327.10","408,360.90",444498,53.20
1/20/2024 13:00,"23,376,531.80","413,811.70",444756,51.40
1/20/2024 14:00,"23,163,565.40","408,070.90",444756,51.90
1/20/2024 15:00,"23,095,188.00","401,139.90",444756,50.70
1/20/2024 16:00,"22,891,962.90","390,295.20",444756,50.20
1/20/2024 17:00,"21,592,932.20","363,007.70",444756,50.20
1/20/2024 18:00,"19,039,684.90","309,705.60",444504,49.80
1/20/2024 19:00,"16,138,919.80","250,573.20",444768,49.40
1/20/2024 20:00,"14,733,421.90","227,093.50",444762,50.20
1/20/2024 21:00,"14,594,764.80","220,714.90",444762,49.20
1/20/2024 22:00,"12,841,278.50","193,176.10",444756,49.20
1/20/2024 23:00,"9,756,826.50","147,126.90",444522,49.80
1/21/2024 0:00,"6,741,127.90","101,520.10",444786,49.40
1/21/2024 1:00,"4,703,785.60","70,643.50",444774,49.40
1/21/2024 2:00,"3,753,855.40","56,240.30",444774,49.40
1/21/2024 3:00,"3,073,313.80","46,242.60",444762,49.40
1/21/2024 4:00,"3,252,060.20","48,926.00",444780,49.40
1/21/2024 5:00,"4,432,591.20","66,469.60",444780,49.30
1/21/2024 6:00,"6,423,127.70","96,366.00",444786,49.30
1/21/2024 7:00,"8,654,390.70","130,085.40",444762,49.20
1/21/2024 8:00,"11,714,017.00","177,861.40",444756,49.20
1/21/2024 9:00,"15,919,488.80","243,496.10",444756,49.20
1/21/2024 10:00,"19,355,678.90","299,986.00",444756,49.20
1/21/2024 11:00,"21,254,368.30","335,009.20",444756,49.30
1/21/2024 12:00,"22,596,571.30","359,430.30",444756,49.30
1/21/2024 13:00,"23,060,910.00","371,052.80",444756,49.30
1/21/2024 14:00,"22,983,594.90","371,109.20",444756,49.30
1/21/2024 15:00,"22,720,149.70","365,674.90",444756,49.30
1/21/2024 16:00,"22,049,721.90","353,177.40",444756,49.20
1/21/2024 17:00,"20,987,851.40","336,557.40",444756,49.20
1/21/2024 18:00,"19,031,151.40","303,328.60",444756,49.10
1/21/2024 19:00,"17,224,742.30","271,809.80",444756,48.00
1/21/2024 20:00,"15,138,624.10","239,091.00",444756,46.90
1/21/2024 21:00,"12,886,413.70","197,313.30",444756,46.90
1/21/2024 22:00,"9,893,212.90","150,016.80",444560,46.90
1/21/2024 23:00,"6,780,819.40","102,806.60",444117,46.90
1/22/2024 0:00,"4,700,051.90","71,163.30",444389,46.40
1/22/2024 1:00,"3,616,982.30","55,405.20",444389,46.40
1/22/2024 2:00,"3,217,739.80","49,796.60",444370,46.30
1/22/2024 3:00,"4,020,139.40","63,298.90",444097,46.30
1/22/2024 4:00,"7,129,087.30","114,867.40",444324,46.20
1/22/2024 5:00,"12,688,732.10","210,226.70",444379,46.20
1/22/2024 6:00,"17,049,825.00","305,719.20",444423,46.10
1/22/2024 7:00,"20,781,160.20","405,838.60",444364,46.80
1/22/2024 8:00,"20,570,103.50","415,374.60",444379,48.30
1/22/2024 9:00,"19,077,990.50","357,899.30",444409,48.30
1/22/2024 10:00,"18,718,333.10","332,538.30",444374,48.40
1/22/2024 11:00,"19,521,495.30","343,035.20",444379,48.40
1/22/2024 12:00,"20,532,495.70","359,838.10",444738,48.50
1/22/2024 13:00,"21,406,115.10","375,899.50",444714,48.50
1/22/2024 14:00,"22,861,718.30","410,197.10",444714,48.50
1/22/2024 15:00,"23,605,085.70","440,472.00",444702,48.40
1/22/2024 16:00,"23,552,103.10","446,199.30",444708,48.20
1/22/2024 17:00,"22,884,137.40","438,272.40",444726,48.30
1/22/2024 18:00,"19,339,105.60","340,630.50",444714,48.30
1/22/2024 19:00,"15,423,892.90","251,022.20",444691,48.30
1/22/2024 20:00,"12,856,144.90","204,533.00",444708,48.30
1/22/2024 21:00,"10,961,362.50","169,264.20",444714,48.30
1/22/2024 22:00,"8,635,010.20","132,700.90",444702,48.30
1/22/2024 23:00,"6,100,989.20","93,851.20",444702,48.30
1/23/2024 0:00,"4,221,027.10","65,382.90",444507,53.70
1/23/2024 1:00,"3,326,479.30","51,850.90",444594,53.60
1/23/2024 2:00,"3,263,334.40","50,828.60",444559,53.70
1/23/2024 3:00,"4,308,535.40","66,293.90",444600,53.60
1/23/2024 4:00,"7,985,404.90","121,388.40",444455,53.60
1/23/2024 5:00,"14,658,916.50","225,191.90",444589,53.40
1/23/2024 6:00,"20,086,467.90","345,491.00",444589,53.50
1/23/2024 7:00,"24,059,578.00","451,128.30",444606,53.00
1/23/2024 8:00,"23,565,466.40","460,612.80",444313,52.40
1/23/2024 9:00,"21,498,506.00","394,972.00",444506,52.40
1/23/2024 10:00,"20,716,389.00","357,432.40",444501,52.40
1/23/2024 11:00,"20,694,945.70","347,433.90",444537,52.40
1/23/2024 12:00,"21,287,644.40","354,098.60",444432,52.50
1/23/2024 13:00,"22,270,076.40","371,889.10",444498,50.80
1/23/2024 14:00,"24,224,511.90","418,432.60",444504,52.40
1/23/2024 15:00,"25,098,054.80","466,683.30",444462,52.40
1/23/2024 16:00,"25,318,308.80","498,635.90",444462,52.40
1/23/2024 17:00,"24,557,006.20","501,356.80",444462,52.40
1/23/2024 18:00,"21,132,962.00","398,690.80",444462,52.40
1/23/2024 19:00,"16,882,088.90","279,373.30",444406,52.50
1/23/2024 20:00,"13,969,126.30","217,283.40",444462,52.50
1/23/2024 21:00,"11,762,563.80","177,349.20",444462,52.50
1/23/2024 22:00,"9,222,542.60","138,863.20",444432,52.50
1/23/2024 23:00,"6,483,690.30","98,139.80",444210,52.60
1/24/2024 0:00,"4,468,216.20","67,651.30",444367,53.00
1/24/2024 1:00,"3,479,543.40","53,135.00",444427,53.00
1/24/2024 2:00,"3,354,938.00","51,259.90",444373,52.90
1/24/2024 3:00,"4,346,522.60","66,053.50",444390,52.80
1/24/2024 4:00,"8,011,070.30","120,450.30",444248,52.70
1/24/2024 5:00,"14,597,134.60","220,919.10",444238,52.60
1/24/2024 6:00,"19,834,444.80","340,707.20",444396,52.60
1/24/2024 7:00,"23,544,411.00","450,789.60",444364,52.50
1/24/2024 8:00,"23,119,552.20","468,635.30",444390,52.70
1/24/2024 9:00,"21,272,081.40","398,404.40",444336,52.70
1/24/2024 10:00,"20,503,705.30","353,726.30",444384,52.70
1/24/2024 11:00,"20,633,113.80","345,479.30",444390,52.70
1/24/2024 12:00,"21,501,256.20","358,014.40",444396,52.70
1/24/2024 13:00,"22,424,520.50","375,392.00",444396,52.70
1/24/2024 14:00,"24,198,648.00","422,692.20",444396,52.70
1/24/2024 15:00,"25,124,941.10","470,069.40",444390,52.70
1/24/2024 16:00,"25,110,846.60","498,754.50",444354,52.70
1/24/2024 17:00,"24,336,802.60","507,040.30",444390,52.60
1/24/2024 18:00,"21,248,736.50","404,535.60",444372,52.60
1/24/2024 19:00,"17,125,748.80","280,207.20",444349,52.70
1/24/2024 20:00,"14,325,036.50","220,833.80",444390,52.60
1/24/2024 21:00,"12,154,331.60","182,663.30",444390,52.60
1/24/2024 22:00,"9,477,708.80","142,376.10",444390,52.60
1/24/2024 23:00,"6,614,921.80","99,756.30",444138,52.60
1/25/2024 0:00,"4,590,554.60","69,392.90",444290,55.50
1/25/2024 1:00,"3,559,875.40","54,200.90",444390,55.50
1/25/2024 2:00,"3,442,234.30","52,641.50",444384,55.50
1/25/2024 3:00,"4,464,350.70","67,770.90",444390,55.30
1/25/2024 4:00,"8,150,140.00","122,772.50",444195,55.20
1/25/2024 5:00,"14,795,201.50","226,379.80",444390,55.20
1/25/2024 6:00,"20,140,748.80","349,681.20",444390,55.10
1/25/2024 7:00,"24,047,692.10","461,235.70",444390,55.10
1/25/2024 8:00,"23,550,447.40","478,448.80",444390,55.30
1/25/2024 9:00,"21,903,862.80","412,692.30",444349,55.40
1/25/2024 10:00,"21,198,954.30","368,359.80",444390,55.40
1/25/2024 11:00,"21,392,327.00","362,145.40",444361,55.10
1/25/2024 12:00,"22,237,960.70","373,857.00",444328,55.00
1/25/2024 13:00,"23,279,763.10","394,720.90",444396,55.40
1/25/2024 14:00,"24,962,899.90","442,965.60",444390,55.40
1/25/2024 15:00,"25,633,807.30","495,835.90",444390,55.50
1/25/2024 16:00,"25,469,425.10","525,283.40",444384,55.40
1/25/2024 17:00,"24,854,942.80","538,334.50",444390,55.40
1/25/2024 18:00,"22,221,539.00","441,084.00",444355,55.40
1/25/2024 19:00,"18,534,978.60","312,996.60",444355,55.40
1/25/2024 20:00,"15,622,136.00","244,594.60",444390,55.40
1/25/2024 21:00,"13,204,783.40","200,043.20",444360,55.50
1/25/2024 22:00,"10,384,682.20","156,925.10",444347,55.50
1/25/2024 23:00,"7,268,562.70","109,865.40",444390,55.30
1/26/2024 0:00,"5,030,747.60","76,059.40",444273,55.40
1/26/2024 1:00,"3,857,163.50","58,662.70",444396,55.30
1/26/2024 2:00,"3,655,291.40","55,557.30",444402,55.30
1/26/2024 3:00,"4,489,580.50","67,937.10",444390,55.30
1/26/2024 4:00,"7,879,823.10","117,796.20",444338,54.60
1/26/2024 5:00,"14,131,550.50","211,185.30",444402,53.50
1/26/2024 6:00,"19,530,361.80","320,365.60",444396,55.10
1/26/2024 7:00,"23,661,298.50","410,467.70",444390,55.10
1/26/2024 8:00,"23,472,502.90","413,654.80",444366,55.20
1/26/2024 9:00,"21,914,660.60","373,143.50",444390,55.30
1/26/2024 10:00,"22,036,213.20","372,462.50",444384,55.20
1/26/2024 11:00,"23,000,142.10","389,140.50",444383,55.10
1/26/2024 12:00,"24,045,697.40","411,105.60",444414,55.10
1/26/2024 13:00,"24,881,023.30","437,561.40",444367,55.10
1/26/2024 14:00,"25,849,429.20","481,659.10",444390,55.10
1/26/2024 15:00,"26,362,192.50","524,348.50",444396,55.10
1/26/2024 16:00,"26,162,011.20","534,834.70",444361,55.10
1/26/2024 17:00,"25,506,268.00","520,420.80",444346,55.10
1/26/2024 18:00,"23,197,666.10","435,671.40",444349,55.10
1/26/2024 19:00,"19,960,424.60","333,049.00",444299,55.10
1/26/2024 20:00,"17,251,438.10","270,338.50",444384,55.10
1/26/2024 21:00,"15,232,949.30","229,777.50",444384,55.10
1/26/2024 22:00,"12,553,260.30","188,295.40",444364,55.10
1/26/2024 23:00,"9,344,688.20","140,268.50",444138,55.20
1/27/2024 0:00,"6,479,244.10","97,008.50",444268,55.40
1/27/2024 1:00,"4,767,941.10","71,742.60",444361,55.40
1/27/2024 2:00,"4,106,253.50","61,965.10",444390,55.40
1/27/2024 3:00,"3,813,461.90","57,739.40",444103,55.30
1/27/2024 4:00,"4,745,283.80","71,465.90",443982,55.30
1/27/2024 5:00,"7,197,779.80","107,816.80",444337,54.70
1/27/2024 6:00,"11,018,107.30","167,092.00",444270,55.20
1/27/2024 7:00,"14,889,455.60","227,980.00",444084,55.20
1/27/2024 8:00,"18,611,159.20","287,778.80",444260,55.30
1/27/2024 9:00,"21,634,373.50","341,518.60",444289,55.30
1/27/2024 10:00,"23,502,181.60","380,924.80",444306,55.30
1/27/2024 11:00,"24,515,000.20","409,378.60",444390,55.30
1/27/2024 12:00,"24,867,903.70","424,561.00",444336,55.30
1/27/2024 13:00,"24,847,714.60","428,199.50",444390,55.30
1/27/2024 14:00,"24,897,844.30","432,255.40",444360,55.30
1/27/2024 15:00,"24,899,124.40","433,598.90",444361,55.30
1/27/2024 16:00,"24,748,344.40","431,634.90",444396,55.20
1/27/2024 17:00,"23,895,990.20","416,109.90",444384,55.30
1/27/2024 18:00,"21,918,755.60","371,841.60",444355,55.30
1/27/2024 19:00,"18,711,522.20","296,215.80",444310,55.30
1/27/2024 20:00,"16,301,473.90","251,223.30",444360,55.30
1/27/2024 21:00,"15,260,974.80","230,879.70",444390,55.30
1/27/2024 22:00,"13,504,836.90","203,427.40",444396,55.20
1/27/2024 23:00,"10,127,374.00","151,288.40",444138,55.30
1/28/2024 0:00,"6,992,584.20","104,247.50",444258,55.20
1/28/2024 1:00,"4,960,091.40","74,202.40",444408,55.20
1/28/2024 2:00,"3,996,784.50","59,887.90",444390,55.20
1/28/2024 3:00,"3,285,963.60","49,468.10",444390,55.20
1/28/2024 4:00,"3,333,235.90","49,930.80",444259,45.80
1/28/2024 5:00,"4,737,470.60","70,926.90",444152,55.10
1/28/2024 6:00,"7,120,977.40","106,610.90",444390,55.00
1/28/2024 7:00,"9,787,690.90","146,149.10",444390,55.10
1/28/2024 8:00,"13,395,269.30","201,241.80",444324,55.20
1/28/2024 9:00,"17,747,925.20","270,356.30",444067,55.10
1/28/2024 10:00,"21,091,416.70","327,958.60",444047,55.10
1/28/2024 11:00,"23,037,091.70","367,469.90",444072,55.10
1/28/2024 12:00,"23,805,137.70","385,825.90",444107,55.10
1/28/2024 13:00,"23,920,849.20","388,882.30",444087,55.10
1/28/2024 14:00,"23,694,655.10","386,511.70",444088,55.00
1/28/2024 15:00,"23,399,554.30","380,633.40",444063,55.10
1/28/2024 16:00,"22,103,390.40","356,657.10",444053,55.10
1/28/2024 17:00,"21,127,145.50","339,888.10",444053,55.10
1/28/2024 18:00,"19,618,018.70","314,670.40",444123,55.00
1/28/2024 19:00,"19,334,017.60","305,479.50",444276,55.00
1/28/2024 20:00,"16,975,872.70","266,977.30",444330,55.00
1/28/2024 21:00,"13,922,899.20","209,715.00",444348,55.00
1/28/2024 22:00,"10,319,371.40","153,869.50",444348,55.10
1/28/2024 23:00,"6,983,119.60","104,268.30",444414,55.10
1/29/2024 0:00,"4,709,455.70","70,615.20",444432,55.20
1/29/2024 1:00,"3,535,036.10","53,385.10",444438,55.20
1/29/2024 2:00,"3,351,897.00","50,741.20",444432,55.20
1/29/2024 3:00,"4,429,215.30","66,736.40",444432,55.20
1/29/2024 4:00,"8,166,481.80","122,407.20",444426,55.10
1/29/2024 5:00,"14,532,628.00","223,050.50",444379,55.00
1/29/2024 6:00,"19,662,733.30","331,620.20",444444,55.00
1/29/2024 7:00,"23,223,182.70","425,232.60",444396,55.00
1/29/2024 8:00,"22,711,855.10","431,943.20",444343,55.00
1/29/2024 9:00,"20,825,914.70","368,142.90",444272,54.90
1/29/2024 10:00,"20,429,369.00","346,107.60",444342,54.90
1/29/2024 11:00,"20,586,098.90","343,839.30",444445,51.90
1/29/2024 12:00,"21,499,841.80","358,649.70",444383,54.80
1/29/2024 13:00,"22,281,167.10","374,359.20",444341,54.80
1/29/2024 14:00,"23,965,468.00","415,520.10",444331,54.80
1/29/2024 15:00,"24,979,993.30","461,956.30",444357,54.80
1/29/2024 16:00,"24,819,009.60","479,142.70",444271,54.80
1/29/2024 17:00,"24,054,919.20","469,598.70",444236,54.90
1/29/2024 18:00,"20,545,618.90","367,457.40",444226,54.90
1/29/2024 19:00,"16,327,070.60","260,926.50",444236,54.90
1/29/2024 20:00,"13,406,192.60","207,540.50",444221,54.90
1/29/2024 21:00,"11,181,560.70","169,305.20",444221,55.00
1/29/2024 22:00,"8,737,720.70","132,244.70",444271,55.00
1/29/2024 23:00,"6,197,158.50","94,222.60",444266,54.90
1/30/2024 0:00,"4,344,500.00","65,891.60",443926,53.10
1/30/2024 1:00,"3,406,144.90","52,032.80",443866,53.10
1/30/2024 2:00,"3,332,718.70","51,044.90",443856,52.80
1/30/2024 3:00,"4,367,396.90","66,362.70",443896,52.70
1/30/2024 4:00,"8,122,942.40","121,797.70",443901,52.60
1/30/2024 5:00,"14,934,307.70","225,349.10",443871,52.60
1/30/2024 6:00,"20,468,598.60","352,761.20",443841,53.00
1/30/2024 7:00,"24,237,157.70","464,254.30",443891,53.10
1/30/2024 8:00,"23,646,827.00","477,412.60",443851,53.10
1/30/2024 9:00,"21,752,856.80","408,087.70",444035,51.90
1/30/2024 10:00,"20,844,835.80","360,960.60",444084,48.20
1/30/2024 11:00,"20,817,705.50","350,685.30",443744,53.00
1/30/2024 12:00,"21,635,020.10","361,021.60",443677,53.00
1/30/2024 13:00,"22,705,677.20","381,665.50",443672,52.90
1/30/2024 14:00,"24,507,246.30","428,505.30",443692,53.00
1/30/2024 15:00,"25,454,505.80","482,631.60",443653,53.10
1/30/2024 16:00,"25,515,674.10","514,222.50",443667,53.10
1/30/2024 17:00,"24,769,423.80","518,532.60",443707,53.10
1/30/2024 18:00,"21,514,335.30","417,390.70",443692,53.20
1/30/2024 19:00,"17,396,978.80","287,875.50",443717,53.20
1/30/2024 20:00,"14,266,718.00","219,673.90",443692,53.20
1/30/2024 21:00,"11,888,526.90","178,489.60",443677,53.20
1/30/2024 22:00,"9,248,080.10","138,616.80",443677,53.20
1/30/2024 23:00,"6,417,856.30","96,600.10",443708,53.30
1/31/2024 0:00,"4,502,670.50","67,978.20",443737,53.70
1/31/2024 1:00,"3,494,873.40","53,153.00",443702,53.50
1/31/2024 2:00,"3,379,523.10","51,544.10",443712,53.50
1/31/2024 3:00,"4,414,270.00","66,785.10",443717,53.50
1/31/2024 4:00,"8,204,590.90","122,453.30",443652,53.40
1/31/2024 5:00,"15,001,366.30","225,292.30",443632,53.40
1/31/2024 6:00,"20,456,790.30","348,286.60",443667,53.40
1/31/2024 7:00,"24,358,659.20","453,649.40",443652,53.40
1/31/2024 8:00,"23,731,384.00","456,736.60",443814,53.40
1/31/2024 9:00,"21,806,534.20","391,865.20",443877,48.70
1/31/2024 10:00,"20,920,397.30","358,217.80",443988,53.40
1/31/2024 11:00,"21,077,177.20","354,920.90",443964,53.30
1/31/2024 12:00,"21,786,139.10","365,388.40",444024,53.30
1/31/2024 13:00,"22,773,093.10","387,514.20",444172,53.30
1/31/2024 14:00,"24,461,260.40","436,095.40",444234,53.30
1/31/2024 15:00,"25,158,942.60","487,185.80",444240,53.40
1/31/2024 16:00,"25,038,987.40","513,469.70",444216,53.20
1/31/2024 17:00,"24,130,893.00","515,226.70",444234,53.10
1/31/2024 18:00,"21,108,493.40","417,367.90",444222,53.10
1/31/2024 19:00,"17,272,638.60","292,186.40",444192,53.20
1/31/2024 20:00,"14,476,114.60","228,433.30",444222,53.20
1/31/2024 21:00,"12,242,286.10","187,110.00",444198,53.20
1/31/2024 22:00,"9,455,905.60","143,687.70",444222,53.20
1/31/2024 23:00,"6,633,920.20","101,271.30",444198,53.20
2/1/2024 0:00,"4,624,973.80","70,166.90",444287,53.70
2/1/2024 1:00,"3,536,660.20","54,249.30",444468,53.80
2/1/2024 2:00,"3,393,583.20","52,194.70",444403,53.70
2/1/2024 3:00,"4,366,831.80","66,539.70",444433,53.70
2/1/2024 4:00,"7,800,351.20","118,670.50",444091,53.60
2/1/2024 5:00,"13,852,972.30","214,449.30",444246,53.50
2/1/2024 6:00,"18,747,114.30","328,731.80",444216,53.40
2/1/2024 7:00,"22,763,074.50","438,726.10",444292,53.40
2/1/2024 8:00,"22,095,222.70","444,607.60",444326,53.40
2/1/2024 9:00,"20,172,759.20","380,161.40",444363,53.40
2/1/2024 10:00,"19,583,156.40","348,423.20",444377,53.30
2/1/2024 11:00,"19,934,291.10","343,870.20",444349,53.40
2/1/2024 12:00,"20,916,818.90","356,167.00",444372,53.20
2/1/2024 13:00,"21,980,165.70","371,106.80",444309,53.40
2/1/2024 14:00,"23,673,807.70","407,693.70",444332,53.40
2/1/2024 15:00,"24,567,495.40","443,182.80",444348,53.50
2/1/2024 16:00,"24,431,683.10","458,734.60",444373,53.60
2/1/2024 17:00,"23,959,253.10","462,896.00",444342,53.50
2/1/2024 18:00,"20,719,554.40","370,365.20",444347,53.40
2/1/2024 19:00,"16,891,744.10","271,047.40",444267,53.40
2/1/2024 20:00,"14,326,081.10","221,586.60",444409,53.40
2/1/2024 21:00,"12,366,951.00","187,519.60",444303,53.40
2/1/2024 22:00,"9,680,256.60","146,810.10",444398,53.50
2/1/2024 23:00,"6,820,311.00","103,506.20",444384,53.50
2/2/2024 0:00,"4,748,072.70","71,723.30",444392,53.80
2/2/2024 1:00,"3,687,018.90","56,039.30",444408,53.70
2/2/2024 2:00,"3,522,557.10","53,648.90",444397,53.70
2/2/2024 3:00,"4,360,506.50","66,159.60",444468,53.70
2/2/2024 4:00,"7,629,989.60","114,634.90",444171,53.60
2/2/2024 5:00,"13,721,308.50","206,021.10",444356,53.10
2/2/2024 6:00,"19,016,942.50","312,757.60",444161,53.50
2/2/2024 7:00,"23,307,778.90","407,751.20",444301,53.50
2/2/2024 8:00,"23,033,986.60","412,250.70",444171,53.60
2/2/2024 9:00,"21,684,079.50","373,249.50",444146,53.70
2/2/2024 10:00,"21,824,700.30","368,937.90",444202,53.70
2/2/2024 11:00,"22,751,064.80","385,277.90",444231,53.80
2/2/2024 12:00,"23,772,565.90","405,326.00",444306,53.80
2/2/2024 13:00,"24,634,412.30","428,925.90",444257,53.80
2/2/2024 14:00,"25,676,499.00","470,463.90",444277,53.80
2/2/2024 15:00,"26,016,654.10","505,206.30",444374,53.80
2/2/2024 16:00,"25,847,468.60","509,375.60",444316,53.80
2/2/2024 17:00,"25,148,082.00","497,307.40",444273,53.80
2/2/2024 18:00,"22,733,639.40","418,498.40",444309,53.80
2/2/2024 19:00,"19,622,279.80","324,382.20",444197,53.80
2/2/2024 20:00,"16,749,064.50","261,841.60",444252,53.80
2/2/2024 21:00,"14,810,704.10","223,144.80",444301,53.80
2/2/2024 22:00,"12,311,270.50","185,059.00",444335,53.80
2/2/2024 23:00,"9,199,695.50","138,083.30",444306,53.80
2/3/2024 0:00,"6,462,090.40","97,020.20",444257,53.90
2/3/2024 1:00,"4,716,958.60","71,195.80",444404,53.90
2/3/2024 2:00,"4,063,665.60","61,353.40",444438,53.90
2/3/2024 3:00,"3,785,686.60","57,260.40",444474,53.90
2/3/2024 4:00,"4,651,428.50","70,135.80",444196,53.80
2/3/2024 5:00,"7,029,957.90","105,240.70",444364,53.30
2/3/2024 6:00,"10,727,899.90","161,928.20",444276,53.60
2/3/2024 7:00,"14,432,115.20","219,706.80",444192,53.50
2/3/2024 8:00,"18,087,948.80","278,718.90",444246,53.60
2/3/2024 9:00,"21,315,803.10","333,726.60",444401,53.60
2/3/2024 10:00,"23,323,803.60","373,982.60",444282,53.60
2/3/2024 11:00,"24,451,527.70","401,427.00",444294,53.60
2/3/2024 12:00,"24,765,480.10","415,169.80",444317,53.60
2/3/2024 13:00,"24,889,573.40","421,864.00",444212,53.60
2/3/2024 14:00,"25,124,880.70","425,007.40",444261,53.60
2/3/2024 15:00,"25,150,225.20","428,636.10",444242,53.60
2/3/2024 16:00,"24,797,480.30","424,735.10",444242,53.60
2/3/2024 17:00,"23,739,365.80","409,214.90",444312,53.60
2/3/2024 18:00,"21,558,060.20","364,346.90",444146,53.60
2/3/2024 19:00,"18,552,210.80","293,502.70",444267,53.60
2/3/2024 20:00,"16,247,553.90","252,111.10",444306,53.60
2/3/2024 21:00,"14,935,317.40","228,310.10",444325,53.60
2/3/2024 22:00,"12,975,657.30","199,381.40",444357,53.60
2/3/2024 23:00,"9,859,721.20","151,178.20",444343,53.60
2/4/2024 0:00,"6,854,371.30","104,102.00",444251,54.00
2/4/2024 1:00,"4,796,151.80","72,534.80",444492,54.00
2/4/2024 2:00,"3,837,310.40","57,931.90",444462,54.00
2/4/2024 3:00,"3,151,007.30","47,859.80",444480,54.10
2/4/2024 4:00,"3,316,164.50","50,177.80",444121,53.90
2/4/2024 5:00,"4,539,629.10","68,567.60",444091,53.80
2/4/2024 6:00,"6,530,554.30","98,393.20",444096,53.80
2/4/2024 7:00,"8,529,856.40","128,897.60",444102,53.80
2/4/2024 8:00,"11,485,972.00","175,218.70",444268,53.90
2/4/2024 9:00,"15,222,177.20","236,070.30",444468,53.90
2/4/2024 10:00,"18,150,178.20","284,799.30",444438,53.90
2/4/2024 11:00,"19,934,416.30","316,689.40",444462,53.40
2/4/2024 12:00,"21,080,018.30","338,817.90",444480,53.20
2/4/2024 13:00,"21,430,168.10","349,019.80",444468,53.00
2/4/2024 14:00,"21,336,091.40","350,343.90",444462,52.50
2/4/2024 15:00,"20,677,138.60","342,937.90",444474,52.30
2/4/2024 16:00,"19,849,351.60","328,737.70",444492,51.80
2/4/2024 17:00,"18,787,288.80","310,871.90",444540,51.60
2/4/2024 18:00,"16,942,880.00","281,569.00",444540,51.70
2/4/2024 19:00,"15,007,569.40","246,418.10",444440,51.70
2/4/2024 20:00,"13,247,176.80","216,549.60",444182,52.00
2/4/2024 21:00,"11,318,875.10","177,026.40",444486,52.10
2/4/2024 22:00,"8,833,319.70","136,871.90",444511,52.30
2/4/2024 23:00,"6,190,460.80","95,223.70",444193,52.30
2/5/2024 0:00,"4,322,379.70","65,736.60",444339,51.90
2/5/2024 1:00,"3,311,507.80","50,678.90",444294,52.00
2/5/2024 2:00,"3,156,005.60","48,422.60",444540,51.90
2/5/2024 3:00,"4,130,372.60","63,381.20",444552,51.80
2/5/2024 4:00,"7,421,389.40","114,692.20",444133,52.00
2/5/2024 5:00,"13,111,105.50","207,289.40",444032,52.00
2/5/2024 6:00,"17,926,515.90","305,654.70",444439,51.90
2/5/2024 7:00,"21,903,943.10","393,883.40",444552,51.80
2/5/2024 8:00,"21,267,693.60","388,732.10",444534,51.80
2/5/2024 9:00,"19,321,778.00","338,356.10",444492,52.00
2/5/2024 10:00,"18,851,834.30","323,846.30",444492,52.00
2/5/2024 11:00,"19,209,421.30","328,767.10",444504,52.00
2/5/2024 12:00,"19,886,499.70","343,434.90",444516,52.00
2/5/2024 13:00,"20,665,796.20","358,904.90",444522,52.00
2/5/2024 14:00,"22,236,567.80","396,075.40",444504,52.00
2/5/2024 15:00,"23,096,873.20","429,279.60",444528,51.90
2/5/2024 16:00,"23,117,134.90","440,181.10",444522,51.70
2/5/2024 17:00,"22,354,054.40","426,977.20",444522,51.80
2/5/2024 18:00,"18,695,448.40","329,384.70",444522,51.80
2/5/2024 19:00,"14,691,843.80","239,208.10",444516,51.90
2/5/2024 20:00,"12,110,094.10","193,676.80",444475,51.80
2/5/2024 21:00,"10,317,044.10","160,603.20",444480,51.90
2/5/2024 22:00,"8,138,105.80","125,478.70",444433,51.90
2/5/2024 23:00,"5,882,875.20","91,153.40",444356,52.00
2/6/2024 0:00,"4,162,837.30","63,721.80",444290,53.60
2/6/2024 1:00,"3,261,524.70","50,212.70",444212,53.40
2/6/2024 2:00,"3,206,788.70","49,386.70",444282,53.50
2/6/2024 3:00,"4,214,069.80","64,824.80",444196,53.40
2/6/2024 4:00,"7,659,682.10","117,262.70",444056,53.20
2/6/2024 5:00,"13,815,839.20","212,505.50",444136,53.20
2/6/2024 6:00,"19,101,625.50","328,366.20",444151,53.20
2/6/2024 7:00,"23,281,245.70","437,225.50",444116,53.20
2/6/2024 8:00,"22,535,460.60","443,471.60",444121,53.20
2/6/2024 9:00,"20,210,215.80","375,538.60",444141,53.20
2/6/2024 10:00,"19,169,506.50","337,152.80",444156,53.30
2/6/2024 11:00,"19,217,357.90","330,619.60",444131,53.30
2/6/2024 12:00,"19,919,989.00","341,445.60",444146,53.30
2/6/2024 13:00,"20,987,747.00","358,310.70",444136,53.20
2/6/2024 14:00,"22,922,820.30","397,542.00",444106,53.30
2/6/2024 15:00,"24,027,133.90","439,317.70",444106,53.30
2/6/2024 16:00,"24,191,066.50","464,806.80",444091,53.30
2/6/2024 17:00,"23,627,437.70","467,796.30",444136,53.20
2/6/2024 18:00,"20,100,506.30","365,276.10",443904,53.20
2/6/2024 19:00,"15,952,901.90","261,130.20",444126,53.20
2/6/2024 20:00,"13,172,552.10","205,842.70",444191,53.20
2/6/2024 21:00,"11,165,654.30","169,432.90",444141,53.10
2/6/2024 22:00,"8,720,666.70","131,666.60",444101,53.10
2/6/2024 23:00,"6,191,947.30","93,766.40",443809,53.20
2/7/2024 0:00,"4,303,301.70","65,151.90",444051,53.90
2/7/2024 1:00,"3,341,001.50","51,012.00",444151,53.90
2/7/2024 2:00,"3,261,847.70","49,863.20",444066,53.90
2/7/2024 3:00,"4,265,100.70","64,478.20",444102,52.30
2/7/2024 4:00,"7,897,974.70","118,267.80",444419,50.20
2/7/2024 5:00,"14,498,779.40","217,405.60",444106,52.10
2/7/2024 6:00,"19,974,806.40","335,361.40",444171,52.10
2/7/2024 7:00,"24,158,415.90","444,948.60",444111,52.10
2/7/2024 8:00,"23,422,777.80","455,667.20",444112,53.50
2/7/2024 9:00,"21,207,909.10","390,535.90",444136,53.80
2/7/2024 10:00,"20,323,818.90","355,221.20",444116,53.70
2/7/2024 11:00,"20,567,210.30","353,507.50",444111,53.80
2/7/2024 12:00,"21,269,568.00","363,454.00",444141,53.80
2/7/2024 13:00,"22,286,002.70","379,797.00",444122,53.70
2/7/2024 14:00,"23,986,509.40","421,365.70",444131,53.60
2/7/2024 15:00,"24,929,621.60","466,531.70",444167,53.60
2/7/2024 16:00,"24,978,521.60","487,790.40",444121,53.50
2/7/2024 17:00,"24,373,727.10","489,874.10",444091,53.60
2/7/2024 18:00,"20,972,140.90","392,462.40",444101,53.60
2/7/2024 19:00,"16,830,922.10","279,401.90",444146,53.60
2/7/2024 20:00,"14,083,276.40","225,455.00",444131,53.60
2/7/2024 21:00,"12,136,320.40","189,768.40",444131,53.60
2/7/2024 22:00,"9,488,906.70","146,562.90",444141,53.60
2/7/2024 23:00,"6,661,246.10","101,907.80",444156,53.60
2/8/2024 0:00,"4,512,466.50","68,277.20",444136,53.50
2/8/2024 1:00,"3,492,917.00","53,271.80",444141,53.50
2/8/2024 2:00,"3,406,421.20","51,962.80",444111,53.40
2/8/2024 3:00,"4,410,288.20","66,716.10",444121,53.30
2/8/2024 4:00,"8,052,936.60","120,390.80",444214,52.40
2/8/2024 5:00,"14,735,804.50","220,471.30",444522,48.60
2/8/2024 6:00,"20,276,503.50","340,855.40",444141,53.10
2/8/2024 7:00,"24,451,514.70","450,698.80",444281,51.50
2/8/2024 8:00,"23,945,161.00","464,715.40",444528,48.40
2/8/2024 9:00,"22,031,619.70","400,303.60",444528,48.50
2/8/2024 10:00,"21,340,660.00","366,259.30",444528,48.50
2/8/2024 11:00,"21,536,967.30","361,718.10",444528,48.50
2/8/2024 12:00,"22,441,539.10","374,050.20",444528,48.50
2/8/2024 13:00,"23,471,943.70","395,916.70",444528,48.50
2/8/2024 14:00,"25,124,451.90","445,551.20",444188,52.60
2/8/2024 15:00,"25,927,954.10","501,748.60",444101,53.30
2/8/2024 16:00,"25,845,134.80","533,637.90",444117,53.30
2/8/2024 17:00,"25,036,662.00","541,921.20",444116,53.30
2/8/2024 18:00,"22,211,710.60","444,218.10",444101,53.30
2/8/2024 19:00,"18,540,662.00","318,518.80",444146,53.30
2/8/2024 20:00,"15,861,245.90","250,617.40",444141,53.30
2/8/2024 21:00,"13,576,717.70","205,485.90",444136,53.40
2/8/2024 22:00,"10,499,807.20","158,347.70",444121,53.30
2/8/2024 23:00,"7,363,497.00","111,177.60",443884,53.40
2/9/2024 0:00,"5,007,790.30","75,243.70",444172,48.80
2/9/2024 1:00,"3,788,571.20","57,312.40",444151,48.80
2/9/2024 2:00,"3,573,617.90","54,081.70",444086,48.60
2/9/2024 3:00,"4,413,999.90","66,399.70",444076,48.50
2/9/2024 4:00,"7,804,037.80","116,324.60",444117,48.40
2/9/2024 5:00,"14,117,515.10","210,076.10",444146,48.40
2/9/2024 6:00,"19,564,956.80","319,097.70",444081,48.30
2/9/2024 7:00,"23,632,722.80","412,139.40",444116,48.40
2/9/2024 8:00,"23,577,546.20","420,764.00",444131,48.60
2/9/2024 9:00,"22,149,525.90","377,818.60",444172,48.70
2/9/2024 10:00,"22,255,830.80","373,883.90",444106,48.80
2/9/2024 11:00,"23,194,137.80","391,039.60",444156,48.70
2/9/2024 12:00,"24,209,637.80","413,936.30",444146,48.80
2/9/2024 13:00,"25,089,243.30","442,759.10",444096,48.80
2/9/2024 14:00,"26,067,649.10","486,619.90",444126,48.80
2/9/2024 15:00,"26,359,614.90","529,961.80",444163,48.70
2/9/2024 16:00,"26,238,999.90","544,837.90",444215,48.80
2/9/2024 17:00,"25,708,370.30","531,828.20",444121,48.80
2/9/2024 18:00,"23,529,907.30","444,620.80",444121,48.80
2/9/2024 19:00,"20,377,592.70","337,544.30",444116,48.80
2/9/2024 20:00,"17,543,352.80","272,096.20",444136,48.70
2/9/2024 21:00,"15,592,107.10","234,551.50",444126,48.60
2/9/2024 22:00,"12,981,266.20","194,393.70",444117,48.60
2/9/2024 23:00,"9,573,825.00","143,548.50",443854,48.70
2/10/2024 0:00,"6,624,495.80","99,674.60",444156,53.80
2/10/2024 1:00,"4,879,234.30","73,641.50",444086,53.80
2/10/2024 2:00,"4,140,843.20","62,516.80",444066,53.70
2/10/2024 3:00,"3,841,387.80","58,220.20",444151,53.70
2/10/2024 4:00,"4,713,264.60","71,057.40",444111,53.60
2/10/2024 5:00,"7,101,243.70","106,318.50",444126,53.50
2/10/2024 6:00,"10,794,398.10","163,219.10",444107,53.40
2/10/2024 7:00,"14,714,582.90","226,043.90",444213,53.60
2/10/2024 8:00,"18,373,667.70","285,422.80",444182,53.70
2/10/2024 9:00,"21,554,009.00","339,181.90",444131,53.80
2/10/2024 10:00,"23,632,903.40","382,909.40",444107,52.60
2/10/2024 11:00,"24,771,625.50","413,854.50",444166,51.40
2/10/2024 12:00,"25,157,594.20","430,379.10",444121,51.40
2/10/2024 13:00,"25,146,354.50","433,775.80",444106,51.40
2/10/2024 14:00,"25,109,402.20","434,490.90",444106,51.40
2/10/2024 15:00,"25,056,449.70","436,383.20",444116,51.40
2/10/2024 16:00,"24,844,222.40","434,516.40",444187,53.80
2/10/2024 17:00,"24,034,033.30","420,705.40",444066,53.70
2/10/2024 18:00,"22,290,922.70","381,323.40",444136,53.70
2/10/2024 19:00,"19,262,216.00","306,877.30",444141,53.70
2/10/2024 20:00,"16,842,903.90","259,443.50",444096,53.70
2/10/2024 21:00,"15,436,254.00","230,955.30",444106,53.70
2/10/2024 22:00,"13,414,420.60","200,148.60",444162,53.60
2/10/2024 23:00,"10,145,979.60","150,860.70",444126,53.20
2/11/2024 0:00,"7,041,890.70","105,203.40",444142,53.10
2/11/2024 1:00,"4,931,944.60","74,241.80",444121,53.10
2/11/2024 2:00,"3,975,971.70","60,134.20",444151,53.20
2/11/2024 3:00,"3,269,076.00","49,524.50",444106,53.10
2/11/2024 4:00,"3,398,161.10","51,194.50",444117,53.10
2/11/2024 5:00,"4,635,267.10","69,432.60",444116,53.00
2/11/2024 6:00,"6,798,256.20","101,693.60",444136,52.90
2/11/2024 7:00,"9,290,456.20","138,940.10",444071,53.10
2/11/2024 8:00,"12,693,576.30","190,771.60",444096,53.20
2/11/2024 9:00,"16,900,033.50","256,516.60",444101,53.20
2/11/2024 10:00,"20,190,965.00","310,226.20",444116,53.30
2/11/2024 11:00,"22,026,188.60","344,606.40",444136,53.70
2/11/2024 12:00,"23,451,428.60","373,344.50",444116,53.70
2/11/2024 13:00,"24,412,507.80","396,308.80",444145,53.60
2/11/2024 14:00,"24,927,712.70","417,540.90",444188,53.60
2/11/2024 15:00,"22,584,187.60","375,654.60",444208,53.70
2/11/2024 16:00,"18,944,223.70","299,228.90",444233,53.70
2/11/2024 17:00,"17,159,908.00","266,528.50",444153,53.70
2/11/2024 18:00,"16,523,721.30","257,074.60",444213,53.70
2/11/2024 19:00,"14,702,637.80","227,313.30",444238,53.60
2/11/2024 20:00,"21,035,057.90","343,320.30",444188,53.60
2/11/2024 21:00,"16,881,758.90","266,919.00",444173,53.60
2/11/2024 22:00,"11,626,344.00","173,843.10",444203,53.60
2/11/2024 23:00,"7,294,390.10","108,776.90",444168,53.70
2/12/2024 0:00,"4,774,315.90","71,249.40",444258,53.60
2/12/2024 1:00,"3,483,057.70","52,306.40",444233,53.60
2/12/2024 2:00,"3,254,069.00","49,153.50",444210,53.50
2/12/2024 3:00,"4,262,482.10","64,043.80",444131,53.50
2/12/2024 4:00,"7,917,290.60","117,625.50",444166,53.40
2/12/2024 5:00,"14,288,872.80","212,721.20",444081,53.30
2/12/2024 6:00,"19,556,398.70","321,598.70",444225,53.30
2/12/2024 7:00,"23,198,554.80","408,049.30",444106,53.40
2/12/2024 8:00,"22,930,806.90","408,954.90",444086,53.50
2/12/2024 9:00,"21,677,517.20","367,312.30",444084,53.50
2/12/2024 10:00,"21,511,458.10","355,849.20",444152,53.50
2/12/2024 11:00,"21,849,636.60","359,589.10",444189,53.40
2/12/2024 12:00,"22,709,200.80","373,498.80",444112,53.40
2/12/2024 13:00,"23,429,232.80","388,738.10",444077,53.30
2/12/2024 14:00,"24,979,638.50","425,975.30",444099,53.30
2/12/2024 15:00,"25,701,881.80","466,912.90",444114,53.30
2/12/2024 16:00,"25,489,210.80","482,855.10",444150,53.30
2/12/2024 17:00,"24,820,696.30","472,953.00",444138,53.30
2/12/2024 18:00,"21,399,451.50","373,562.20",444073,53.10
2/12/2024 19:00,"17,164,318.50","270,463.00",444143,53.20
2/12/2024 20:00,"14,021,910.70","213,912.30",444173,53.20
2/12/2024 21:00,"11,739,155.40","175,341.90",444161,53.10
2/12/2024 22:00,"9,053,803.80","135,245.50",444116,53.20
2/12/2024 23:00,"6,354,847.00","95,513.10",443904,53.20
2/13/2024 0:00,"4,446,043.20","67,073.50",444116,53.40
2/13/2024 1:00,"3,471,266.50","52,717.00",444146,53.40
2/13/2024 2:00,"3,357,168.90","51,026.30",444106,53.40
2/13/2024 3:00,"4,394,718.70","66,264.60",443884,53.40
2/13/2024 4:00,"8,126,618.00","121,137.10",444146,53.30
2/13/2024 5:00,"14,978,612.60","225,101.90",444121,53.20
2/13/2024 6:00,"20,736,201.40","354,233.70",444116,53.20
2/13/2024 7:00,"24,598,191.60","467,061.50",444131,53.40
2/13/2024 8:00,"23,979,642.70","479,948.30",444141,53.50
2/13/2024 9:00,"22,098,289.50","414,323.80",444166,53.50
2/13/2024 10:00,"21,279,866.90","369,821.80",444116,53.60
2/13/2024 11:00,"21,196,076.80","356,185.60",444161,53.50
2/13/2024 12:00,"21,798,614.50","361,757.90",444161,53.50
2/13/2024 13:00,"22,766,090.40","379,918.10",444331,52.30
2/13/2024 14:00,"24,863,333.80","432,205.50",444106,53.50
2/13/2024 15:00,"25,832,002.80","490,347.40",444176,53.60
2/13/2024 16:00,"25,734,108.90","524,583.40",444202,53.50
2/13/2024 17:00,"24,967,031.00","526,654.00",444171,53.50
2/13/2024 18:00,"21,871,831.90","426,509.80",444161,53.50
2/13/2024 19:00,"17,792,611.40","297,353.00",444141,53.30
2/13/2024 20:00,"14,718,777.60","227,818.10",444172,53.30
2/13/2024 21:00,"12,386,604.80","185,705.10",444131,53.40
2/13/2024 22:00,"9,600,655.80","143,651.20",444439,53.40
2/13/2024 23:00,"6,626,796.40","99,804.40",444187,53.40
2/14/2024 0:00,"4,543,340.30","68,483.00",444273,53.90
2/14/2024 1:00,"3,484,064.40","52,977.90",444474,53.90
2/14/2024 2:00,"3,361,825.20","51,173.50",444474,53.90
2/14/2024 3:00,"4,394,818.10","66,590.70",444474,53.80
2/14/2024 4:00,"8,128,503.90","121,606.30",444363,53.80
2/14/2024 5:00,"14,983,538.90","224,694.10",444313,53.70
2/14/2024 6:00,"20,583,522.70","348,561.70",444474,53.80
2/14/2024 7:00,"24,595,152.50","455,165.50",444468,53.80
2/14/2024 8:00,"23,944,293.90","458,648.50",444439,53.90
2/14/2024 9:00,"21,932,354.90","394,509.70",444474,54.00
2/14/2024 10:00,"21,269,402.90","363,314.00",444474,53.90
2/14/2024 11:00,"21,568,916.00","363,086.10",444474,53.80
2/14/2024 12:00,"22,468,170.40","377,285.10",444474,54.00
2/14/2024 13:00,"23,422,972.10","400,313.80",444468,54.00
2/14/2024 14:00,"24,879,242.30","448,703.00",444444,53.50
2/14/2024 15:00,"25,510,457.90","508,815.80",444468,53.90
2/14/2024 16:00,"25,352,121.00","546,383.60",444468,53.90
2/14/2024 17:00,"24,673,341.40","553,205.80",444468,53.80
2/14/2024 18:00,"21,963,022.50","453,440.00",444444,53.80
2/14/2024 19:00,"18,127,022.70","314,922.10",444480,53.90
2/14/2024 20:00,"15,217,902.70","239,616.30",444468,53.90
2/14/2024 21:00,"13,056,766.00","198,250.60",444438,53.80
2/14/2024 22:00,"10,484,306.90","158,976.20",444474,53.90
2/14/2024 23:00,"7,506,445.40","114,931.80",444468,53.90
2/15/2024 0:00,"5,012,882.30","75,349.50",444348,54.20
2/15/2024 1:00,"3,766,724.40","57,066.50",444474,54.20
2/15/2024 2:00,"3,549,426.10","54,120.80",444462,54.20
2/15/2024 3:00,"4,502,898.50","68,054.50",444462,54.20
2/15/2024 4:00,"8,208,094.30","122,749.50",444409,54.10
2/15/2024 5:00,"14,945,060.30","225,645.50",444468,54.00
2/15/2024 6:00,"20,680,025.70","355,021.40",444462,53.90
2/15/2024 7:00,"24,642,943.70","464,242.20",444468,54.00
2/15/2024 8:00,"24,153,384.80","476,629.80",444433,53.90
2/15/2024 9:00,"22,303,275.90","414,510.40",444474,53.90
2/15/2024 10:00,"21,804,305.70","379,202.70",444474,53.90
2/15/2024 11:00,"21,980,562.30","371,999.90",444468,53.90
2/15/2024 12:00,"22,701,896.80","382,216.60",444468,53.80
2/15/2024 13:00,"23,884,388.40","407,662.00",444468,53.80
2/15/2024 14:00,"25,510,366.10","457,627.00",444474,53.80
2/15/2024 15:00,"26,068,650.70","510,771.90",444444,53.90
2/15/2024 16:00,"26,057,236.40","542,364.70",444474,54.10
2/15/2024 17:00,"25,507,583.00","547,459.00",444468,54.10
2/15/2024 18:00,"22,713,747.70","450,347.50",444444,54.10
2/15/2024 19:00,"19,202,199.30","326,721.10",444468,54.10
2/15/2024 20:00,"16,399,962.20","260,017.80",444444,54.10
2/15/2024 21:00,"14,008,354.90","211,077.00",444468,54.10
2/15/2024 22:00,"10,825,652.60","161,850.10",444462,54.10
2/15/2024 23:00,"7,598,150.10","113,699.70",444192,54.20
2/16/2024 0:00,"5,219,711.10","78,339.00",444313,54.30
2/16/2024 1:00,"3,905,280.10","59,041.00",444492,54.10
2/16/2024 2:00,"3,690,655.80","55,995.40",444540,53.60
2/16/2024 3:00,"4,517,582.60","68,202.40",444540,53.50
2/16/2024 4:00,"7,849,494.80","117,082.20",444490,53.40
2/16/2024 5:00,"14,139,935.40","211,214.60",444534,53.30
2/16/2024 6:00,"19,739,086.60","323,749.30",444534,53.30
2/16/2024 7:00,"23,905,879.80","409,743.90",444540,53.30
2/16/2024 8:00,"23,786,034.70","409,214.20",444534,53.60
2/16/2024 9:00,"22,830,026.50","386,172.50",444427,54.20
2/16/2024 10:00,"23,286,881.40","395,256.30",444474,54.20
2/16/2024 11:00,"24,311,583.20","416,077.40",444474,54.10
2/16/2024 12:00,"25,124,403.40","437,792.70",444438,54.10
2/16/2024 13:00,"25,876,013.00","465,508.10",444456,54.00
2/16/2024 14:00,"26,782,775.50","510,133.50",444456,54.10
2/16/2024 15:00,"26,939,264.40","545,688.40",444474,54.10
2/16/2024 16:00,"26,695,779.70","549,303.80",444474,54.10
2/16/2024 17:00,"26,260,541.00","531,045.60",444468,54.10
2/16/2024 18:00,"23,921,757.30","447,600.70",444398,54.10
2/16/2024 19:00,"20,947,405.70","354,169.40",444437,54.10
2/16/2024 20:00,"18,124,096.10","289,010.80",444480,54.10
2/16/2024 21:00,"16,062,760.70","243,187.30",444468,54.10
2/16/2024 22:00,"13,173,313.80","196,143.30",444444,54.10
2/16/2024 23:00,"9,734,909.30","145,150.40",444474,54.10
2/17/2024 0:00,"6,729,036.50","100,843.20",444287,54.80
2/17/2024 1:00,"4,892,181.70","73,443.70",444408,54.80
2/17/2024 2:00,"4,175,302.30","62,896.90",444389,54.80
2/17/2024 3:00,"3,871,350.50","58,438.10",444414,54.60
2/17/2024 4:00,"4,729,679.20","71,033.40",444186,54.60
2/17/2024 5:00,"7,060,963.80","105,485.20",444408,54.50
2/17/2024 6:00,"10,773,713.20","162,806.30",444414,54.50
2/17/2024 7:00,"14,685,049.60","225,521.30",444337,54.40
2/17/2024 8:00,"18,559,534.00","287,361.00",444379,54.50
2/17/2024 9:00,"21,883,883.60","344,988.10",444350,54.50
2/17/2024 10:00,"23,820,822.40","385,985.60",444372,54.60
2/17/2024 11:00,"24,707,106.60","412,643.70",444378,54.60
2/17/2024 12:00,"25,080,676.60","429,632.20",444397,54.60
2/17/2024 13:00,"24,921,908.50","427,987.80",444378,54.50
2/17/2024 14:00,"24,872,472.60","430,844.60",444328,54.50
2/17/2024 15:00,"24,563,174.80","428,286.00",444342,54.50
2/17/2024 16:00,"24,103,968.20","419,380.30",444379,54.50
2/17/2024 17:00,"23,088,258.70","400,606.40",444352,54.50
2/17/2024 18:00,"21,023,730.70","361,600.80",444354,54.50
2/17/2024 19:00,"18,092,279.90","293,260.90",444324,54.50
2/17/2024 20:00,"15,887,904.60","248,330.20",444373,54.50
2/17/2024 21:00,"14,663,766.70","221,406.70",444372,54.50
2/17/2024 22:00,"13,242,383.70","199,136.50",444408,54.50
2/17/2024 23:00,"10,131,029.30","151,489.90",444162,54.50
2/18/2024 0:00,"6,944,175.70","103,867.20",444266,54.70
2/18/2024 1:00,"4,876,116.50","73,320.60",444408,54.70
2/18/2024 2:00,"3,971,070.80","59,933.80",444414,54.70
2/18/2024 3:00,"3,329,262.80","50,518.70",444408,54.70
2/18/2024 4:00,"3,458,539.80","52,320.70",444224,54.70
2/18/2024 5:00,"4,679,990.30","70,274.00",444162,54.60
2/18/2024 6:00,"6,923,679.10","103,595.90",444066,54.50
2/18/2024 7:00,"9,456,641.60","141,298.10",444041,54.50
2/18/2024 8:00,"12,934,372.60","194,653.30",444107,54.70
2/18/2024 9:00,"17,386,272.70","264,804.60",444147,54.70
2/18/2024 10:00,"20,873,171.10","322,944.10",444102,54.60
2/18/2024 11:00,"22,837,434.50","360,980.50",444036,54.60
2/18/2024 12:00,"23,909,260.40","384,405.10",444051,54.70
2/18/2024 13:00,"24,384,721.10","397,583.70",444107,54.60
2/18/2024 14:00,"24,150,595.80","396,233.50",444087,54.60
2/18/2024 15:00,"23,640,336.60","387,386.30",444152,54.60
2/18/2024 16:00,"22,857,257.30","370,363.60",444306,54.70
2/18/2024 17:00,"21,675,916.40","350,873.10",444402,54.70
2/18/2024 18:00,"19,890,325.40","324,815.00",444397,54.70
2/18/2024 19:00,"17,646,829.20","282,888.10",444432,54.70
2/18/2024 20:00,"15,572,915.70","246,361.90",444391,54.70
2/18/2024 21:00,"13,401,965.30","203,856.30",444426,54.70
2/18/2024 22:00,"10,487,673.10","158,669.20",444376,54.70
2/18/2024 23:00,"7,370,331.60","111,157.60",444174,54.70
2/19/2024 0:00,"5,011,056.90","75,163.50",444372,53.70
2/19/2024 1:00,"3,651,778.80","54,978.50",444402,53.70
2/19/2024 2:00,"3,313,820.40","50,057.80",444420,53.70
2/19/2024 3:00,"3,881,557.40","58,728.00",444426,53.60
2/19/2024 4:00,"6,412,435.40","95,900.40",444386,53.50
2/19/2024 5:00,"10,973,677.20","162,909.50",444309,53.40
2/19/2024 6:00,"15,094,104.00","239,504.00",444337,53.40
2/19/2024 7:00,"17,818,647.20","293,929.70",444274,53.40
2/19/2024 8:00,"18,436,214.40","308,595.00",444147,53.60
2/19/2024 9:00,"19,309,711.10","320,540.00",444223,53.50
2/19/2024 10:00,"20,821,531.50","345,715.50",444151,53.60
2/19/2024 11:00,"22,093,753.60","368,412.80",444101,53.60
2/19/2024 12:00,"22,779,621.80","383,641.70",444091,53.40
2/19/2024 13:00,"23,352,054.10","395,273.30",444041,53.40
2/19/2024 14:00,"24,145,304.70","413,743.90",444081,53.50
2/19/2024 15:00,"24,222,986.10","423,027.00",444036,53.40
2/19/2024 16:00,"23,682,648.40","413,573.90",443825,53.50
2/19/2024 17:00,"22,698,562.90","393,618.50",444081,53.50
2/19/2024 18:00,"19,796,959.50","327,847.50",444016,53.40
2/19/2024 19:00,"16,468,931.10","258,061.10",444021,53.40
2/19/2024 20:00,"13,858,906.30","212,735.90",444031,53.40
2/19/2024 21:00,"11,694,413.90","174,949.60",444021,53.30
2/19/2024 22:00,"9,014,500.30","135,366.50",444106,53.30
2/19/2024 23:00,"6,336,281.20","95,394.10",443799,53.30
2/20/2024 0:00,"4,392,218.30","66,156.80",444061,54.10
2/20/2024 1:00,"3,429,311.90","52,105.90",444016,54.10
2/20/2024 2:00,"3,322,685.40","50,596.60",444111,54.10
2/20/2024 3:00,"4,336,244.60","65,593.50",444041,54.00
2/20/2024 4:00,"7,748,867.80","117,694.20",444071,54.00
2/20/2024 5:00,"14,043,067.30","215,016.40",444046,53.90
2/20/2024 6:00,"19,413,446.90","332,390.40",444051,53.80
2/20/2024 7:00,"23,220,851.60","436,708.40",444072,53.90
2/20/2024 8:00,"22,361,438.00","437,379.70",444036,53.90
2/20/2024 9:00,"20,605,862.20","376,137.60",443859,54.00
2/20/2024 10:00,"19,911,214.60","346,644.10",444118,53.90
2/20/2024 11:00,"20,357,733.70","346,830.20",444077,48.40
2/20/2024 12:00,"21,074,389.70","360,951.30",443784,54.00
2/20/2024 13:00,"21,913,053.40","379,603.10",444076,54.00
2/20/2024 14:00,"23,448,224.40","422,343.60",444051,51.60
2/20/2024 15:00,"24,258,341.00","466,001.50",443855,53.90
2/20/2024 16:00,"24,338,236.50","482,810.50",444147,53.80
2/20/2024 17:00,"23,769,903.40","473,361.70",444056,53.80
2/20/2024 18:00,"20,325,453.10","369,590.20",444076,53.80
2/20/2024 19:00,"16,326,954.80","265,482.50",444016,53.80
2/20/2024 20:00,"13,483,763.30","209,027.50",444041,53.70
2/20/2024 21:00,"11,464,094.70","173,263.50",444021,53.80
2/20/2024 22:00,"9,017,103.20","136,320.90",444051,53.80
2/20/2024 23:00,"6,376,212.60","96,838.60",443834,53.80
2/21/2024 0:00,"4,431,136.90","67,170.00",444036,54.00
2/21/2024 1:00,"3,402,249.30","51,877.50",444021,54.00
2/21/2024 2:00,"3,302,802.50","50,507.20",444041,54.00
2/21/2024 3:00,"4,319,622.40","66,112.90",444016,53.90
2/21/2024 4:00,"7,935,816.90","122,003.20",444101,53.90
2/21/2024 5:00,"14,506,339.50","224,101.50",444046,53.80
2/21/2024 6:00,"20,255,020.80","347,778.40",444091,53.70
2/21/2024 7:00,"24,256,310.00","453,793.00",444101,53.70
2/21/2024 8:00,"23,616,671.50","456,774.00",444081,53.80
2/21/2024 9:00,"21,812,115.10","391,959.40",444056,53.80
2/21/2024 10:00,"21,276,758.20","362,527.90",444051,53.80
2/21/2024 11:00,"21,490,798.60","357,986.30",444076,53.80
2/21/2024 12:00,"22,343,274.40","370,697.80",444101,53.80
2/21/2024 13:00,"23,269,177.60","388,727.70",444046,53.80
2/21/2024 14:00,"24,823,508.90","431,428.80",444031,53.90
2/21/2024 15:00,"25,652,536.90","478,361.40",444086,53.80
2/21/2024 16:00,"25,686,749.10","500,411.00",444061,53.80
2/21/2024 17:00,"25,082,768.10","505,957.20",444092,53.90
2/21/2024 18:00,"21,926,152.10","408,922.60",444046,53.80
2/21/2024 19:00,"17,873,574.50","293,868.80",444081,53.90
2/21/2024 20:00,"14,932,113.50","231,884.00",444091,53.90
2/21/2024 21:00,"12,628,527.20","189,284.30",444066,53.90
2/21/2024 22:00,"9,778,605.80","146,500.20",444056,53.90
2/21/2024 23:00,"6,793,029.60","102,067.00",443800,53.90
2/22/2024 0:00,"4,561,932.80","68,823.50",444064,52.10
2/22/2024 1:00,"3,168,757.90","48,151.10",444137,46.40
2/22/2024 2:00,"3,200,420.90","48,655.30",444182,48.20
2/22/2024 3:00,"4,455,716.70","67,258.40",444056,52.90
2/22/2024 4:00,"8,202,728.10","122,360.20",444071,52.90
2/22/2024 5:00,"15,043,850.60","225,771.50",444071,52.90
2/22/2024 6:00,"20,717,077.00","349,867.60",444081,52.80
2/22/2024 7:00,"24,520,905.60","457,151.80",444086,53.00
2/22/2024 8:00,"23,957,047.70","467,293.00",444061,53.00
2/22/2024 9:00,"22,375,461.50","409,671.00",444086,53.00
2/22/2024 10:00,"21,955,296.10","382,111.90",444081,53.00
2/22/2024 11:00,"22,282,605.70","378,794.20",444051,53.10
2/22/2024 12:00,"22,898,804.10","386,560.60",444101,53.10
2/22/2024 13:00,"23,788,889.80","407,578.00",444076,53.00
2/22/2024 14:00,"25,459,854.20","459,139.80",444081,53.00
2/22/2024 15:00,"26,118,104.80","511,875.00",444092,53.10
2/22/2024 16:00,"25,950,425.80","542,107.80",444076,53.10
2/22/2024 17:00,"25,500,410.80","549,595.80",444137,53.10
2/22/2024 18:00,"22,839,300.80","450,817.30",443853,50.40
2/22/2024 19:00,"19,096,167.00","325,134.50",444086,52.20
2/22/2024 20:00,"16,059,978.70","253,650.40",444067,53.00
2/22/2024 21:00,"13,787,132.90","207,998.00",444061,53.10
2/22/2024 22:00,"10,818,787.40","161,769.00",444066,53.10
2/22/2024 23:00,"7,512,227.20","112,599.30",443829,53.20
2/23/2024 0:00,"5,156,070.50","77,577.10",444111,53.30
2/23/2024 1:00,"3,908,567.20","59,165.80",444011,53.30
2/23/2024 2:00,"3,654,963.50","55,464.20",444136,53.30
2/23/2024 3:00,"4,495,188.30","68,063.40",444116,53.20
2/23/2024 4:00,"7,862,835.50","117,576.00",444066,53.10
2/23/2024 5:00,"14,261,912.20","213,674.40",444076,53.00
2/23/2024 6:00,"19,909,861.40","327,301.90",444051,53.00
2/23/2024 7:00,"24,012,645.70","415,738.50",444076,53.10
2/23/2024 8:00,"23,708,904.20","414,288.70",444121,53.20
2/23/2024 9:00,"22,401,229.20","380,580.50",444061,53.20
2/23/2024 10:00,"22,797,035.80","386,184.40",444147,53.20
2/23/2024 11:00,"23,777,727.80","404,128.70",444051,53.20
2/23/2024 12:00,"24,734,243.20","426,531.00",444096,53.20
2/23/2024 13:00,"25,526,646.70","455,135.90",444096,53.20
2/23/2024 14:00,"26,613,202.10","501,233.60",444136,53.20
2/23/2024 15:00,"26,773,569.00","539,995.70",444071,53.10
2/23/2024 16:00,"26,561,402.90","545,302.40",444071,53.10
2/23/2024 17:00,"26,219,943.20","526,975.70",444097,53.20
2/23/2024 18:00,"23,885,095.60","443,259.20",444126,53.10
2/23/2024 19:00,"20,628,116.50","343,387.70",444121,53.10
2/23/2024 20:00,"17,819,967.30","279,105.50",444106,53.10
2/23/2024 21:00,"15,763,480.20","237,861.50",444116,53.10
2/23/2024 22:00,"13,124,311.80","196,861.90",444091,53.10
2/23/2024 23:00,"9,589,356.90","143,856.00",443779,53.10
2/24/2024 0:00,"6,632,532.10","99,307.20",444051,53.30
2/24/2024 1:00,"4,862,923.20","73,273.70",444101,53.30
2/24/2024 2:00,"4,173,276.80","63,018.60",444131,53.30
2/24/2024 3:00,"3,857,874.30","58,346.60",444041,53.30
2/24/2024 4:00,"4,776,534.70","71,888.90",444126,53.30
2/24/2024 5:00,"7,332,182.30","109,640.70",444133,53.20
2/24/2024 6:00,"11,366,498.50","171,683.90",444150,53.10
2/24/2024 7:00,"15,519,968.20","237,571.80",444087,53.20
2/24/2024 8:00,"19,200,609.10","297,307.70",444152,53.30
2/24/2024 9:00,"22,302,619.30","351,602.00",444091,53.30
2/24/2024 10:00,"24,165,488.90","394,578.10",444106,53.30
2/24/2024 11:00,"25,215,558.40","423,705.10",444081,53.30
2/24/2024 12:00,"25,493,199.60","438,756.80",444106,53.30
2/24/2024 13:00,"25,511,144.80","444,446.70",444106,53.30
2/24/2024 14:00,"25,564,994.00","446,347.50",444081,53.30
2/24/2024 15:00,"25,467,711.20","447,576.10",444081,53.30
2/24/2024 16:00,"25,091,445.40","440,464.10",444046,53.30
2/24/2024 17:00,"24,355,497.40","424,979.10",444051,53.30
2/24/2024 18:00,"22,670,975.40","388,410.30",443769,53.30
2/24/2024 19:00,"19,788,106.60","318,005.70",444106,53.20
2/24/2024 20:00,"17,234,329.90","265,349.80",444076,53.20
2/24/2024 21:00,"15,714,777.40","234,301.60",444036,53.20
2/24/2024 22:00,"13,915,390.90","207,045.10",444081,53.20
2/24/2024 23:00,"10,560,020.30","156,921.80",443849,53.20
2/25/2024 0:00,"7,288,503.20","108,582.10",444051,53.50
2/25/2024 1:00,"5,107,239.60","76,308.30",443829,53.50
2/25/2024 2:00,"4,087,471.20","61,198.60",444041,53.50
2/25/2024 3:00,"3,329,360.50","50,072.60",444046,53.40
2/25/2024 4:00,"3,480,618.70","52,242.90",444036,53.40
2/25/2024 5:00,"4,820,099.80","72,083.30",444056,53.30
2/25/2024 6:00,"7,347,151.40","109,507.50",444091,53.20
2/25/2024 7:00,"10,028,284.60","149,704.00",443996,53.30
2/25/2024 8:00,"13,597,754.30","204,401.40",444016,53.40
2/25/2024 9:00,"18,091,818.20","275,726.50",444076,53.40
2/25/2024 10:00,"21,567,971.60","335,288.70",444031,53.40
2/25/2024 11:00,"23,425,641.10","372,327.90",444081,53.40
2/25/2024 12:00,"24,529,349.90","399,357.30",444061,53.40
2/25/2024 13:00,"24,919,100.90","412,894.40",444091,53.40
2/25/2024 14:00,"24,888,347.30","413,867.00",444036,53.40
2/25/2024 15:00,"24,638,156.80","409,370.90",444071,53.40
2/25/2024 16:00,"24,026,918.10","395,880.80",444071,53.40
2/25/2024 17:00,"22,973,657.70","376,647.80",444066,53.40
2/25/2024 18:00,"21,358,218.80","349,239.80",444061,53.30
2/25/2024 19:00,"19,205,862.70","306,138.60",444051,53.30
2/25/2024 20:00,"16,846,407.70","263,992.00",443774,53.30
2/25/2024 21:00,"14,145,427.40","212,349.20",444111,53.30
2/25/2024 22:00,"10,603,657.50","157,803.80",444046,53.30
2/25/2024 23:00,"7,148,214.50","106,595.30",443784,53.30
2/26/2024 0:00,"4,816,229.50","72,161.50",444031,53.50
2/26/2024 1:00,"3,540,437.50","53,397.60",444091,53.60
2/26/2024 2:00,"3,332,988.90","50,414.40",444046,53.60
2/26/2024 3:00,"4,413,716.80","66,450.80",444036,53.50
2/26/2024 4:00,"8,139,598.00","121,764.20",443784,53.40
2/26/2024 5:00,"14,647,819.40","223,795.40",443824,53.30
2/26/2024 6:00,"19,986,879.00","330,159.80",444065,53.20
2/26/2024 7:00,"23,915,274.50","425,236.80",444056,53.30
2/26/2024 8:00,"23,341,109.00","424,690.00",444062,53.40
2/26/2024 9:00,"21,183,861.10","363,987.40",444066,53.30
2/26/2024 10:00,"20,659,584.70","346,702.50",444066,53.30
2/26/2024 11:00,"20,993,483.30","350,160.60",444049,53.20
2/26/2024 12:00,"21,717,306.50","362,298.30",444076,53.30
2/26/2024 13:00,"22,720,265.30","381,293.40",444061,53.30
2/26/2024 14:00,"24,467,639.30","419,044.10",444056,53.30
2/26/2024 15:00,"25,173,057.40","465,549.60",444076,53.20
2/26/2024 16:00,"25,062,223.30","485,124.30",444131,53.40
2/26/2024 17:00,"24,252,747.20","468,414.10",444096,53.30
2/26/2024 18:00,"20,482,580.40","363,305.20",443834,53.20
2/26/2024 19:00,"16,346,299.70","262,830.70",444091,53.10
2/26/2024 20:00,"13,496,510.20","209,093.10",444086,53.20
2/26/2024 21:00,"11,405,920.60","172,063.40",444086,53.20
2/26/2024 22:00,"8,835,463.60","132,619.90",444001,53.20
2/26/2024 23:00,"6,280,835.70","94,601.30",444101,53.20
2/27/2024 0:00,"4,403,500.90","66,648.90",444191,53.70
2/27/2024 1:00,"3,444,065.50","52,532.40",444171,53.70
2/27/2024 2:00,"3,337,447.90","51,077.70",444196,53.70
2/27/2024 3:00,"4,390,470.20","66,628.60",444156,53.70
2/27/2024 4:00,"8,103,046.20","121,465.50",444186,53.50
2/27/2024 5:00,"14,934,684.00","226,206.10",444206,53.50
2/27/2024 6:00,"20,750,094.70","354,736.10",444207,53.50
2/27/2024 7:00,"24,582,207.60","466,257.80",444226,53.60
2/27/2024 8:00,"23,786,862.90","475,941.50",444181,53.60
2/27/2024 9:00,"21,840,452.80","406,409.90",444166,53.50
2/27/2024 10:00,"21,003,924.10","361,634.60",444176,53.50
2/27/2024 11:00,"20,885,279.40","349,471.10",444186,53.40
2/27/2024 12:00,"21,671,762.20","359,399.40",444176,53.40
2/27/2024 13:00,"22,772,813.80","378,745.70",444305,53.30
2/27/2024 14:00,"24,708,917.80","425,522.90",444481,53.30
2/27/2024 15:00,"25,607,654.60","481,193.80",444433,53.30
2/27/2024 16:00,"25,450,388.10","508,800.30",444404,53.40
2/27/2024 17:00,"24,855,706.10","510,343.70",444534,53.40
2/27/2024 18:00,"21,911,082.10","413,871.90",444487,53.30
2/27/2024 19:00,"17,749,327.10","292,036.30",444419,53.30
2/27/2024 20:00,"14,507,484.10","224,833.60",444433,53.40
2/27/2024 21:00,"12,230,929.20","184,126.10",444498,53.40
2/27/2024 22:00,"9,456,417.80","141,590.40",444528,53.50
2/27/2024 23:00,"6,645,219.50","100,184.90",444246,53.50
2/28/2024 0:00,"4,612,956.60","69,505.50",444357,53.30
2/28/2024 1:00,"3,557,481.20","54,154.60",444534,53.30
2/28/2024 2:00,"3,394,647.50","51,726.10",444534,53.30
2/28/2024 3:00,"4,429,187.00","66,935.60",444282,53.20
2/28/2024 4:00,"8,243,993.60","122,924.10",444216,53.10
2/28/2024 5:00,"15,196,946.90","228,797.70",444266,53.10
2/28/2024 6:00,"20,955,593.30","357,786.70",444470,53.00
2/28/2024 7:00,"24,694,923.70","470,533.10",444534,53.20
2/28/2024 8:00,"23,858,330.40","480,093.80",444433,53.20
2/28/2024 9:00,"22,178,960.10","415,918.20",444534,53.20
2/28/2024 10:00,"21,399,617.20","372,397.80",444528,53.20
2/28/2024 11:00,"21,500,876.60","365,119.10",444534,53.10
2/28/2024 12:00,"22,320,357.00","376,200.10",444534,53.10
2/28/2024 13:00,"23,376,258.20","396,550.20",444534,53.00
2/28/2024 14:00,"24,965,683.50","444,066.40",444498,53.00
2/28/2024 15:00,"25,731,220.70","500,156.60",444540,52.90
2/28/2024 16:00,"25,707,766.10","531,891.70",444534,52.90
2/28/2024 17:00,"25,077,950.50","534,910.20",444534,52.90
2/28/2024 18:00,"22,426,328.20","440,149.10",444499,52.90
2/28/2024 19:00,"18,489,059.70","314,948.30",444499,52.80
2/28/2024 20:00,"15,502,795.80","243,790.20",444528,52.90
2/28/2024 21:00,"13,068,016.40","196,181.40",444534,52.80
2/28/2024 22:00,"9,975,398.80","148,989.40",444499,52.80
2/28/2024 23:00,"6,892,019.80","103,700.10",444282,52.90
2/29/2024 0:00,"4,794,486.40","72,317.50",444433,52.90
2/29/2024 1:00,"3,698,496.30","56,370.10",444534,52.90
2/29/2024 2:00,"3,517,415.00","53,696.30",444499,52.90
2/29/2024 3:00,"4,518,871.00","68,422.60",444270,52.70
2/29/2024 4:00,"8,275,166.30","124,156.20",444438,52.70
2/29/2024 5:00,"15,024,640.80","227,427.60",444534,52.70
2/29/2024 6:00,"20,616,758.50","353,189.00",444540,52.70
2/29/2024 7:00,"24,619,273.90","463,259.10",444528,52.70
2/29/2024 8:00,"24,093,331.10","471,702.10",444534,52.80
2/29/2024 9:00,"22,241,998.10","406,999.40",444528,52.90
2/29/2024 10:00,"21,704,724.90","374,965.40",444528,52.90
2/29/2024 11:00,"21,884,795.60","370,764.50",444528,52.90
2/29/2024 12:00,"22,752,844.00","384,145.70",444534,52.90
2/29/2024 13:00,"23,726,037.40","405,764.60",444528,53.00
2/29/2024 14:00,"25,184,008.60","454,478.70",444534,52.90
2/29/2024 15:00,"25,689,664.20","505,036.10",444534,52.90
2/29/2024 16:00,"25,420,661.70","531,732.40",444534,52.90
2/29/2024 17:00,"24,857,051.80","536,390.20",444534,52.80
2/29/2024 18:00,"22,159,873.20","437,500.60",444499,52.80
2/29/2024 19:00,"18,628,287.40","318,867.80",444492,52.70
2/29/2024 20:00,"15,914,186.40","251,970.60",444504,52.70
2/29/2024 21:00,"13,601,269.90","205,347.60",444534,52.70
2/29/2024 22:00,"10,647,254.80","159,477.40",444534,52.80
2/29/2024 23:00,"7,465,900.70","112,173.70",444276,52.80
3/1/2024 0:00,"5,161,330.90","77,783.10",444377,54.30
3/1/2024 1:00,"3,921,087.40","59,531.50",444528,54.30
3/1/2024 2:00,"3,710,920.90","56,302.30",444534,54.20
3/1/2024 3:00,"4,525,061.00","68,388.60",444534,54.20
3/1/2024 4:00,"7,914,116.40","118,680.30",444192,54.00
3/1/2024 5:00,"14,042,181.40","211,256.80",444499,54.00
3/1/2024 6:00,"19,524,310.50","319,774.50",444540,53.90
3/1/2024 7:00,"23,622,104.70","409,463.50",444534,54.00
3/1/2024 8:00,"23,325,952.40","413,780.10",444534,54.10
3/1/2024 9:00,"22,098,333.50","377,599.40",444528,54.10
3/1/2024 10:00,"22,341,028.80","378,167.30",444534,54.10
3/1/2024 11:00,"23,189,023.40","393,176.90",444534,54.10
3/1/2024 12:00,"24,067,839.20","416,073.30",444493,53.40
3/1/2024 13:00,"24,832,304.20","441,585.80",444493,54.10
3/1/2024 14:00,"25,693,897.50","484,773.20",444534,54.10
3/1/2024 15:00,"25,844,886.80","518,062.40",444528,54.10
3/1/2024 16:00,"25,583,318.70","517,512.90",444534,54.10
3/1/2024 17:00,"25,140,005.60","502,048.10",444534,54.10
3/1/2024 18:00,"22,657,446.30","419,157.40",444498,54.10
3/1/2024 19:00,"19,714,787.90","330,992.60",444352,54.10
3/1/2024 20:00,"16,882,721.20","268,757.40",444534,54.10
3/1/2024 21:00,"14,764,125.30","225,885.50",444475,54.10
3/1/2024 22:00,"12,396,400.20","188,025.30",444528,54.10
3/1/2024 23:00,"9,272,376.00","140,542.90",444282,54.10
3/2/2024 0:00,"6,563,003.00","99,401.20",444422,54.20
3/2/2024 1:00,"4,880,753.10","74,225.50",444528,54.20
3/2/2024 2:00,"4,120,153.00","62,655.30",444534,54.20
3/2/2024 3:00,"3,735,258.80","56,836.50",444528,54.10
3/2/2024 4:00,"4,505,630.80","68,512.70",444252,54.10
3/2/2024 5:00,"6,580,276.90","99,927.10",444499,54.00
3/2/2024 6:00,"10,054,569.90","154,086.80",444528,53.90
3/2/2024 7:00,"13,780,006.20","214,542.70",444534,54.00
3/2/2024 8:00,"17,294,871.60","270,323.90",444534,54.10
3/2/2024 9:00,"20,201,676.00","319,979.80",444534,54.10
3/2/2024 10:00,"22,107,189.00","359,197.60",444552,54.10
3/2/2024 11:00,"23,301,867.40","385,896.30",444528,54.10
3/2/2024 12:00,"23,740,574.00","397,713.80",444534,54.10
3/2/2024 13:00,"23,844,725.60","403,812.10",444528,54.00
3/2/2024 14:00,"23,752,501.20","406,015.50",444534,54.10
3/2/2024 15:00,"23,579,220.20","399,947.90",444528,54.10
3/2/2024 16:00,"23,154,210.90","388,307.60",444534,54.00
3/2/2024 17:00,"22,364,059.00","369,205.00",444534,54.00
3/2/2024 18:00,"20,365,672.80","331,443.90",444498,54.00
3/2/2024 19:00,"17,567,816.80","275,001.90",444473,54.00
3/2/2024 20:00,"15,446,630.40","237,240.90",444504,54.00
3/2/2024 21:00,"14,353,853.80","215,771.30",444499,54.00
3/2/2024 22:00,"12,671,873.00","190,276.90",444528,54.00
3/2/2024 23:00,"9,785,351.70","146,969.00",444288,54.10
3/3/2024 0:00,"6,940,855.50","104,026.40",444427,54.10
3/3/2024 1:00,"4,888,206.90","73,410.50",444534,54.10
3/3/2024 2:00,"3,928,176.40","59,082.70",444534,54.10
3/3/2024 3:00,"3,206,814.20","48,367.10",444534,54.10
3/3/2024 4:00,"3,410,316.60","51,367.40",444403,54.10
3/3/2024 5:00,"4,666,655.50","70,027.00",444273,54.00
3/3/2024 6:00,"7,067,915.80","105,817.70",444288,54.00
3/3/2024 7:00,"9,537,066.30","143,495.40",444499,54.10
3/3/2024 8:00,"12,954,653.60","196,756.30",444469,54.00
3/3/2024 9:00,"17,299,802.90","265,945.00",444136,54.00
3/3/2024 10:00,"20,720,479.00","324,385.40",443939,54.00
3/3/2024 11:00,"22,567,216.60","360,258.00",444186,53.90
3/3/2024 12:00,"23,730,219.20","386,169.00",443959,54.00
3/3/2024 13:00,"24,226,699.20","398,690.90",444176,54.00
3/3/2024 14:00,"24,170,107.00","400,991.30",444222,54.00
3/3/2024 15:00,"23,767,314.00","393,914.90",444266,54.00
3/3/2024 16:00,"23,164,579.70","375,963.10",444316,54.00
3/3/2024 17:00,"22,062,322.40","352,520.20",444463,54.00
3/3/2024 18:00,"20,321,665.60","324,360.60",444398,53.90
3/3/2024 19:00,"18,296,104.80","288,350.80",444438,54.00
3/3/2024 20:00,"16,168,398.60","252,909.60",444570,54.00
3/3/2024 21:00,"13,552,406.50","203,797.40",444564,54.00
3/3/2024 22:00,"10,315,829.30","154,250.80",444570,53.90
3/3/2024 23:00,"7,061,959.30","105,957.50",444306,54.00
3/4/2024 0:00,"4,808,038.00","72,339.90",444582,53.80
3/4/2024 1:00,"3,525,013.00","53,408.20",444570,53.80
3/4/2024 2:00,"3,298,683.90","50,118.00",444576,53.70
3/4/2024 3:00,"4,367,823.80","66,072.10",444570,53.60
3/4/2024 4:00,"8,144,542.60","122,845.80",444570,53.50
3/4/2024 5:00,"14,668,373.60","225,652.70",444245,53.50
3/4/2024 6:00,"20,040,040.80","336,064.00",444478,53.50
3/4/2024 7:00,"23,831,503.40","432,996.90",444469,53.70
3/4/2024 8:00,"23,022,293.60","432,071.90",444267,53.70
3/4/2024 9:00,"21,312,936.60","377,264.10",444397,53.70
3/4/2024 10:00,"21,059,037.70","358,461.30",444195,53.80
3/4/2024 11:00,"21,364,833.10","356,724.70",443953,53.80
3/4/2024 12:00,"22,090,251.70","368,130.80",444230,53.70
3/4/2024 13:00,"23,043,335.40","385,060.90",444161,53.70
3/4/2024 14:00,"24,808,009.50","424,721.40",444040,53.80
3/4/2024 15:00,"25,753,710.50","468,392.20",444261,53.80
3/4/2024 16:00,"25,695,025.90","485,122.40",444156,53.70
3/4/2024 17:00,"25,026,742.70","470,567.50",444186,53.70
3/4/2024 18:00,"21,195,883.10","368,108.00",444211,53.70
3/4/2024 19:00,"16,908,184.50","267,840.40",444211,53.70
3/4/2024 20:00,"13,738,331.90","212,333.50",444201,53.70
3/4/2024 21:00,"11,605,950.40","174,859.80",444226,53.70
3/4/2024 22:00,"9,028,531.60","135,576.60",444221,53.80
3/4/2024 23:00,"6,429,905.50","96,962.80",443929,53.80
3/5/2024 0:00,"4,474,859.30","67,700.30",444196,54.00
3/5/2024 1:00,"3,488,306.10","53,345.50",444146,54.00
3/5/2024 2:00,"3,380,038.00","51,773.10",444211,53.90
3/5/2024 3:00,"4,427,220.80","67,099.00",444206,53.90
3/5/2024 4:00,"8,219,967.00","122,865.90",443894,53.80
3/5/2024 5:00,"15,080,334.20","226,341.30",444201,53.70
3/5/2024 6:00,"20,824,197.70","355,049.10",444136,53.60
3/5/2024 7:00,"24,574,818.10","465,654.80",444242,53.70
3/5/2024 8:00,"23,818,973.10","471,037.00",444181,53.80
3/5/2024 9:00,"21,783,282.20","401,730.30",443980,53.90
3/5/2024 10:00,"20,988,185.00","362,624.90",444220,53.90
3/5/2024 11:00,"21,066,353.00","355,436.00",444141,53.90
3/5/2024 12:00,"21,788,066.10","363,232.30",443919,53.90
3/5/2024 13:00,"22,873,486.00","382,510.10",444202,53.90
3/5/2024 14:00,"24,759,664.30","431,269.10",444207,53.80
3/5/2024 15:00,"25,612,118.60","487,198.00",444181,53.80
3/5/2024 16:00,"25,565,638.20","517,598.00",444236,53.80
3/5/2024 17:00,"25,037,303.80","513,002.40",444211,53.80
3/5/2024 18:00,"21,887,462.30","410,230.50",443954,53.80
3/5/2024 19:00,"17,727,061.60","291,124.00",444216,53.80
3/5/2024 20:00,"14,555,797.20","225,191.70",444221,53.80
3/5/2024 21:00,"12,237,762.20","183,498.30",444161,53.80
3/5/2024 22:00,"9,456,232.50","141,778.90",444166,53.80
3/5/2024 23:00,"6,668,650.70","100,539.20",443919,53.80
3/6/2024 0:00,"4,703,501.40","70,876.60",444146,54.20
3/6/2024 1:00,"3,632,832.00","55,140.50",444186,54.20
3/6/2024 2:00,"3,476,353.40","52,920.50",444166,54.10
3/6/2024 3:00,"4,438,971.20","67,085.50",443964,54.10
3/6/2024 4:00,"8,248,355.20","123,049.40",444222,53.90
3/6/2024 5:00,"15,152,563.20","226,968.00",444176,53.90
3/6/2024 6:00,"20,840,729.30","354,593.80",443949,54.00
3/6/2024 7:00,"24,603,494.50","463,279.80",443975,54.10
3/6/2024 8:00,"23,952,196.60","470,345.10",443974,54.20
3/6/2024 9:00,"22,128,475.50","404,745.40",444146,53.00
3/6/2024 10:00,"21,287,942.90","362,457.50",443929,49.30
3/6/2024 11:00,"21,408,220.30","356,661.70",444176,49.30
